[2026-07-03 13:43:02] production.ERROR: The D:\caleb\api\safevoice-api\bootstrap\cache directory must be present and writable. {"exception":"[object] (Exception(code: 0): The D:\\caleb\\api\\safevoice-api\\bootstrap\\cache directory must be present and writable. at D:/caleb/api/safevoice-api/vendor/laravel/framework/src/Illuminate/Foundation/PackageManifest.php:179)
[stacktrace]
#0 D:/caleb/api/safevoice-api/vendor/laravel/framework/src/Illuminate/Foundation/PackageManifest.php(132): Illuminate/Foundation/PackageManifest->write(Array)
#1 D:/caleb/api/safevoice-api/vendor/laravel/framework/src/Illuminate/Foundation/PackageManifest.php(108): Illuminate/Foundation/PackageManifest->build()
#2 D:/caleb/api/safevoice-api/vendor/laravel/framework/src/Illuminate/Foundation/PackageManifest.php(90): Illuminate/Foundation/PackageManifest->getManifest()
#3 D:/caleb/api/safevoice-api/vendor/laravel/framework/src/Illuminate/Foundation/PackageManifest.php(79): Illuminate/Foundation/PackageManifest->config('aliases')
#4 D:/caleb/api/safevoice-api/vendor/laravel/framework/src/Illuminate/Foundation/Bootstrap/RegisterFacades.php(26): Illuminate/Foundation/PackageManifest->aliases()
#5 D:/caleb/api/safevoice-api/vendor/laravel/framework/src/Illuminate/Foundation/Application.php(342): Illuminate/Foundation/Bootstrap/RegisterFacades->bootstrap(Object(Illuminate/Foundation/Application))
#6 D:/caleb/api/safevoice-api/vendor/laravel/framework/src/Illuminate/Foundation/Console/Kernel.php(494): Illuminate/Foundation/Application->bootstrapWith(Array)
#7 D:/caleb/api/safevoice-api/vendor/laravel/framework/src/Illuminate/Foundation/Console/Kernel.php(196): Illuminate/Foundation/Console/Kernel->bootstrap()
#8 D:/caleb/api/safevoice-api/vendor/laravel/framework/src/Illuminate/Foundation/Application.php(1235): Illuminate/Foundation/Console/Kernel->handle(Object(Symfony/Component/Console/Input/ArgvInput), Object(Symfony/Component/Console/Output/ConsoleOutput))
#9 D:/caleb/api/safevoice-api/artisan(12): Illuminate/Foundation/Application->handleCommand(Object(Symfony/Component/Console/Input/ArgvInput))
#10 {main}
"} 
[2026-07-03 13:43:03] production.ERROR: __VSCODE_LARAVEL_STARTUP_ERROR__: The D:\caleb\api\safevoice-api\bootstrap\cache directory must be present and writable. {"exception":"[object] (Error(code: 0): __VSCODE_LARAVEL_STARTUP_ERROR__: The D:\\caleb\\api\\safevoice-api\\bootstrap\\cache directory must be present and writable. at D:/caleb/api/safevoice-api/vendor/_laravel_ide/discover-5c3cbe5e47b16e6c5fd1967f09c399da.php:33)
[stacktrace]
#0 D:/caleb/api/safevoice-api/vendor/_laravel_ide/discover-5c3cbe5e47b16e6c5fd1967f09c399da.php(62): LaravelVsCode::startupError(Object(Exception))
#1 {main}
"} 
[2026-07-03 13:43:03] production.ERROR: __VSCODE_LARAVEL_STARTUP_ERROR__: The D:\caleb\api\safevoice-api\bootstrap\cache directory must be present and writable. {"exception":"[object] (Error(code: 0): __VSCODE_LARAVEL_STARTUP_ERROR__: The D:\\caleb\\api\\safevoice-api\\bootstrap\\cache directory must be present and writable. at D:/caleb/api/safevoice-api/vendor/_laravel_ide/discover-ec2e9975ebf5755f76a162b3dce99361.php:33)
[stacktrace]
#0 D:/caleb/api/safevoice-api/vendor/_laravel_ide/discover-ec2e9975ebf5755f76a162b3dce99361.php(62): LaravelVsCode::startupError(Object(Exception))
#1 {main}
"} 
[2026-07-03 13:43:03] production.ERROR: __VSCODE_LARAVEL_STARTUP_ERROR__: The D:\caleb\api\safevoice-api\bootstrap\cache directory must be present and writable. {"exception":"[object] (Error(code: 0): __VSCODE_LARAVEL_STARTUP_ERROR__: The D:\\caleb\\api\\safevoice-api\\bootstrap\\cache directory must be present and writable. at D:/caleb/api/safevoice-api/vendor/_laravel_ide/discover-43419e1773d5590e98dcbfc1b7903297.php:33)
[stacktrace]
#0 D:/caleb/api/safevoice-api/vendor/_laravel_ide/discover-43419e1773d5590e98dcbfc1b7903297.php(62): LaravelVsCode::startupError(Object(Exception))
#1 {main}
"} 
[2026-07-03 13:43:03] production.ERROR: __VSCODE_LARAVEL_STARTUP_ERROR__: The D:\caleb\api\safevoice-api\bootstrap\cache directory must be present and writable. {"exception":"[object] (Error(code: 0): __VSCODE_LARAVEL_STARTUP_ERROR__: The D:\\caleb\\api\\safevoice-api\\bootstrap\\cache directory must be present and writable. at D:/caleb/api/safevoice-api/vendor/_laravel_ide/discover-31b934f114eabc246b541addb8b458e3.php:33)
[stacktrace]
#0 D:/caleb/api/safevoice-api/vendor/_laravel_ide/discover-31b934f114eabc246b541addb8b458e3.php(62): LaravelVsCode::startupError(Object(Exception))
#1 {main}
"} 
[2026-07-03 13:43:03] production.ERROR: __VSCODE_LARAVEL_STARTUP_ERROR__: The D:\caleb\api\safevoice-api\bootstrap\cache directory must be present and writable. {"exception":"[object] (Error(code: 0): __VSCODE_LARAVEL_STARTUP_ERROR__: The D:\\caleb\\api\\safevoice-api\\bootstrap\\cache directory must be present and writable. at D:/caleb/api/safevoice-api/vendor/_laravel_ide/discover-19804082b122017c46bdac205a3a1912.php:33)
[stacktrace]
#0 D:/caleb/api/safevoice-api/vendor/_laravel_ide/discover-19804082b122017c46bdac205a3a1912.php(62): LaravelVsCode::startupError(Object(Exception))
#1 {main}
"} 
[2026-07-03 13:43:04] production.ERROR: __VSCODE_LARAVEL_STARTUP_ERROR__: The D:\caleb\api\safevoice-api\bootstrap\cache directory must be present and writable. {"exception":"[object] (Error(code: 0): __VSCODE_LARAVEL_STARTUP_ERROR__: The D:\\caleb\\api\\safevoice-api\\bootstrap\\cache directory must be present and writable. at D:/caleb/api/safevoice-api/vendor/_laravel_ide/discover-7563160ca998bde672640aa1e68dfd08.php:33)
[stacktrace]
#0 D:/caleb/api/safevoice-api/vendor/_laravel_ide/discover-7563160ca998bde672640aa1e68dfd08.php(62): LaravelVsCode::startupError(Object(Exception))
#1 {main}
"} 
[2026-07-03 13:43:04] production.ERROR: __VSCODE_LARAVEL_STARTUP_ERROR__: The D:\caleb\api\safevoice-api\bootstrap\cache directory must be present and writable. {"exception":"[object] (Error(code: 0): __VSCODE_LARAVEL_STARTUP_ERROR__: The D:\\caleb\\api\\safevoice-api\\bootstrap\\cache directory must be present and writable. at D:/caleb/api/safevoice-api/vendor/_laravel_ide/discover-6d96201ad95cad12367117063c707ebf.php:33)
[stacktrace]
#0 D:/caleb/api/safevoice-api/vendor/_laravel_ide/discover-6d96201ad95cad12367117063c707ebf.php(62): LaravelVsCode::startupError(Object(Exception))
#1 {main}
"} 
[2026-07-03 13:43:04] production.ERROR: __VSCODE_LARAVEL_STARTUP_ERROR__: The D:\caleb\api\safevoice-api\bootstrap\cache directory must be present and writable. {"exception":"[object] (Error(code: 0): __VSCODE_LARAVEL_STARTUP_ERROR__: The D:\\caleb\\api\\safevoice-api\\bootstrap\\cache directory must be present and writable. at D:/caleb/api/safevoice-api/vendor/_laravel_ide/discover-80bc781b69500326630e3fef7a4fdfeb.php:33)
[stacktrace]
#0 D:/caleb/api/safevoice-api/vendor/_laravel_ide/discover-80bc781b69500326630e3fef7a4fdfeb.php(62): LaravelVsCode::startupError(Object(Exception))
#1 {main}
"} 
[2026-07-03 13:43:04] production.ERROR: __VSCODE_LARAVEL_STARTUP_ERROR__: The D:\caleb\api\safevoice-api\bootstrap\cache directory must be present and writable. {"exception":"[object] (Error(code: 0): __VSCODE_LARAVEL_STARTUP_ERROR__: The D:\\caleb\\api\\safevoice-api\\bootstrap\\cache directory must be present and writable. at D:/caleb/api/safevoice-api/vendor/_laravel_ide/discover-bf37f1dc35944596ec71c910bc1ca84f.php:33)
[stacktrace]
#0 D:/caleb/api/safevoice-api/vendor/_laravel_ide/discover-bf37f1dc35944596ec71c910bc1ca84f.php(62): LaravelVsCode::startupError(Object(Exception))
#1 {main}
"} 
[2026-07-03 13:43:04] production.ERROR: __VSCODE_LARAVEL_STARTUP_ERROR__: The D:\caleb\api\safevoice-api\bootstrap\cache directory must be present and writable. {"exception":"[object] (Error(code: 0): __VSCODE_LARAVEL_STARTUP_ERROR__: The D:\\caleb\\api\\safevoice-api\\bootstrap\\cache directory must be present and writable. at D:/caleb/api/safevoice-api/vendor/_laravel_ide/discover-f5442aeac73a6a9021bd7ce113d6a606.php:33)
[stacktrace]
#0 D:/caleb/api/safevoice-api/vendor/_laravel_ide/discover-f5442aeac73a6a9021bd7ce113d6a606.php(62): LaravelVsCode::startupError(Object(Exception))
#1 {main}
"} 
[2026-07-03 13:43:04] production.ERROR: __VSCODE_LARAVEL_STARTUP_ERROR__: The D:\caleb\api\safevoice-api\bootstrap\cache directory must be present and writable. {"exception":"[object] (Error(code: 0): __VSCODE_LARAVEL_STARTUP_ERROR__: The D:\\caleb\\api\\safevoice-api\\bootstrap\\cache directory must be present and writable. at D:/caleb/api/safevoice-api/vendor/_laravel_ide/discover-4dd8aa2c89a79640c26a5af93ae899b1.php:33)
[stacktrace]
#0 D:/caleb/api/safevoice-api/vendor/_laravel_ide/discover-4dd8aa2c89a79640c26a5af93ae899b1.php(62): LaravelVsCode::startupError(Object(Exception))
#1 {main}
"} 
[2026-07-03 13:43:05] production.ERROR: __VSCODE_LARAVEL_STARTUP_ERROR__: The D:\caleb\api\safevoice-api\bootstrap\cache directory must be present and writable. {"exception":"[object] (Error(code: 0): __VSCODE_LARAVEL_STARTUP_ERROR__: The D:\\caleb\\api\\safevoice-api\\bootstrap\\cache directory must be present and writable. at D:/caleb/api/safevoice-api/vendor/_laravel_ide/discover-80bc781b69500326630e3fef7a4fdfeb.php:33)
[stacktrace]
#0 D:/caleb/api/safevoice-api/vendor/_laravel_ide/discover-80bc781b69500326630e3fef7a4fdfeb.php(62): LaravelVsCode::startupError(Object(Exception))
#1 {main}
"} 
[2026-07-03 13:43:05] production.ERROR: The D:\caleb\api\safevoice-api\bootstrap\cache directory must be present and writable. {"exception":"[object] (Exception(code: 0): The D:\\caleb\\api\\safevoice-api\\bootstrap\\cache directory must be present and writable. at D:/caleb/api/safevoice-api/vendor/laravel/framework/src/Illuminate/Foundation/PackageManifest.php:179)
[stacktrace]
#0 D:/caleb/api/safevoice-api/vendor/laravel/framework/src/Illuminate/Foundation/PackageManifest.php(132): Illuminate/Foundation/PackageManifest->write(Array)
#1 D:/caleb/api/safevoice-api/vendor/laravel/framework/src/Illuminate/Foundation/PackageManifest.php(108): Illuminate/Foundation/PackageManifest->build()
#2 D:/caleb/api/safevoice-api/vendor/laravel/framework/src/Illuminate/Foundation/PackageManifest.php(90): Illuminate/Foundation/PackageManifest->getManifest()
#3 D:/caleb/api/safevoice-api/vendor/laravel/framework/src/Illuminate/Foundation/PackageManifest.php(79): Illuminate/Foundation/PackageManifest->config('aliases')
#4 D:/caleb/api/safevoice-api/vendor/laravel/framework/src/Illuminate/Foundation/Bootstrap/RegisterFacades.php(26): Illuminate/Foundation/PackageManifest->aliases()
#5 D:/caleb/api/safevoice-api/vendor/laravel/framework/src/Illuminate/Foundation/Application.php(342): Illuminate/Foundation/Bootstrap/RegisterFacades->bootstrap(Object(Illuminate/Foundation/Application))
#6 D:/caleb/api/safevoice-api/vendor/laravel/framework/src/Illuminate/Foundation/Console/Kernel.php(494): Illuminate/Foundation/Application->bootstrapWith(Array)
#7 D:/caleb/api/safevoice-api/vendor/laravel/framework/src/Illuminate/Foundation/Console/Kernel.php(196): Illuminate/Foundation/Console/Kernel->bootstrap()
#8 Command line code(1): Illuminate/Foundation/Console/Kernel->handle(Object(Symfony/Component/Console/Input/ArgvInput), Object(Symfony/Component/Console/Output/ConsoleOutput))
#9 {main}
"} 
[2026-07-03 13:43:05] production.ERROR: __VSCODE_LARAVEL_STARTUP_ERROR__: The D:\caleb\api\safevoice-api\bootstrap\cache directory must be present and writable. {"exception":"[object] (Error(code: 0): __VSCODE_LARAVEL_STARTUP_ERROR__: The D:\\caleb\\api\\safevoice-api\\bootstrap\\cache directory must be present and writable. at D:/caleb/api/safevoice-api/vendor/_laravel_ide/discover-5c3cbe5e47b16e6c5fd1967f09c399da.php:33)
[stacktrace]
#0 D:/caleb/api/safevoice-api/vendor/_laravel_ide/discover-5c3cbe5e47b16e6c5fd1967f09c399da.php(62): LaravelVsCode::startupError(Object(Exception))
#1 {main}
"} 
[2026-07-03 13:43:05] production.ERROR: __VSCODE_LARAVEL_STARTUP_ERROR__: The D:\caleb\api\safevoice-api\bootstrap\cache directory must be present and writable. {"exception":"[object] (Error(code: 0): __VSCODE_LARAVEL_STARTUP_ERROR__: The D:\\caleb\\api\\safevoice-api\\bootstrap\\cache directory must be present and writable. at D:/caleb/api/safevoice-api/vendor/_laravel_ide/discover-43419e1773d5590e98dcbfc1b7903297.php:33)
[stacktrace]
#0 D:/caleb/api/safevoice-api/vendor/_laravel_ide/discover-43419e1773d5590e98dcbfc1b7903297.php(62): LaravelVsCode::startupError(Object(Exception))
#1 {main}
"} 
[2026-07-03 13:43:05] production.ERROR: The D:\caleb\api\safevoice-api\bootstrap\cache directory must be present and writable. {"exception":"[object] (Exception(code: 0): The D:\\caleb\\api\\safevoice-api\\bootstrap\\cache directory must be present and writable. at D:/caleb/api/safevoice-api/vendor/laravel/framework/src/Illuminate/Foundation/PackageManifest.php:179)
[stacktrace]
#0 D:/caleb/api/safevoice-api/vendor/laravel/framework/src/Illuminate/Foundation/PackageManifest.php(132): Illuminate/Foundation/PackageManifest->write(Array)
#1 D:/caleb/api/safevoice-api/vendor/laravel/framework/src/Illuminate/Foundation/PackageManifest.php(108): Illuminate/Foundation/PackageManifest->build()
#2 D:/caleb/api/safevoice-api/vendor/laravel/framework/src/Illuminate/Foundation/PackageManifest.php(90): Illuminate/Foundation/PackageManifest->getManifest()
#3 D:/caleb/api/safevoice-api/vendor/laravel/framework/src/Illuminate/Foundation/PackageManifest.php(79): Illuminate/Foundation/PackageManifest->config('aliases')
#4 D:/caleb/api/safevoice-api/vendor/laravel/framework/src/Illuminate/Foundation/Bootstrap/RegisterFacades.php(26): Illuminate/Foundation/PackageManifest->aliases()
#5 D:/caleb/api/safevoice-api/vendor/laravel/framework/src/Illuminate/Foundation/Application.php(342): Illuminate/Foundation/Bootstrap/RegisterFacades->bootstrap(Object(Illuminate/Foundation/Application))
#6 D:/caleb/api/safevoice-api/vendor/laravel/framework/src/Illuminate/Foundation/Console/Kernel.php(494): Illuminate/Foundation/Application->bootstrapWith(Array)
#7 D:/caleb/api/safevoice-api/vendor/laravel/framework/src/Illuminate/Foundation/Console/Kernel.php(196): Illuminate/Foundation/Console/Kernel->bootstrap()
#8 Command line code(1): Illuminate/Foundation/Console/Kernel->handle(Object(Symfony/Component/Console/Input/ArgvInput), Object(Symfony/Component/Console/Output/ConsoleOutput))
#9 {main}
"} 
[2026-07-03 13:43:05] production.ERROR: __VSCODE_LARAVEL_STARTUP_ERROR__: The D:\caleb\api\safevoice-api\bootstrap\cache directory must be present and writable. {"exception":"[object] (Error(code: 0): __VSCODE_LARAVEL_STARTUP_ERROR__: The D:\\caleb\\api\\safevoice-api\\bootstrap\\cache directory must be present and writable. at D:/caleb/api/safevoice-api/vendor/_laravel_ide/discover-6d96201ad95cad12367117063c707ebf.php:33)
[stacktrace]
#0 D:/caleb/api/safevoice-api/vendor/_laravel_ide/discover-6d96201ad95cad12367117063c707ebf.php(62): LaravelVsCode::startupError(Object(Exception))
#1 {main}
"} 
[2026-07-03 13:43:05] production.ERROR: __VSCODE_LARAVEL_STARTUP_ERROR__: The D:\caleb\api\safevoice-api\bootstrap\cache directory must be present and writable. {"exception":"[object] (Error(code: 0): __VSCODE_LARAVEL_STARTUP_ERROR__: The D:\\caleb\\api\\safevoice-api\\bootstrap\\cache directory must be present and writable. at D:/caleb/api/safevoice-api/vendor/_laravel_ide/discover-f5442aeac73a6a9021bd7ce113d6a606.php:33)
[stacktrace]
#0 D:/caleb/api/safevoice-api/vendor/_laravel_ide/discover-f5442aeac73a6a9021bd7ce113d6a606.php(62): LaravelVsCode::startupError(Object(Exception))
#1 {main}
"} 
[2026-07-03 13:43:25] local.ERROR: __VSCODE_LARAVEL_STARTUP_ERROR__: The D:\caleb\api\safevoice-api\bootstrap\cache directory must be present and writable. {"exception":"[object] (Error(code: 0): __VSCODE_LARAVEL_STARTUP_ERROR__: The D:\\caleb\\api\\safevoice-api\\bootstrap\\cache directory must be present and writable. at D:/caleb/api/safevoice-api/vendor/_laravel_ide/discover-6d96201ad95cad12367117063c707ebf.php:33)
[stacktrace]
#0 D:/caleb/api/safevoice-api/vendor/_laravel_ide/discover-6d96201ad95cad12367117063c707ebf.php(62): LaravelVsCode::startupError(Object(Exception))
#1 {main}
"} 
[2026-07-03 13:43:36] local.ERROR: __VSCODE_LARAVEL_STARTUP_ERROR__: The D:\caleb\api\safevoice-api\bootstrap\cache directory must be present and writable. {"exception":"[object] (Error(code: 0): __VSCODE_LARAVEL_STARTUP_ERROR__: The D:\\caleb\\api\\safevoice-api\\bootstrap\\cache directory must be present and writable. at D:/caleb/api/safevoice-api/vendor/_laravel_ide/discover-6d96201ad95cad12367117063c707ebf.php:33)
[stacktrace]
#0 D:/caleb/api/safevoice-api/vendor/_laravel_ide/discover-6d96201ad95cad12367117063c707ebf.php(62): LaravelVsCode::startupError(Object(Exception))
#1 {main}
"} 
[2026-07-03 13:43:39] local.ERROR: __VSCODE_LARAVEL_STARTUP_ERROR__: The D:\caleb\api\safevoice-api\bootstrap\cache directory must be present and writable. {"exception":"[object] (Error(code: 0): __VSCODE_LARAVEL_STARTUP_ERROR__: The D:\\caleb\\api\\safevoice-api\\bootstrap\\cache directory must be present and writable. at D:/caleb/api/safevoice-api/vendor/_laravel_ide/discover-6d96201ad95cad12367117063c707ebf.php:33)
[stacktrace]
#0 D:/caleb/api/safevoice-api/vendor/_laravel_ide/discover-6d96201ad95cad12367117063c707ebf.php(62): LaravelVsCode::startupError(Object(Exception))
#1 {main}
"} 
[2026-07-03 13:44:03] local.ERROR: The D:\caleb\api\safevoice-api\bootstrap\cache directory must be present and writable. {"exception":"[object] (Exception(code: 0): The D:\\caleb\\api\\safevoice-api\\bootstrap\\cache directory must be present and writable. at D:/caleb/api/safevoice-api/vendor/laravel/framework/src/Illuminate/Foundation/PackageManifest.php:179)
[stacktrace]
#0 D:/caleb/api/safevoice-api/vendor/laravel/framework/src/Illuminate/Foundation/PackageManifest.php(132): Illuminate/Foundation/PackageManifest->write(Array)
#1 D:/caleb/api/safevoice-api/vendor/laravel/framework/src/Illuminate/Foundation/PackageManifest.php(108): Illuminate/Foundation/PackageManifest->build()
#2 D:/caleb/api/safevoice-api/vendor/laravel/framework/src/Illuminate/Foundation/PackageManifest.php(90): Illuminate/Foundation/PackageManifest->getManifest()
#3 D:/caleb/api/safevoice-api/vendor/laravel/framework/src/Illuminate/Foundation/PackageManifest.php(79): Illuminate/Foundation/PackageManifest->config('aliases')
#4 D:/caleb/api/safevoice-api/vendor/laravel/framework/src/Illuminate/Foundation/Bootstrap/RegisterFacades.php(26): Illuminate/Foundation/PackageManifest->aliases()
#5 D:/caleb/api/safevoice-api/vendor/laravel/framework/src/Illuminate/Foundation/Application.php(342): Illuminate/Foundation/Bootstrap/RegisterFacades->bootstrap(Object(Illuminate/Foundation/Application))
#6 D:/caleb/api/safevoice-api/vendor/laravel/framework/src/Illuminate/Foundation/Console/Kernel.php(494): Illuminate/Foundation/Application->bootstrapWith(Array)
#7 D:/caleb/api/safevoice-api/vendor/laravel/framework/src/Illuminate/Foundation/Console/Kernel.php(196): Illuminate/Foundation/Console/Kernel->bootstrap()
#8 Command line code(1): Illuminate/Foundation/Console/Kernel->handle(Object(Symfony/Component/Console/Input/ArgvInput), Object(Symfony/Component/Console/Output/ConsoleOutput))
#9 {main}
"} 
[2026-07-03 13:44:03] local.ERROR: The D:\caleb\api\safevoice-api\bootstrap\cache directory must be present and writable. {"exception":"[object] (Exception(code: 0): The D:\\caleb\\api\\safevoice-api\\bootstrap\\cache directory must be present and writable. at D:/caleb/api/safevoice-api/vendor/laravel/framework/src/Illuminate/Foundation/PackageManifest.php:179)
[stacktrace]
#0 D:/caleb/api/safevoice-api/vendor/laravel/framework/src/Illuminate/Foundation/PackageManifest.php(132): Illuminate/Foundation/PackageManifest->write(Array)
#1 D:/caleb/api/safevoice-api/vendor/laravel/framework/src/Illuminate/Foundation/PackageManifest.php(108): Illuminate/Foundation/PackageManifest->build()
#2 D:/caleb/api/safevoice-api/vendor/laravel/framework/src/Illuminate/Foundation/PackageManifest.php(90): Illuminate/Foundation/PackageManifest->getManifest()
#3 D:/caleb/api/safevoice-api/vendor/laravel/framework/src/Illuminate/Foundation/PackageManifest.php(79): Illuminate/Foundation/PackageManifest->config('aliases')
#4 D:/caleb/api/safevoice-api/vendor/laravel/framework/src/Illuminate/Foundation/Bootstrap/RegisterFacades.php(26): Illuminate/Foundation/PackageManifest->aliases()
#5 D:/caleb/api/safevoice-api/vendor/laravel/framework/src/Illuminate/Foundation/Application.php(342): Illuminate/Foundation/Bootstrap/RegisterFacades->bootstrap(Object(Illuminate/Foundation/Application))
#6 D:/caleb/api/safevoice-api/vendor/laravel/framework/src/Illuminate/Foundation/Console/Kernel.php(494): Illuminate/Foundation/Application->bootstrapWith(Array)
#7 D:/caleb/api/safevoice-api/vendor/laravel/framework/src/Illuminate/Foundation/Console/Kernel.php(196): Illuminate/Foundation/Console/Kernel->bootstrap()
#8 Command line code(1): Illuminate/Foundation/Console/Kernel->handle(Object(Symfony/Component/Console/Input/ArgvInput), Object(Symfony/Component/Console/Output/ConsoleOutput))
#9 {main}
"} 
[2026-07-03 13:44:06] local.ERROR: __VSCODE_LARAVEL_STARTUP_ERROR__: The D:\caleb\api\safevoice-api\bootstrap\cache directory must be present and writable. {"exception":"[object] (Error(code: 0): __VSCODE_LARAVEL_STARTUP_ERROR__: The D:\\caleb\\api\\safevoice-api\\bootstrap\\cache directory must be present and writable. at D:/caleb/api/safevoice-api/vendor/_laravel_ide/discover-6d96201ad95cad12367117063c707ebf.php:33)
[stacktrace]
#0 D:/caleb/api/safevoice-api/vendor/_laravel_ide/discover-6d96201ad95cad12367117063c707ebf.php(62): LaravelVsCode::startupError(Object(Exception))
#1 {main}
"} 
[2026-07-03 13:44:08] local.ERROR: __VSCODE_LARAVEL_STARTUP_ERROR__: The D:\caleb\api\safevoice-api\bootstrap\cache directory must be present and writable. {"exception":"[object] (Error(code: 0): __VSCODE_LARAVEL_STARTUP_ERROR__: The D:\\caleb\\api\\safevoice-api\\bootstrap\\cache directory must be present and writable. at D:/caleb/api/safevoice-api/vendor/_laravel_ide/discover-6d96201ad95cad12367117063c707ebf.php:33)
[stacktrace]
#0 D:/caleb/api/safevoice-api/vendor/_laravel_ide/discover-6d96201ad95cad12367117063c707ebf.php(62): LaravelVsCode::startupError(Object(Exception))
#1 {main}
"} 
[2026-07-03 13:44:09] local.ERROR: __VSCODE_LARAVEL_STARTUP_ERROR__: The D:\caleb\api\safevoice-api\bootstrap\cache directory must be present and writable. {"exception":"[object] (Error(code: 0): __VSCODE_LARAVEL_STARTUP_ERROR__: The D:\\caleb\\api\\safevoice-api\\bootstrap\\cache directory must be present and writable. at D:/caleb/api/safevoice-api/vendor/_laravel_ide/discover-6d96201ad95cad12367117063c707ebf.php:33)
[stacktrace]
#0 D:/caleb/api/safevoice-api/vendor/_laravel_ide/discover-6d96201ad95cad12367117063c707ebf.php(62): LaravelVsCode::startupError(Object(Exception))
#1 {main}
"} 
[2026-07-03 13:44:39] local.ERROR: The D:\caleb\api\safevoice-api\bootstrap\cache directory must be present and writable. {"exception":"[object] (Exception(code: 0): The D:\\caleb\\api\\safevoice-api\\bootstrap\\cache directory must be present and writable. at D:/caleb/api/safevoice-api/vendor/laravel/framework/src/Illuminate/Foundation/PackageManifest.php:179)
[stacktrace]
#0 D:/caleb/api/safevoice-api/vendor/laravel/framework/src/Illuminate/Foundation/PackageManifest.php(132): Illuminate/Foundation/PackageManifest->write(Array)
#1 D:/caleb/api/safevoice-api/vendor/laravel/framework/src/Illuminate/Foundation/PackageManifest.php(108): Illuminate/Foundation/PackageManifest->build()
#2 D:/caleb/api/safevoice-api/vendor/laravel/framework/src/Illuminate/Foundation/PackageManifest.php(90): Illuminate/Foundation/PackageManifest->getManifest()
#3 D:/caleb/api/safevoice-api/vendor/laravel/framework/src/Illuminate/Foundation/PackageManifest.php(79): Illuminate/Foundation/PackageManifest->config('aliases')
#4 D:/caleb/api/safevoice-api/vendor/laravel/framework/src/Illuminate/Foundation/Bootstrap/RegisterFacades.php(26): Illuminate/Foundation/PackageManifest->aliases()
#5 D:/caleb/api/safevoice-api/vendor/laravel/framework/src/Illuminate/Foundation/Application.php(342): Illuminate/Foundation/Bootstrap/RegisterFacades->bootstrap(Object(Illuminate/Foundation/Application))
#6 D:/caleb/api/safevoice-api/vendor/laravel/framework/src/Illuminate/Foundation/Console/Kernel.php(494): Illuminate/Foundation/Application->bootstrapWith(Array)
#7 D:/caleb/api/safevoice-api/vendor/laravel/framework/src/Illuminate/Foundation/Console/Kernel.php(196): Illuminate/Foundation/Console/Kernel->bootstrap()
#8 D:/caleb/api/safevoice-api/vendor/laravel/framework/src/Illuminate/Foundation/Application.php(1235): Illuminate/Foundation/Console/Kernel->handle(Object(Symfony/Component/Console/Input/ArgvInput), Object(Symfony/Component/Console/Output/ConsoleOutput))
#9 D:/caleb/api/safevoice-api/artisan(12): Illuminate/Foundation/Application->handleCommand(Object(Symfony/Component/Console/Input/ArgvInput))
#10 {main}
"} 
[2026-07-03 13:44:56] local.ERROR: The D:\caleb\api\safevoice-api\bootstrap\cache directory must be present and writable. {"exception":"[object] (Exception(code: 0): The D:\\caleb\\api\\safevoice-api\\bootstrap\\cache directory must be present and writable. at D:/caleb/api/safevoice-api/vendor/laravel/framework/src/Illuminate/Foundation/PackageManifest.php:179)
[stacktrace]
#0 D:/caleb/api/safevoice-api/vendor/laravel/framework/src/Illuminate/Foundation/PackageManifest.php(132): Illuminate/Foundation/PackageManifest->write(Array)
#1 D:/caleb/api/safevoice-api/vendor/laravel/framework/src/Illuminate/Foundation/PackageManifest.php(108): Illuminate/Foundation/PackageManifest->build()
#2 D:/caleb/api/safevoice-api/vendor/laravel/framework/src/Illuminate/Foundation/PackageManifest.php(90): Illuminate/Foundation/PackageManifest->getManifest()
#3 D:/caleb/api/safevoice-api/vendor/laravel/framework/src/Illuminate/Foundation/PackageManifest.php(79): Illuminate/Foundation/PackageManifest->config('aliases')
#4 D:/caleb/api/safevoice-api/vendor/laravel/framework/src/Illuminate/Foundation/Bootstrap/RegisterFacades.php(26): Illuminate/Foundation/PackageManifest->aliases()
#5 D:/caleb/api/safevoice-api/vendor/laravel/framework/src/Illuminate/Foundation/Application.php(342): Illuminate/Foundation/Bootstrap/RegisterFacades->bootstrap(Object(Illuminate/Foundation/Application))
#6 D:/caleb/api/safevoice-api/vendor/laravel/framework/src/Illuminate/Foundation/Console/Kernel.php(494): Illuminate/Foundation/Application->bootstrapWith(Array)
#7 D:/caleb/api/safevoice-api/vendor/laravel/framework/src/Illuminate/Foundation/Console/Kernel.php(196): Illuminate/Foundation/Console/Kernel->bootstrap()
#8 D:/caleb/api/safevoice-api/vendor/laravel/framework/src/Illuminate/Foundation/Application.php(1235): Illuminate/Foundation/Console/Kernel->handle(Object(Symfony/Component/Console/Input/ArgvInput), Object(Symfony/Component/Console/Output/ConsoleOutput))
#9 D:/caleb/api/safevoice-api/artisan(12): Illuminate/Foundation/Application->handleCommand(Object(Symfony/Component/Console/Input/ArgvInput))
#10 {main}
"} 
[2026-07-03 13:45:04] local.ERROR: The D:\caleb\api\safevoice-api\bootstrap\cache directory must be present and writable. {"exception":"[object] (Exception(code: 0): The D:\\caleb\\api\\safevoice-api\\bootstrap\\cache directory must be present and writable. at D:/caleb/api/safevoice-api/vendor/laravel/framework/src/Illuminate/Foundation/PackageManifest.php:179)
[stacktrace]
#0 D:/caleb/api/safevoice-api/vendor/laravel/framework/src/Illuminate/Foundation/PackageManifest.php(132): Illuminate/Foundation/PackageManifest->write(Array)
#1 D:/caleb/api/safevoice-api/vendor/laravel/framework/src/Illuminate/Foundation/PackageManifest.php(108): Illuminate/Foundation/PackageManifest->build()
#2 D:/caleb/api/safevoice-api/vendor/laravel/framework/src/Illuminate/Foundation/PackageManifest.php(90): Illuminate/Foundation/PackageManifest->getManifest()
#3 D:/caleb/api/safevoice-api/vendor/laravel/framework/src/Illuminate/Foundation/PackageManifest.php(79): Illuminate/Foundation/PackageManifest->config('aliases')
#4 D:/caleb/api/safevoice-api/vendor/laravel/framework/src/Illuminate/Foundation/Bootstrap/RegisterFacades.php(26): Illuminate/Foundation/PackageManifest->aliases()
#5 D:/caleb/api/safevoice-api/vendor/laravel/framework/src/Illuminate/Foundation/Application.php(342): Illuminate/Foundation/Bootstrap/RegisterFacades->bootstrap(Object(Illuminate/Foundation/Application))
#6 D:/caleb/api/safevoice-api/vendor/laravel/framework/src/Illuminate/Foundation/Console/Kernel.php(494): Illuminate/Foundation/Application->bootstrapWith(Array)
#7 D:/caleb/api/safevoice-api/vendor/laravel/framework/src/Illuminate/Foundation/Console/Kernel.php(196): Illuminate/Foundation/Console/Kernel->bootstrap()
#8 Command line code(1): Illuminate/Foundation/Console/Kernel->handle(Object(Symfony/Component/Console/Input/ArgvInput), Object(Symfony/Component/Console/Output/ConsoleOutput))
#9 {main}
"} 
[2026-07-03 13:45:04] local.ERROR: The D:\caleb\api\safevoice-api\bootstrap\cache directory must be present and writable. {"exception":"[object] (Exception(code: 0): The D:\\caleb\\api\\safevoice-api\\bootstrap\\cache directory must be present and writable. at D:/caleb/api/safevoice-api/vendor/laravel/framework/src/Illuminate/Foundation/PackageManifest.php:179)
[stacktrace]
#0 D:/caleb/api/safevoice-api/vendor/laravel/framework/src/Illuminate/Foundation/PackageManifest.php(132): Illuminate/Foundation/PackageManifest->write(Array)
#1 D:/caleb/api/safevoice-api/vendor/laravel/framework/src/Illuminate/Foundation/PackageManifest.php(108): Illuminate/Foundation/PackageManifest->build()
#2 D:/caleb/api/safevoice-api/vendor/laravel/framework/src/Illuminate/Foundation/PackageManifest.php(90): Illuminate/Foundation/PackageManifest->getManifest()
#3 D:/caleb/api/safevoice-api/vendor/laravel/framework/src/Illuminate/Foundation/PackageManifest.php(79): Illuminate/Foundation/PackageManifest->config('aliases')
#4 D:/caleb/api/safevoice-api/vendor/laravel/framework/src/Illuminate/Foundation/Bootstrap/RegisterFacades.php(26): Illuminate/Foundation/PackageManifest->aliases()
#5 D:/caleb/api/safevoice-api/vendor/laravel/framework/src/Illuminate/Foundation/Application.php(342): Illuminate/Foundation/Bootstrap/RegisterFacades->bootstrap(Object(Illuminate/Foundation/Application))
#6 D:/caleb/api/safevoice-api/vendor/laravel/framework/src/Illuminate/Foundation/Console/Kernel.php(494): Illuminate/Foundation/Application->bootstrapWith(Array)
#7 D:/caleb/api/safevoice-api/vendor/laravel/framework/src/Illuminate/Foundation/Console/Kernel.php(196): Illuminate/Foundation/Console/Kernel->bootstrap()
#8 Command line code(1): Illuminate/Foundation/Console/Kernel->handle(Object(Symfony/Component/Console/Input/ArgvInput), Object(Symfony/Component/Console/Output/ConsoleOutput))
#9 {main}
"} 
[2026-07-03 13:45:12] local.ERROR: The D:\caleb\api\safevoice-api\bootstrap\cache directory must be present and writable. {"exception":"[object] (Exception(code: 0): The D:\\caleb\\api\\safevoice-api\\bootstrap\\cache directory must be present and writable. at D:/caleb/api/safevoice-api/vendor/laravel/framework/src/Illuminate/Foundation/PackageManifest.php:179)
[stacktrace]
#0 D:/caleb/api/safevoice-api/vendor/laravel/framework/src/Illuminate/Foundation/PackageManifest.php(132): Illuminate/Foundation/PackageManifest->write(Array)
#1 D:/caleb/api/safevoice-api/vendor/laravel/framework/src/Illuminate/Foundation/PackageManifest.php(108): Illuminate/Foundation/PackageManifest->build()
#2 D:/caleb/api/safevoice-api/vendor/laravel/framework/src/Illuminate/Foundation/PackageManifest.php(90): Illuminate/Foundation/PackageManifest->getManifest()
#3 D:/caleb/api/safevoice-api/vendor/laravel/framework/src/Illuminate/Foundation/PackageManifest.php(79): Illuminate/Foundation/PackageManifest->config('aliases')
#4 D:/caleb/api/safevoice-api/vendor/laravel/framework/src/Illuminate/Foundation/Bootstrap/RegisterFacades.php(26): Illuminate/Foundation/PackageManifest->aliases()
#5 D:/caleb/api/safevoice-api/vendor/laravel/framework/src/Illuminate/Foundation/Application.php(342): Illuminate/Foundation/Bootstrap/RegisterFacades->bootstrap(Object(Illuminate/Foundation/Application))
#6 D:/caleb/api/safevoice-api/vendor/laravel/framework/src/Illuminate/Foundation/Console/Kernel.php(494): Illuminate/Foundation/Application->bootstrapWith(Array)
#7 D:/caleb/api/safevoice-api/vendor/laravel/framework/src/Illuminate/Foundation/Console/Kernel.php(196): Illuminate/Foundation/Console/Kernel->bootstrap()
#8 D:/caleb/api/safevoice-api/vendor/laravel/framework/src/Illuminate/Foundation/Application.php(1235): Illuminate/Foundation/Console/Kernel->handle(Object(Symfony/Component/Console/Input/ArgvInput), Object(Symfony/Component/Console/Output/ConsoleOutput))
#9 D:/caleb/api/safevoice-api/artisan(12): Illuminate/Foundation/Application->handleCommand(Object(Symfony/Component/Console/Input/ArgvInput))
#10 {main}
"} 
[2026-07-03 13:46:03] local.ERROR: The D:\caleb\api\safevoice-api\bootstrap\cache directory must be present and writable. {"exception":"[object] (Exception(code: 0): The D:\\caleb\\api\\safevoice-api\\bootstrap\\cache directory must be present and writable. at D:/caleb/api/safevoice-api/vendor/laravel/framework/src/Illuminate/Foundation/PackageManifest.php:179)
[stacktrace]
#0 D:/caleb/api/safevoice-api/vendor/laravel/framework/src/Illuminate/Foundation/PackageManifest.php(132): Illuminate/Foundation/PackageManifest->write(Array)
#1 D:/caleb/api/safevoice-api/vendor/laravel/framework/src/Illuminate/Foundation/PackageManifest.php(108): Illuminate/Foundation/PackageManifest->build()
#2 D:/caleb/api/safevoice-api/vendor/laravel/framework/src/Illuminate/Foundation/PackageManifest.php(90): Illuminate/Foundation/PackageManifest->getManifest()
#3 D:/caleb/api/safevoice-api/vendor/laravel/framework/src/Illuminate/Foundation/PackageManifest.php(79): Illuminate/Foundation/PackageManifest->config('aliases')
#4 D:/caleb/api/safevoice-api/vendor/laravel/framework/src/Illuminate/Foundation/Bootstrap/RegisterFacades.php(26): Illuminate/Foundation/PackageManifest->aliases()
#5 D:/caleb/api/safevoice-api/vendor/laravel/framework/src/Illuminate/Foundation/Application.php(342): Illuminate/Foundation/Bootstrap/RegisterFacades->bootstrap(Object(Illuminate/Foundation/Application))
#6 D:/caleb/api/safevoice-api/vendor/laravel/framework/src/Illuminate/Foundation/Console/Kernel.php(494): Illuminate/Foundation/Application->bootstrapWith(Array)
#7 D:/caleb/api/safevoice-api/vendor/laravel/framework/src/Illuminate/Foundation/Console/Kernel.php(196): Illuminate/Foundation/Console/Kernel->bootstrap()
#8 Command line code(1): Illuminate/Foundation/Console/Kernel->handle(Object(Symfony/Component/Console/Input/ArgvInput), Object(Symfony/Component/Console/Output/ConsoleOutput))
#9 {main}
"} 
[2026-07-03 13:46:03] local.ERROR: The D:\caleb\api\safevoice-api\bootstrap\cache directory must be present and writable. {"exception":"[object] (Exception(code: 0): The D:\\caleb\\api\\safevoice-api\\bootstrap\\cache directory must be present and writable. at D:/caleb/api/safevoice-api/vendor/laravel/framework/src/Illuminate/Foundation/PackageManifest.php:179)
[stacktrace]
#0 D:/caleb/api/safevoice-api/vendor/laravel/framework/src/Illuminate/Foundation/PackageManifest.php(132): Illuminate/Foundation/PackageManifest->write(Array)
#1 D:/caleb/api/safevoice-api/vendor/laravel/framework/src/Illuminate/Foundation/PackageManifest.php(108): Illuminate/Foundation/PackageManifest->build()
#2 D:/caleb/api/safevoice-api/vendor/laravel/framework/src/Illuminate/Foundation/PackageManifest.php(90): Illuminate/Foundation/PackageManifest->getManifest()
#3 D:/caleb/api/safevoice-api/vendor/laravel/framework/src/Illuminate/Foundation/PackageManifest.php(79): Illuminate/Foundation/PackageManifest->config('aliases')
#4 D:/caleb/api/safevoice-api/vendor/laravel/framework/src/Illuminate/Foundation/Bootstrap/RegisterFacades.php(26): Illuminate/Foundation/PackageManifest->aliases()
#5 D:/caleb/api/safevoice-api/vendor/laravel/framework/src/Illuminate/Foundation/Application.php(342): Illuminate/Foundation/Bootstrap/RegisterFacades->bootstrap(Object(Illuminate/Foundation/Application))
#6 D:/caleb/api/safevoice-api/vendor/laravel/framework/src/Illuminate/Foundation/Console/Kernel.php(494): Illuminate/Foundation/Application->bootstrapWith(Array)
#7 D:/caleb/api/safevoice-api/vendor/laravel/framework/src/Illuminate/Foundation/Console/Kernel.php(196): Illuminate/Foundation/Console/Kernel->bootstrap()
#8 Command line code(1): Illuminate/Foundation/Console/Kernel->handle(Object(Symfony/Component/Console/Input/ArgvInput), Object(Symfony/Component/Console/Output/ConsoleOutput))
#9 {main}
"} 
[2026-07-03 13:47:03] local.ERROR: The D:\caleb\api\safevoice-api\bootstrap\cache directory must be present and writable. {"exception":"[object] (Exception(code: 0): The D:\\caleb\\api\\safevoice-api\\bootstrap\\cache directory must be present and writable. at D:/caleb/api/safevoice-api/vendor/laravel/framework/src/Illuminate/Foundation/PackageManifest.php:179)
[stacktrace]
#0 D:/caleb/api/safevoice-api/vendor/laravel/framework/src/Illuminate/Foundation/PackageManifest.php(132): Illuminate/Foundation/PackageManifest->write(Array)
#1 D:/caleb/api/safevoice-api/vendor/laravel/framework/src/Illuminate/Foundation/PackageManifest.php(108): Illuminate/Foundation/PackageManifest->build()
#2 D:/caleb/api/safevoice-api/vendor/laravel/framework/src/Illuminate/Foundation/PackageManifest.php(90): Illuminate/Foundation/PackageManifest->getManifest()
#3 D:/caleb/api/safevoice-api/vendor/laravel/framework/src/Illuminate/Foundation/PackageManifest.php(79): Illuminate/Foundation/PackageManifest->config('aliases')
#4 D:/caleb/api/safevoice-api/vendor/laravel/framework/src/Illuminate/Foundation/Bootstrap/RegisterFacades.php(26): Illuminate/Foundation/PackageManifest->aliases()
#5 D:/caleb/api/safevoice-api/vendor/laravel/framework/src/Illuminate/Foundation/Application.php(342): Illuminate/Foundation/Bootstrap/RegisterFacades->bootstrap(Object(Illuminate/Foundation/Application))
#6 D:/caleb/api/safevoice-api/vendor/laravel/framework/src/Illuminate/Foundation/Console/Kernel.php(494): Illuminate/Foundation/Application->bootstrapWith(Array)
#7 D:/caleb/api/safevoice-api/vendor/laravel/framework/src/Illuminate/Foundation/Console/Kernel.php(196): Illuminate/Foundation/Console/Kernel->bootstrap()
#8 Command line code(1): Illuminate/Foundation/Console/Kernel->handle(Object(Symfony/Component/Console/Input/ArgvInput), Object(Symfony/Component/Console/Output/ConsoleOutput))
#9 {main}
"} 
[2026-07-03 13:47:03] local.ERROR: The D:\caleb\api\safevoice-api\bootstrap\cache directory must be present and writable. {"exception":"[object] (Exception(code: 0): The D:\\caleb\\api\\safevoice-api\\bootstrap\\cache directory must be present and writable. at D:/caleb/api/safevoice-api/vendor/laravel/framework/src/Illuminate/Foundation/PackageManifest.php:179)
[stacktrace]
#0 D:/caleb/api/safevoice-api/vendor/laravel/framework/src/Illuminate/Foundation/PackageManifest.php(132): Illuminate/Foundation/PackageManifest->write(Array)
#1 D:/caleb/api/safevoice-api/vendor/laravel/framework/src/Illuminate/Foundation/PackageManifest.php(108): Illuminate/Foundation/PackageManifest->build()
#2 D:/caleb/api/safevoice-api/vendor/laravel/framework/src/Illuminate/Foundation/PackageManifest.php(90): Illuminate/Foundation/PackageManifest->getManifest()
#3 D:/caleb/api/safevoice-api/vendor/laravel/framework/src/Illuminate/Foundation/PackageManifest.php(79): Illuminate/Foundation/PackageManifest->config('aliases')
#4 D:/caleb/api/safevoice-api/vendor/laravel/framework/src/Illuminate/Foundation/Bootstrap/RegisterFacades.php(26): Illuminate/Foundation/PackageManifest->aliases()
#5 D:/caleb/api/safevoice-api/vendor/laravel/framework/src/Illuminate/Foundation/Application.php(342): Illuminate/Foundation/Bootstrap/RegisterFacades->bootstrap(Object(Illuminate/Foundation/Application))
#6 D:/caleb/api/safevoice-api/vendor/laravel/framework/src/Illuminate/Foundation/Console/Kernel.php(494): Illuminate/Foundation/Application->bootstrapWith(Array)
#7 D:/caleb/api/safevoice-api/vendor/laravel/framework/src/Illuminate/Foundation/Console/Kernel.php(196): Illuminate/Foundation/Console/Kernel->bootstrap()
#8 Command line code(1): Illuminate/Foundation/Console/Kernel->handle(Object(Symfony/Component/Console/Input/ArgvInput), Object(Symfony/Component/Console/Output/ConsoleOutput))
#9 {main}
"} 
[2026-07-03 13:47:25] local.ERROR: The D:\caleb\api\safevoice-api\bootstrap\cache directory must be present and writable. {"exception":"[object] (Exception(code: 0): The D:\\caleb\\api\\safevoice-api\\bootstrap\\cache directory must be present and writable. at D:/caleb/api/safevoice-api/vendor/laravel/framework/src/Illuminate/Foundation/PackageManifest.php:179)
[stacktrace]
#0 D:/caleb/api/safevoice-api/vendor/laravel/framework/src/Illuminate/Foundation/PackageManifest.php(132): Illuminate/Foundation/PackageManifest->write(Array)
#1 D:/caleb/api/safevoice-api/vendor/laravel/framework/src/Illuminate/Foundation/PackageManifest.php(108): Illuminate/Foundation/PackageManifest->build()
#2 D:/caleb/api/safevoice-api/vendor/laravel/framework/src/Illuminate/Foundation/PackageManifest.php(90): Illuminate/Foundation/PackageManifest->getManifest()
#3 D:/caleb/api/safevoice-api/vendor/laravel/framework/src/Illuminate/Foundation/PackageManifest.php(79): Illuminate/Foundation/PackageManifest->config('aliases')
#4 D:/caleb/api/safevoice-api/vendor/laravel/framework/src/Illuminate/Foundation/Bootstrap/RegisterFacades.php(26): Illuminate/Foundation/PackageManifest->aliases()
#5 D:/caleb/api/safevoice-api/vendor/laravel/framework/src/Illuminate/Foundation/Application.php(342): Illuminate/Foundation/Bootstrap/RegisterFacades->bootstrap(Object(Illuminate/Foundation/Application))
#6 D:/caleb/api/safevoice-api/vendor/laravel/framework/src/Illuminate/Foundation/Console/Kernel.php(494): Illuminate/Foundation/Application->bootstrapWith(Array)
#7 D:/caleb/api/safevoice-api/vendor/laravel/framework/src/Illuminate/Foundation/Console/Kernel.php(196): Illuminate/Foundation/Console/Kernel->bootstrap()
#8 D:/caleb/api/safevoice-api/vendor/laravel/framework/src/Illuminate/Foundation/Application.php(1235): Illuminate/Foundation/Console/Kernel->handle(Object(Symfony/Component/Console/Input/ArgvInput), Object(Symfony/Component/Console/Output/ConsoleOutput))
#9 D:/caleb/api/safevoice-api/artisan(12): Illuminate/Foundation/Application->handleCommand(Object(Symfony/Component/Console/Input/ArgvInput))
#10 {main}
"} 
[2026-07-03 13:48:03] local.ERROR: The D:\caleb\api\safevoice-api\bootstrap\cache directory must be present and writable. {"exception":"[object] (Exception(code: 0): The D:\\caleb\\api\\safevoice-api\\bootstrap\\cache directory must be present and writable. at D:/caleb/api/safevoice-api/vendor/laravel/framework/src/Illuminate/Foundation/PackageManifest.php:179)
[stacktrace]
#0 D:/caleb/api/safevoice-api/vendor/laravel/framework/src/Illuminate/Foundation/PackageManifest.php(132): Illuminate/Foundation/PackageManifest->write(Array)
#1 D:/caleb/api/safevoice-api/vendor/laravel/framework/src/Illuminate/Foundation/PackageManifest.php(108): Illuminate/Foundation/PackageManifest->build()
#2 D:/caleb/api/safevoice-api/vendor/laravel/framework/src/Illuminate/Foundation/PackageManifest.php(90): Illuminate/Foundation/PackageManifest->getManifest()
#3 D:/caleb/api/safevoice-api/vendor/laravel/framework/src/Illuminate/Foundation/PackageManifest.php(79): Illuminate/Foundation/PackageManifest->config('aliases')
#4 D:/caleb/api/safevoice-api/vendor/laravel/framework/src/Illuminate/Foundation/Bootstrap/RegisterFacades.php(26): Illuminate/Foundation/PackageManifest->aliases()
#5 D:/caleb/api/safevoice-api/vendor/laravel/framework/src/Illuminate/Foundation/Application.php(342): Illuminate/Foundation/Bootstrap/RegisterFacades->bootstrap(Object(Illuminate/Foundation/Application))
#6 D:/caleb/api/safevoice-api/vendor/laravel/framework/src/Illuminate/Foundation/Console/Kernel.php(494): Illuminate/Foundation/Application->bootstrapWith(Array)
#7 D:/caleb/api/safevoice-api/vendor/laravel/framework/src/Illuminate/Foundation/Console/Kernel.php(196): Illuminate/Foundation/Console/Kernel->bootstrap()
#8 Command line code(1): Illuminate/Foundation/Console/Kernel->handle(Object(Symfony/Component/Console/Input/ArgvInput), Object(Symfony/Component/Console/Output/ConsoleOutput))
#9 {main}
"} 
[2026-07-03 13:48:03] local.ERROR: The D:\caleb\api\safevoice-api\bootstrap\cache directory must be present and writable. {"exception":"[object] (Exception(code: 0): The D:\\caleb\\api\\safevoice-api\\bootstrap\\cache directory must be present and writable. at D:/caleb/api/safevoice-api/vendor/laravel/framework/src/Illuminate/Foundation/PackageManifest.php:179)
[stacktrace]
#0 D:/caleb/api/safevoice-api/vendor/laravel/framework/src/Illuminate/Foundation/PackageManifest.php(132): Illuminate/Foundation/PackageManifest->write(Array)
#1 D:/caleb/api/safevoice-api/vendor/laravel/framework/src/Illuminate/Foundation/PackageManifest.php(108): Illuminate/Foundation/PackageManifest->build()
#2 D:/caleb/api/safevoice-api/vendor/laravel/framework/src/Illuminate/Foundation/PackageManifest.php(90): Illuminate/Foundation/PackageManifest->getManifest()
#3 D:/caleb/api/safevoice-api/vendor/laravel/framework/src/Illuminate/Foundation/PackageManifest.php(79): Illuminate/Foundation/PackageManifest->config('aliases')
#4 D:/caleb/api/safevoice-api/vendor/laravel/framework/src/Illuminate/Foundation/Bootstrap/RegisterFacades.php(26): Illuminate/Foundation/PackageManifest->aliases()
#5 D:/caleb/api/safevoice-api/vendor/laravel/framework/src/Illuminate/Foundation/Application.php(342): Illuminate/Foundation/Bootstrap/RegisterFacades->bootstrap(Object(Illuminate/Foundation/Application))
#6 D:/caleb/api/safevoice-api/vendor/laravel/framework/src/Illuminate/Foundation/Console/Kernel.php(494): Illuminate/Foundation/Application->bootstrapWith(Array)
#7 D:/caleb/api/safevoice-api/vendor/laravel/framework/src/Illuminate/Foundation/Console/Kernel.php(196): Illuminate/Foundation/Console/Kernel->bootstrap()
#8 Command line code(1): Illuminate/Foundation/Console/Kernel->handle(Object(Symfony/Component/Console/Input/ArgvInput), Object(Symfony/Component/Console/Output/ConsoleOutput))
#9 {main}
"} 
[2026-07-03 13:49:01] local.ERROR: The D:\caleb\api\safevoice-api\bootstrap\cache directory must be present and writable. {"exception":"[object] (Exception(code: 0): The D:\\caleb\\api\\safevoice-api\\bootstrap\\cache directory must be present and writable. at D:/caleb/api/safevoice-api/vendor/laravel/framework/src/Illuminate/Foundation/PackageManifest.php:179)
[stacktrace]
#0 D:/caleb/api/safevoice-api/vendor/laravel/framework/src/Illuminate/Foundation/PackageManifest.php(132): Illuminate/Foundation/PackageManifest->write(Array)
#1 D:/caleb/api/safevoice-api/vendor/laravel/framework/src/Illuminate/Foundation/PackageManifest.php(108): Illuminate/Foundation/PackageManifest->build()
#2 D:/caleb/api/safevoice-api/vendor/laravel/framework/src/Illuminate/Foundation/PackageManifest.php(90): Illuminate/Foundation/PackageManifest->getManifest()
#3 D:/caleb/api/safevoice-api/vendor/laravel/framework/src/Illuminate/Foundation/PackageManifest.php(79): Illuminate/Foundation/PackageManifest->config('aliases')
#4 D:/caleb/api/safevoice-api/vendor/laravel/framework/src/Illuminate/Foundation/Bootstrap/RegisterFacades.php(26): Illuminate/Foundation/PackageManifest->aliases()
#5 D:/caleb/api/safevoice-api/vendor/laravel/framework/src/Illuminate/Foundation/Application.php(342): Illuminate/Foundation/Bootstrap/RegisterFacades->bootstrap(Object(Illuminate/Foundation/Application))
#6 D:/caleb/api/safevoice-api/vendor/laravel/framework/src/Illuminate/Foundation/Console/Kernel.php(494): Illuminate/Foundation/Application->bootstrapWith(Array)
#7 D:/caleb/api/safevoice-api/vendor/laravel/framework/src/Illuminate/Foundation/Console/Kernel.php(196): Illuminate/Foundation/Console/Kernel->bootstrap()
#8 Command line code(1): Illuminate/Foundation/Console/Kernel->handle(Object(Symfony/Component/Console/Input/ArgvInput), Object(Symfony/Component/Console/Output/ConsoleOutput))
#9 {main}
"} 
[2026-07-03 13:49:03] local.ERROR: The D:\caleb\api\safevoice-api\bootstrap\cache directory must be present and writable. {"exception":"[object] (Exception(code: 0): The D:\\caleb\\api\\safevoice-api\\bootstrap\\cache directory must be present and writable. at D:/caleb/api/safevoice-api/vendor/laravel/framework/src/Illuminate/Foundation/PackageManifest.php:179)
[stacktrace]
#0 D:/caleb/api/safevoice-api/vendor/laravel/framework/src/Illuminate/Foundation/PackageManifest.php(132): Illuminate/Foundation/PackageManifest->write(Array)
#1 D:/caleb/api/safevoice-api/vendor/laravel/framework/src/Illuminate/Foundation/PackageManifest.php(108): Illuminate/Foundation/PackageManifest->build()
#2 D:/caleb/api/safevoice-api/vendor/laravel/framework/src/Illuminate/Foundation/PackageManifest.php(90): Illuminate/Foundation/PackageManifest->getManifest()
#3 D:/caleb/api/safevoice-api/vendor/laravel/framework/src/Illuminate/Foundation/PackageManifest.php(79): Illuminate/Foundation/PackageManifest->config('aliases')
#4 D:/caleb/api/safevoice-api/vendor/laravel/framework/src/Illuminate/Foundation/Bootstrap/RegisterFacades.php(26): Illuminate/Foundation/PackageManifest->aliases()
#5 D:/caleb/api/safevoice-api/vendor/laravel/framework/src/Illuminate/Foundation/Application.php(342): Illuminate/Foundation/Bootstrap/RegisterFacades->bootstrap(Object(Illuminate/Foundation/Application))
#6 D:/caleb/api/safevoice-api/vendor/laravel/framework/src/Illuminate/Foundation/Console/Kernel.php(494): Illuminate/Foundation/Application->bootstrapWith(Array)
#7 D:/caleb/api/safevoice-api/vendor/laravel/framework/src/Illuminate/Foundation/Console/Kernel.php(196): Illuminate/Foundation/Console/Kernel->bootstrap()
#8 Command line code(1): Illuminate/Foundation/Console/Kernel->handle(Object(Symfony/Component/Console/Input/ArgvInput), Object(Symfony/Component/Console/Output/ConsoleOutput))
#9 {main}
"} 
[2026-07-03 13:49:03] local.ERROR: The D:\caleb\api\safevoice-api\bootstrap\cache directory must be present and writable. {"exception":"[object] (Exception(code: 0): The D:\\caleb\\api\\safevoice-api\\bootstrap\\cache directory must be present and writable. at D:/caleb/api/safevoice-api/vendor/laravel/framework/src/Illuminate/Foundation/PackageManifest.php:179)
[stacktrace]
#0 D:/caleb/api/safevoice-api/vendor/laravel/framework/src/Illuminate/Foundation/PackageManifest.php(132): Illuminate/Foundation/PackageManifest->write(Array)
#1 D:/caleb/api/safevoice-api/vendor/laravel/framework/src/Illuminate/Foundation/PackageManifest.php(108): Illuminate/Foundation/PackageManifest->build()
#2 D:/caleb/api/safevoice-api/vendor/laravel/framework/src/Illuminate/Foundation/PackageManifest.php(90): Illuminate/Foundation/PackageManifest->getManifest()
#3 D:/caleb/api/safevoice-api/vendor/laravel/framework/src/Illuminate/Foundation/PackageManifest.php(79): Illuminate/Foundation/PackageManifest->config('aliases')
#4 D:/caleb/api/safevoice-api/vendor/laravel/framework/src/Illuminate/Foundation/Bootstrap/RegisterFacades.php(26): Illuminate/Foundation/PackageManifest->aliases()
#5 D:/caleb/api/safevoice-api/vendor/laravel/framework/src/Illuminate/Foundation/Application.php(342): Illuminate/Foundation/Bootstrap/RegisterFacades->bootstrap(Object(Illuminate/Foundation/Application))
#6 D:/caleb/api/safevoice-api/vendor/laravel/framework/src/Illuminate/Foundation/Console/Kernel.php(494): Illuminate/Foundation/Application->bootstrapWith(Array)
#7 D:/caleb/api/safevoice-api/vendor/laravel/framework/src/Illuminate/Foundation/Console/Kernel.php(196): Illuminate/Foundation/Console/Kernel->bootstrap()
#8 Command line code(1): Illuminate/Foundation/Console/Kernel->handle(Object(Symfony/Component/Console/Input/ArgvInput), Object(Symfony/Component/Console/Output/ConsoleOutput))
#9 {main}
"} 
[2026-07-03 13:50:03] local.ERROR: The D:\caleb\api\safevoice-api\bootstrap\cache directory must be present and writable. {"exception":"[object] (Exception(code: 0): The D:\\caleb\\api\\safevoice-api\\bootstrap\\cache directory must be present and writable. at D:/caleb/api/safevoice-api/vendor/laravel/framework/src/Illuminate/Foundation/PackageManifest.php:179)
[stacktrace]
#0 D:/caleb/api/safevoice-api/vendor/laravel/framework/src/Illuminate/Foundation/PackageManifest.php(132): Illuminate/Foundation/PackageManifest->write(Array)
#1 D:/caleb/api/safevoice-api/vendor/laravel/framework/src/Illuminate/Foundation/PackageManifest.php(108): Illuminate/Foundation/PackageManifest->build()
#2 D:/caleb/api/safevoice-api/vendor/laravel/framework/src/Illuminate/Foundation/PackageManifest.php(90): Illuminate/Foundation/PackageManifest->getManifest()
#3 D:/caleb/api/safevoice-api/vendor/laravel/framework/src/Illuminate/Foundation/PackageManifest.php(79): Illuminate/Foundation/PackageManifest->config('aliases')
#4 D:/caleb/api/safevoice-api/vendor/laravel/framework/src/Illuminate/Foundation/Bootstrap/RegisterFacades.php(26): Illuminate/Foundation/PackageManifest->aliases()
#5 D:/caleb/api/safevoice-api/vendor/laravel/framework/src/Illuminate/Foundation/Application.php(342): Illuminate/Foundation/Bootstrap/RegisterFacades->bootstrap(Object(Illuminate/Foundation/Application))
#6 D:/caleb/api/safevoice-api/vendor/laravel/framework/src/Illuminate/Foundation/Console/Kernel.php(494): Illuminate/Foundation/Application->bootstrapWith(Array)
#7 D:/caleb/api/safevoice-api/vendor/laravel/framework/src/Illuminate/Foundation/Console/Kernel.php(196): Illuminate/Foundation/Console/Kernel->bootstrap()
#8 Command line code(1): Illuminate/Foundation/Console/Kernel->handle(Object(Symfony/Component/Console/Input/ArgvInput), Object(Symfony/Component/Console/Output/ConsoleOutput))
#9 {main}
"} 
[2026-07-03 13:50:03] local.ERROR: The D:\caleb\api\safevoice-api\bootstrap\cache directory must be present and writable. {"exception":"[object] (Exception(code: 0): The D:\\caleb\\api\\safevoice-api\\bootstrap\\cache directory must be present and writable. at D:/caleb/api/safevoice-api/vendor/laravel/framework/src/Illuminate/Foundation/PackageManifest.php:179)
[stacktrace]
#0 D:/caleb/api/safevoice-api/vendor/laravel/framework/src/Illuminate/Foundation/PackageManifest.php(132): Illuminate/Foundation/PackageManifest->write(Array)
#1 D:/caleb/api/safevoice-api/vendor/laravel/framework/src/Illuminate/Foundation/PackageManifest.php(108): Illuminate/Foundation/PackageManifest->build()
#2 D:/caleb/api/safevoice-api/vendor/laravel/framework/src/Illuminate/Foundation/PackageManifest.php(90): Illuminate/Foundation/PackageManifest->getManifest()
#3 D:/caleb/api/safevoice-api/vendor/laravel/framework/src/Illuminate/Foundation/PackageManifest.php(79): Illuminate/Foundation/PackageManifest->config('aliases')
#4 D:/caleb/api/safevoice-api/vendor/laravel/framework/src/Illuminate/Foundation/Bootstrap/RegisterFacades.php(26): Illuminate/Foundation/PackageManifest->aliases()
#5 D:/caleb/api/safevoice-api/vendor/laravel/framework/src/Illuminate/Foundation/Application.php(342): Illuminate/Foundation/Bootstrap/RegisterFacades->bootstrap(Object(Illuminate/Foundation/Application))
#6 D:/caleb/api/safevoice-api/vendor/laravel/framework/src/Illuminate/Foundation/Console/Kernel.php(494): Illuminate/Foundation/Application->bootstrapWith(Array)
#7 D:/caleb/api/safevoice-api/vendor/laravel/framework/src/Illuminate/Foundation/Console/Kernel.php(196): Illuminate/Foundation/Console/Kernel->bootstrap()
#8 Command line code(1): Illuminate/Foundation/Console/Kernel->handle(Object(Symfony/Component/Console/Input/ArgvInput), Object(Symfony/Component/Console/Output/ConsoleOutput))
#9 {main}
"} 
[2026-07-03 13:50:24] local.ERROR: Uncaught InvalidArgumentException: Please provide a valid cache path. in D:\caleb\api\safevoice-api\vendor\laravel\framework\src\Illuminate\View\Compilers\Compiler.php:75
Stack trace:
#0 D:\caleb\api\safevoice-api\vendor\laravel\framework\src\Illuminate\View\ViewServiceProvider.php(97): Illuminate\View\Compilers\Compiler->__construct(Object(Illuminate\Filesystem\Filesystem), false, '', true, 'php', true)
#1 D:\caleb\api\safevoice-api\vendor\laravel\framework\src\Illuminate\Container\Container.php(1115): Illuminate\View\ViewServiceProvider->Illuminate\View\{closure}(Object(Illuminate\Foundation\Application), Array)
#2 D:\caleb\api\safevoice-api\vendor\laravel\framework\src\Illuminate\Container\Container.php(933): Illuminate\Container\Container->build(Object(Closure))
#3 D:\caleb\api\safevoice-api\vendor\laravel\framework\src\Illuminate\Foundation\Application.php(1078): Illuminate\Container\Container->resolve('blade.compiler', Array, true)
#4 D:\caleb\api\safevoice-api\vendor\laravel\framework\src\Illuminate\Container\Container.php(864): Illuminate\Foundation\Application->resolve('blade.compiler', Array)
#5 D:\caleb\api\safevoice-api\vendor\laravel\framework\src\Illuminate\Foundation\Application.php(1058): Illuminate\Container\Container->make('blade.compiler', Array)
#6 D:\caleb\api\safevoice-api\vendor\laravel\framework\src\Illuminate\Foundation\helpers.php(138): Illuminate\Foundation\Application->make('blade.compiler', Array)
#7 Command line code(1): app('Illuminate\\View...')
#8 {main}
  thrown {"exception":"[object] (Symfony\\Component\\ErrorHandler\\Error\\FatalError(code: 0): Uncaught InvalidArgumentException: Please provide a valid cache path. in D:\\caleb\\api\\safevoice-api\\vendor\\laravel\\framework\\src\\Illuminate\\View\\Compilers\\Compiler.php:75
Stack trace:
#0 D:\\caleb\\api\\safevoice-api\\vendor\\laravel\\framework\\src\\Illuminate\\View\\ViewServiceProvider.php(97): Illuminate\\View\\Compilers\\Compiler->__construct(Object(Illuminate\\Filesystem\\Filesystem), false, '', true, 'php', true)
#1 D:\\caleb\\api\\safevoice-api\\vendor\\laravel\\framework\\src\\Illuminate\\Container\\Container.php(1115): Illuminate\\View\\ViewServiceProvider->Illuminate\\View\\{closure}(Object(Illuminate\\Foundation\\Application), Array)
#2 D:\\caleb\\api\\safevoice-api\\vendor\\laravel\\framework\\src\\Illuminate\\Container\\Container.php(933): Illuminate\\Container\\Container->build(Object(Closure))
#3 D:\\caleb\\api\\safevoice-api\\vendor\\laravel\\framework\\src\\Illuminate\\Foundation\\Application.php(1078): Illuminate\\Container\\Container->resolve('blade.compiler', Array, true)
#4 D:\\caleb\\api\\safevoice-api\\vendor\\laravel\\framework\\src\\Illuminate\\Container\\Container.php(864): Illuminate\\Foundation\\Application->resolve('blade.compiler', Array)
#5 D:\\caleb\\api\\safevoice-api\\vendor\\laravel\\framework\\src\\Illuminate\\Foundation\\Application.php(1058): Illuminate\\Container\\Container->make('blade.compiler', Array)
#6 D:\\caleb\\api\\safevoice-api\\vendor\\laravel\\framework\\src\\Illuminate\\Foundation\\helpers.php(138): Illuminate\\Foundation\\Application->make('blade.compiler', Array)
#7 Command line code(1): app('Illuminate\\\\View...')
#8 {main}
  thrown at D:/caleb/api/safevoice-api/vendor/laravel/framework/src/Illuminate/View/Compilers/Compiler.php:75)
[stacktrace]
#0 {main}
"} 
[2026-07-03 13:51:31] local.ERROR: SQLSTATE[42830]: Invalid foreign key: 7 ERROR:  there is no unique constraint matching given keys for referenced table "reports" (Connection: pgsql, Host: 127.0.0.1, Port: 5432, Database: safe_voices, SQL: alter table "reports" add constraint "reports_linked_parent_report_id_foreign" foreign key ("linked_parent_report_id") references "reports" ("id")) {"exception":"[object] (Illuminate\\Database\\QueryException(code: 42830): SQLSTATE[42830]: Invalid foreign key: 7 ERROR:  there is no unique constraint matching given keys for referenced table \"reports\" (Connection: pgsql, Host: 127.0.0.1, Port: 5432, Database: safe_voices, SQL: alter table \"reports\" add constraint \"reports_linked_parent_report_id_foreign\" foreign key (\"linked_parent_report_id\") references \"reports\" (\"id\")) at D:/caleb/api/safevoice-api/vendor/laravel/framework/src/Illuminate/Database/Connection.php:838)
[stacktrace]
#0 D:/caleb/api/safevoice-api/vendor/laravel/framework/src/Illuminate/Database/Connection.php(794): Illuminate/Database/Connection->runQueryCallback('alter table \"re...', Array, Object(Closure))
#1 D:/caleb/api/safevoice-api/vendor/laravel/framework/src/Illuminate/Database/Connection.php(573): Illuminate/Database/Connection->run('alter table \"re...', Array, Object(Closure))
#2 D:/caleb/api/safevoice-api/vendor/laravel/framework/src/Illuminate/Database/Schema/Blueprint.php(121): Illuminate/Database/Connection->statement('alter table \"re...')
#3 D:/caleb/api/safevoice-api/vendor/laravel/framework/src/Illuminate/Database/Schema/Builder.php(686): Illuminate/Database/Schema/Blueprint->build()
#4 D:/caleb/api/safevoice-api/vendor/laravel/framework/src/Illuminate/Database/Schema/Builder.php(506): Illuminate/Database/Schema/Builder->build(Object(Illuminate/Database/Schema/Blueprint))
#5 D:/caleb/api/safevoice-api/vendor/laravel/framework/src/Illuminate/Support/Facades/Facade.php(363): Illuminate/Database/Schema/Builder->create('reports', Object(Closure))
#6 D:/caleb/api/safevoice-api/database/migrations/0001_01_01_000040_create_reporter_and_report_tables.php(29): Illuminate/Support/Facades/Facade::__callStatic('create', Array)
#7 D:/caleb/api/safevoice-api/vendor/laravel/framework/src/Illuminate/Database/Migrations/Migrator.php(517): Illuminate/Database/Migrations/Migration@anonymous->up()
#8 D:/caleb/api/safevoice-api/vendor/laravel/framework/src/Illuminate/Database/Migrations/Migrator.php(442): Illuminate/Database/Migrations/Migrator->runMethod(Object(Illuminate/Database/PostgresConnection), Object(Illuminate/Database/Migrations/Migration@anonymous), 'up')
#9 D:/caleb/api/safevoice-api/vendor/laravel/framework/src/Illuminate/Database/Concerns/ManagesTransactions.php(35): Illuminate/Database/Migrations/Migrator->Illuminate/Database/Migrations/{closure}(Object(Illuminate/Database/PostgresConnection))
#10 D:/caleb/api/safevoice-api/vendor/laravel/framework/src/Illuminate/Database/Migrations/Migrator.php(450): Illuminate/Database/Connection->transaction(Object(Closure))
#11 D:/caleb/api/safevoice-api/vendor/laravel/framework/src/Illuminate/Database/Migrations/Migrator.php(253): Illuminate/Database/Migrations/Migrator->runMigration(Object(Illuminate/Database/Migrations/Migration@anonymous), 'up')
#12 D:/caleb/api/safevoice-api/vendor/laravel/framework/src/Illuminate/Console/View/Components/Task.php(41): Illuminate/Database/Migrations/Migrator->Illuminate/Database/Migrations/{closure}()
#13 D:/caleb/api/safevoice-api/vendor/laravel/framework/src/Illuminate/Database/Migrations/Migrator.php(814): Illuminate/Console/View/Components/Task->render('0001_01_01_0000...', Object(Closure))
#14 D:/caleb/api/safevoice-api/vendor/laravel/framework/src/Illuminate/Database/Migrations/Migrator.php(253): Illuminate/Database/Migrations/Migrator->write('Illuminate//Cons...', '0001_01_01_0000...', Object(Closure))
#15 D:/caleb/api/safevoice-api/vendor/laravel/framework/src/Illuminate/Database/Migrations/Migrator.php(211): Illuminate/Database/Migrations/Migrator->runUp('D://caleb//api//sa...', 1, false)
#16 D:/caleb/api/safevoice-api/vendor/laravel/framework/src/Illuminate/Database/Migrations/Migrator.php(138): Illuminate/Database/Migrations/Migrator->runPending(Array, Array)
#17 D:/caleb/api/safevoice-api/vendor/laravel/framework/src/Illuminate/Database/Console/Migrations/MigrateCommand.php(116): Illuminate/Database/Migrations/Migrator->run(Array, Array)
#18 D:/caleb/api/safevoice-api/vendor/laravel/framework/src/Illuminate/Database/Migrations/Migrator.php(671): Illuminate/Database/Console/Migrations/MigrateCommand->Illuminate/Database/Console/Migrations/{closure}()
#19 D:/caleb/api/safevoice-api/vendor/laravel/framework/src/Illuminate/Database/Console/Migrations/MigrateCommand.php(109): Illuminate/Database/Migrations/Migrator->usingConnection(NULL, Object(Closure))
#20 D:/caleb/api/safevoice-api/vendor/laravel/framework/src/Illuminate/Database/Console/Migrations/MigrateCommand.php(88): Illuminate/Database/Console/Migrations/MigrateCommand->runMigrations()
#21 D:/caleb/api/safevoice-api/vendor/laravel/framework/src/Illuminate/Container/BoundMethod.php(36): Illuminate/Database/Console/Migrations/MigrateCommand->handle()
#22 D:/caleb/api/safevoice-api/vendor/laravel/framework/src/Illuminate/Container/Util.php(43): Illuminate/Container/BoundMethod::Illuminate/Container/{closure}()
#23 D:/caleb/api/safevoice-api/vendor/laravel/framework/src/Illuminate/Container/BoundMethod.php(96): Illuminate/Container/Util::unwrapIfClosure(Object(Closure))
#24 D:/caleb/api/safevoice-api/vendor/laravel/framework/src/Illuminate/Container/BoundMethod.php(35): Illuminate/Container/BoundMethod::callBoundMethod(Object(Illuminate/Foundation/Application), Array, Object(Closure))
#25 D:/caleb/api/safevoice-api/vendor/laravel/framework/src/Illuminate/Container/Container.php(799): Illuminate/Container/BoundMethod::call(Object(Illuminate/Foundation/Application), Array, Array, NULL)
#26 D:/caleb/api/safevoice-api/vendor/laravel/framework/src/Illuminate/Console/Command.php(211): Illuminate/Container/Container->call(Array)
#27 D:/caleb/api/safevoice-api/vendor/symfony/console/Command/Command.php(341): Illuminate/Console/Command->execute(Object(Symfony/Component/Console/Input/ArgvInput), Object(Illuminate/Console/OutputStyle))
#28 D:/caleb/api/safevoice-api/vendor/laravel/framework/src/Illuminate/Console/Command.php(180): Symfony/Component/Console/Command/Command->run(Object(Symfony/Component/Console/Input/ArgvInput), Object(Illuminate/Console/OutputStyle))
#29 D:/caleb/api/safevoice-api/vendor/symfony/console/Application.php(1117): Illuminate/Console/Command->run(Object(Symfony/Component/Console/Input/ArgvInput), Object(Symfony/Component/Console/Output/ConsoleOutput))
#30 D:/caleb/api/safevoice-api/vendor/symfony/console/Application.php(356): Symfony/Component/Console/Application->doRunCommand(Object(Illuminate/Database/Console/Migrations/MigrateCommand), Object(Symfony/Component/Console/Input/ArgvInput), Object(Symfony/Component/Console/Output/ConsoleOutput))
#31 D:/caleb/api/safevoice-api/vendor/symfony/console/Application.php(195): Symfony/Component/Console/Application->doRun(Object(Symfony/Component/Console/Input/ArgvInput), Object(Symfony/Component/Console/Output/ConsoleOutput))
#32 D:/caleb/api/safevoice-api/vendor/laravel/framework/src/Illuminate/Foundation/Console/Kernel.php(198): Symfony/Component/Console/Application->run(Object(Symfony/Component/Console/Input/ArgvInput), Object(Symfony/Component/Console/Output/ConsoleOutput))
#33 D:/caleb/api/safevoice-api/vendor/laravel/framework/src/Illuminate/Foundation/Application.php(1235): Illuminate/Foundation/Console/Kernel->handle(Object(Symfony/Component/Console/Input/ArgvInput), Object(Symfony/Component/Console/Output/ConsoleOutput))
#34 D:/caleb/api/safevoice-api/artisan(12): Illuminate/Foundation/Application->handleCommand(Object(Symfony/Component/Console/Input/ArgvInput))
#35 {main}

[previous exception] [object] (PDOException(code: 42830): SQLSTATE[42830]: Invalid foreign key: 7 ERROR:  there is no unique constraint matching given keys for referenced table \"reports\" at D:/caleb/api/safevoice-api/vendor/laravel/framework/src/Illuminate/Database/Connection.php:584)
[stacktrace]
#0 D:/caleb/api/safevoice-api/vendor/laravel/framework/src/Illuminate/Database/Connection.php(584): PDOStatement->execute()
#1 D:/caleb/api/safevoice-api/vendor/laravel/framework/src/Illuminate/Database/Connection.php(827): Illuminate/Database/Connection->Illuminate/Database/{closure}('alter table \"re...', Array)
#2 D:/caleb/api/safevoice-api/vendor/laravel/framework/src/Illuminate/Database/Connection.php(794): Illuminate/Database/Connection->runQueryCallback('alter table \"re...', Array, Object(Closure))
#3 D:/caleb/api/safevoice-api/vendor/laravel/framework/src/Illuminate/Database/Connection.php(573): Illuminate/Database/Connection->run('alter table \"re...', Array, Object(Closure))
#4 D:/caleb/api/safevoice-api/vendor/laravel/framework/src/Illuminate/Database/Schema/Blueprint.php(121): Illuminate/Database/Connection->statement('alter table \"re...')
#5 D:/caleb/api/safevoice-api/vendor/laravel/framework/src/Illuminate/Database/Schema/Builder.php(686): Illuminate/Database/Schema/Blueprint->build()
#6 D:/caleb/api/safevoice-api/vendor/laravel/framework/src/Illuminate/Database/Schema/Builder.php(506): Illuminate/Database/Schema/Builder->build(Object(Illuminate/Database/Schema/Blueprint))
#7 D:/caleb/api/safevoice-api/vendor/laravel/framework/src/Illuminate/Support/Facades/Facade.php(363): Illuminate/Database/Schema/Builder->create('reports', Object(Closure))
#8 D:/caleb/api/safevoice-api/database/migrations/0001_01_01_000040_create_reporter_and_report_tables.php(29): Illuminate/Support/Facades/Facade::__callStatic('create', Array)
#9 D:/caleb/api/safevoice-api/vendor/laravel/framework/src/Illuminate/Database/Migrations/Migrator.php(517): Illuminate/Database/Migrations/Migration@anonymous->up()
#10 D:/caleb/api/safevoice-api/vendor/laravel/framework/src/Illuminate/Database/Migrations/Migrator.php(442): Illuminate/Database/Migrations/Migrator->runMethod(Object(Illuminate/Database/PostgresConnection), Object(Illuminate/Database/Migrations/Migration@anonymous), 'up')
#11 D:/caleb/api/safevoice-api/vendor/laravel/framework/src/Illuminate/Database/Concerns/ManagesTransactions.php(35): Illuminate/Database/Migrations/Migrator->Illuminate/Database/Migrations/{closure}(Object(Illuminate/Database/PostgresConnection))
#12 D:/caleb/api/safevoice-api/vendor/laravel/framework/src/Illuminate/Database/Migrations/Migrator.php(450): Illuminate/Database/Connection->transaction(Object(Closure))
#13 D:/caleb/api/safevoice-api/vendor/laravel/framework/src/Illuminate/Database/Migrations/Migrator.php(253): Illuminate/Database/Migrations/Migrator->runMigration(Object(Illuminate/Database/Migrations/Migration@anonymous), 'up')
#14 D:/caleb/api/safevoice-api/vendor/laravel/framework/src/Illuminate/Console/View/Components/Task.php(41): Illuminate/Database/Migrations/Migrator->Illuminate/Database/Migrations/{closure}()
#15 D:/caleb/api/safevoice-api/vendor/laravel/framework/src/Illuminate/Database/Migrations/Migrator.php(814): Illuminate/Console/View/Components/Task->render('0001_01_01_0000...', Object(Closure))
#16 D:/caleb/api/safevoice-api/vendor/laravel/framework/src/Illuminate/Database/Migrations/Migrator.php(253): Illuminate/Database/Migrations/Migrator->write('Illuminate//Cons...', '0001_01_01_0000...', Object(Closure))
#17 D:/caleb/api/safevoice-api/vendor/laravel/framework/src/Illuminate/Database/Migrations/Migrator.php(211): Illuminate/Database/Migrations/Migrator->runUp('D://caleb//api//sa...', 1, false)
#18 D:/caleb/api/safevoice-api/vendor/laravel/framework/src/Illuminate/Database/Migrations/Migrator.php(138): Illuminate/Database/Migrations/Migrator->runPending(Array, Array)
#19 D:/caleb/api/safevoice-api/vendor/laravel/framework/src/Illuminate/Database/Console/Migrations/MigrateCommand.php(116): Illuminate/Database/Migrations/Migrator->run(Array, Array)
#20 D:/caleb/api/safevoice-api/vendor/laravel/framework/src/Illuminate/Database/Migrations/Migrator.php(671): Illuminate/Database/Console/Migrations/MigrateCommand->Illuminate/Database/Console/Migrations/{closure}()
#21 D:/caleb/api/safevoice-api/vendor/laravel/framework/src/Illuminate/Database/Console/Migrations/MigrateCommand.php(109): Illuminate/Database/Migrations/Migrator->usingConnection(NULL, Object(Closure))
#22 D:/caleb/api/safevoice-api/vendor/laravel/framework/src/Illuminate/Database/Console/Migrations/MigrateCommand.php(88): Illuminate/Database/Console/Migrations/MigrateCommand->runMigrations()
#23 D:/caleb/api/safevoice-api/vendor/laravel/framework/src/Illuminate/Container/BoundMethod.php(36): Illuminate/Database/Console/Migrations/MigrateCommand->handle()
#24 D:/caleb/api/safevoice-api/vendor/laravel/framework/src/Illuminate/Container/Util.php(43): Illuminate/Container/BoundMethod::Illuminate/Container/{closure}()
#25 D:/caleb/api/safevoice-api/vendor/laravel/framework/src/Illuminate/Container/BoundMethod.php(96): Illuminate/Container/Util::unwrapIfClosure(Object(Closure))
#26 D:/caleb/api/safevoice-api/vendor/laravel/framework/src/Illuminate/Container/BoundMethod.php(35): Illuminate/Container/BoundMethod::callBoundMethod(Object(Illuminate/Foundation/Application), Array, Object(Closure))
#27 D:/caleb/api/safevoice-api/vendor/laravel/framework/src/Illuminate/Container/Container.php(799): Illuminate/Container/BoundMethod::call(Object(Illuminate/Foundation/Application), Array, Array, NULL)
#28 D:/caleb/api/safevoice-api/vendor/laravel/framework/src/Illuminate/Console/Command.php(211): Illuminate/Container/Container->call(Array)
#29 D:/caleb/api/safevoice-api/vendor/symfony/console/Command/Command.php(341): Illuminate/Console/Command->execute(Object(Symfony/Component/Console/Input/ArgvInput), Object(Illuminate/Console/OutputStyle))
#30 D:/caleb/api/safevoice-api/vendor/laravel/framework/src/Illuminate/Console/Command.php(180): Symfony/Component/Console/Command/Command->run(Object(Symfony/Component/Console/Input/ArgvInput), Object(Illuminate/Console/OutputStyle))
#31 D:/caleb/api/safevoice-api/vendor/symfony/console/Application.php(1117): Illuminate/Console/Command->run(Object(Symfony/Component/Console/Input/ArgvInput), Object(Symfony/Component/Console/Output/ConsoleOutput))
#32 D:/caleb/api/safevoice-api/vendor/symfony/console/Application.php(356): Symfony/Component/Console/Application->doRunCommand(Object(Illuminate/Database/Console/Migrations/MigrateCommand), Object(Symfony/Component/Console/Input/ArgvInput), Object(Symfony/Component/Console/Output/ConsoleOutput))
#33 D:/caleb/api/safevoice-api/vendor/symfony/console/Application.php(195): Symfony/Component/Console/Application->doRun(Object(Symfony/Component/Console/Input/ArgvInput), Object(Symfony/Component/Console/Output/ConsoleOutput))
#34 D:/caleb/api/safevoice-api/vendor/laravel/framework/src/Illuminate/Foundation/Console/Kernel.php(198): Symfony/Component/Console/Application->run(Object(Symfony/Component/Console/Input/ArgvInput), Object(Symfony/Component/Console/Output/ConsoleOutput))
#35 D:/caleb/api/safevoice-api/vendor/laravel/framework/src/Illuminate/Foundation/Application.php(1235): Illuminate/Foundation/Console/Kernel->handle(Object(Symfony/Component/Console/Input/ArgvInput), Object(Symfony/Component/Console/Output/ConsoleOutput))
#36 D:/caleb/api/safevoice-api/artisan(12): Illuminate/Foundation/Application->handleCommand(Object(Symfony/Component/Console/Input/ArgvInput))
#37 {main}
"} 
[2026-07-03 13:56:06] local.ERROR: App\Models\Role\Role::translationForeignKey must return a relationship instance. {"exception":"[object] (LogicException(code: 0): App\\Models\\Role\\Role::translationForeignKey must return a relationship instance. at D:/caleb/api/safevoice-api/vendor/laravel/framework/src/Illuminate/Database/Eloquent/Concerns/HasAttributes.php:632)
[stacktrace]
#0 D:/caleb/api/safevoice-api/vendor/laravel/framework/src/Illuminate/Database/Eloquent/Concerns/HasAttributes.php(575): Illuminate/Database/Eloquent/Model->getRelationshipFromMethod('translationFore...')
#1 D:/caleb/api/safevoice-api/vendor/laravel/framework/src/Illuminate/Database/Eloquent/Concerns/HasAttributes.php(494): Illuminate/Database/Eloquent/Model->getRelationValue('translationFore...')
#2 D:/caleb/api/safevoice-api/vendor/laravel/framework/src/Illuminate/Database/Eloquent/Model.php(2427): Illuminate/Database/Eloquent/Model->getAttribute('translationFore...')
#3 D:/caleb/api/safevoice-api/app/Traits/Translatable.php(84): Illuminate/Database/Eloquent/Model->__get('translationFore...')
#4 D:/caleb/api/safevoice-api/vendor/laravel/framework/src/Illuminate/Database/Eloquent/Concerns/HasAttributes.php(623): App/Models/Role/Role->translationForeignKey()
#5 D:/caleb/api/safevoice-api/vendor/laravel/framework/src/Illuminate/Database/Eloquent/Concerns/HasAttributes.php(575): Illuminate/Database/Eloquent/Model->getRelationshipFromMethod('translationFore...')
#6 D:/caleb/api/safevoice-api/vendor/laravel/framework/src/Illuminate/Database/Eloquent/Concerns/HasAttributes.php(494): Illuminate/Database/Eloquent/Model->getRelationValue('translationFore...')
#7 D:/caleb/api/safevoice-api/vendor/laravel/framework/src/Illuminate/Database/Eloquent/Model.php(2455): Illuminate/Database/Eloquent/Model->getAttribute('translationFore...')
#8 D:/caleb/api/safevoice-api/vendor/laravel/framework/src/Illuminate/Database/Eloquent/Model.php(2508): Illuminate/Database/Eloquent/Model->offsetExists('translationFore...')
#9 D:/caleb/api/safevoice-api/app/Traits/Translatable.php(84): Illuminate/Database/Eloquent/Model->__isset('translationFore...')
#10 D:/caleb/api/safevoice-api/app/Traits/Translatable.php(29): App/Models/Role/Role->translationForeignKey()
#11 D:/caleb/api/safevoice-api/app/Traits/Translatable.php(62): App/Models/Role/Role->translations()
#12 D:/caleb/api/safevoice-api/database/seeders/RoleAndPermissionSeeder.php(55): App/Models/Role/Role->syncTranslations(Array)
#13 D:/caleb/api/safevoice-api/vendor/laravel/framework/src/Illuminate/Container/BoundMethod.php(36): Database/Seeders/RoleAndPermissionSeeder->run()
#14 D:/caleb/api/safevoice-api/vendor/laravel/framework/src/Illuminate/Container/Util.php(43): Illuminate/Container/BoundMethod::Illuminate/Container/{closure}()
#15 D:/caleb/api/safevoice-api/vendor/laravel/framework/src/Illuminate/Container/BoundMethod.php(96): Illuminate/Container/Util::unwrapIfClosure(Object(Closure))
#16 D:/caleb/api/safevoice-api/vendor/laravel/framework/src/Illuminate/Container/BoundMethod.php(35): Illuminate/Container/BoundMethod::callBoundMethod(Object(Illuminate/Foundation/Application), Array, Object(Closure))
#17 D:/caleb/api/safevoice-api/vendor/laravel/framework/src/Illuminate/Container/Container.php(799): Illuminate/Container/BoundMethod::call(Object(Illuminate/Foundation/Application), Array, Array, NULL)
#18 D:/caleb/api/safevoice-api/vendor/laravel/framework/src/Illuminate/Database/Seeder.php(184): Illuminate/Container/Container->call(Array, Array)
#19 D:/caleb/api/safevoice-api/vendor/laravel/framework/src/Illuminate/Database/Seeder.php(193): Illuminate/Database/Seeder->Illuminate/Database/{closure}()
#20 D:/caleb/api/safevoice-api/vendor/laravel/framework/src/Illuminate/Database/Seeder.php(59): Illuminate/Database/Seeder->__invoke(Array)
#21 D:/caleb/api/safevoice-api/database/seeders/DatabaseSeeder.php(17): Illuminate/Database/Seeder->call('Database//Seeder...')
#22 D:/caleb/api/safevoice-api/vendor/laravel/framework/src/Illuminate/Container/BoundMethod.php(36): Database/Seeders/DatabaseSeeder->run()
#23 D:/caleb/api/safevoice-api/vendor/laravel/framework/src/Illuminate/Container/Util.php(43): Illuminate/Container/BoundMethod::Illuminate/Container/{closure}()
#24 D:/caleb/api/safevoice-api/vendor/laravel/framework/src/Illuminate/Container/BoundMethod.php(96): Illuminate/Container/Util::unwrapIfClosure(Object(Closure))
#25 D:/caleb/api/safevoice-api/vendor/laravel/framework/src/Illuminate/Container/BoundMethod.php(35): Illuminate/Container/BoundMethod::callBoundMethod(Object(Illuminate/Foundation/Application), Array, Object(Closure))
#26 D:/caleb/api/safevoice-api/vendor/laravel/framework/src/Illuminate/Container/Container.php(799): Illuminate/Container/BoundMethod::call(Object(Illuminate/Foundation/Application), Array, Array, NULL)
#27 D:/caleb/api/safevoice-api/vendor/laravel/framework/src/Illuminate/Database/Seeder.php(184): Illuminate/Container/Container->call(Array, Array)
#28 D:/caleb/api/safevoice-api/vendor/laravel/framework/src/Illuminate/Database/Seeder.php(193): Illuminate/Database/Seeder->Illuminate/Database/{closure}()
#29 D:/caleb/api/safevoice-api/vendor/laravel/framework/src/Illuminate/Database/Console/Seeds/SeedCommand.php(71): Illuminate/Database/Seeder->__invoke()
#30 D:/caleb/api/safevoice-api/vendor/laravel/framework/src/Illuminate/Database/Eloquent/Concerns/GuardsAttributes.php(157): Illuminate/Database/Console/Seeds/SeedCommand->Illuminate/Database/Console/Seeds/{closure}()
#31 D:/caleb/api/safevoice-api/vendor/laravel/framework/src/Illuminate/Database/Console/Seeds/SeedCommand.php(70): Illuminate/Database/Eloquent/Model::unguarded(Object(Closure))
#32 D:/caleb/api/safevoice-api/vendor/laravel/framework/src/Illuminate/Container/BoundMethod.php(36): Illuminate/Database/Console/Seeds/SeedCommand->handle()
#33 D:/caleb/api/safevoice-api/vendor/laravel/framework/src/Illuminate/Container/Util.php(43): Illuminate/Container/BoundMethod::Illuminate/Container/{closure}()
#34 D:/caleb/api/safevoice-api/vendor/laravel/framework/src/Illuminate/Container/BoundMethod.php(96): Illuminate/Container/Util::unwrapIfClosure(Object(Closure))
#35 D:/caleb/api/safevoice-api/vendor/laravel/framework/src/Illuminate/Container/BoundMethod.php(35): Illuminate/Container/BoundMethod::callBoundMethod(Object(Illuminate/Foundation/Application), Array, Object(Closure))
#36 D:/caleb/api/safevoice-api/vendor/laravel/framework/src/Illuminate/Container/Container.php(799): Illuminate/Container/BoundMethod::call(Object(Illuminate/Foundation/Application), Array, Array, NULL)
#37 D:/caleb/api/safevoice-api/vendor/laravel/framework/src/Illuminate/Console/Command.php(211): Illuminate/Container/Container->call(Array)
#38 D:/caleb/api/safevoice-api/vendor/symfony/console/Command/Command.php(341): Illuminate/Console/Command->execute(Object(Symfony/Component/Console/Input/ArrayInput), Object(Illuminate/Console/OutputStyle))
#39 D:/caleb/api/safevoice-api/vendor/laravel/framework/src/Illuminate/Console/Command.php(180): Symfony/Component/Console/Command/Command->run(Object(Symfony/Component/Console/Input/ArrayInput), Object(Illuminate/Console/OutputStyle))
#40 D:/caleb/api/safevoice-api/vendor/laravel/framework/src/Illuminate/Console/Concerns/CallsCommands.php(68): Illuminate/Console/Command->run(Object(Symfony/Component/Console/Input/ArrayInput), Object(Illuminate/Console/OutputStyle))
#41 D:/caleb/api/safevoice-api/vendor/laravel/framework/src/Illuminate/Console/Concerns/CallsCommands.php(29): Illuminate/Console/Command->runCommand('db:seed', Array, Object(Illuminate/Console/OutputStyle))
#42 D:/caleb/api/safevoice-api/vendor/laravel/framework/src/Illuminate/Database/Console/Migrations/MigrateCommand.php(125): Illuminate/Console/Command->call('db:seed', Array)
#43 D:/caleb/api/safevoice-api/vendor/laravel/framework/src/Illuminate/Database/Migrations/Migrator.php(671): Illuminate/Database/Console/Migrations/MigrateCommand->Illuminate/Database/Console/Migrations/{closure}()
#44 D:/caleb/api/safevoice-api/vendor/laravel/framework/src/Illuminate/Database/Console/Migrations/MigrateCommand.php(109): Illuminate/Database/Migrations/Migrator->usingConnection(NULL, Object(Closure))
#45 D:/caleb/api/safevoice-api/vendor/laravel/framework/src/Illuminate/Database/Console/Migrations/MigrateCommand.php(88): Illuminate/Database/Console/Migrations/MigrateCommand->runMigrations()
#46 D:/caleb/api/safevoice-api/vendor/laravel/framework/src/Illuminate/Container/BoundMethod.php(36): Illuminate/Database/Console/Migrations/MigrateCommand->handle()
#47 D:/caleb/api/safevoice-api/vendor/laravel/framework/src/Illuminate/Container/Util.php(43): Illuminate/Container/BoundMethod::Illuminate/Container/{closure}()
#48 D:/caleb/api/safevoice-api/vendor/laravel/framework/src/Illuminate/Container/BoundMethod.php(96): Illuminate/Container/Util::unwrapIfClosure(Object(Closure))
#49 D:/caleb/api/safevoice-api/vendor/laravel/framework/src/Illuminate/Container/BoundMethod.php(35): Illuminate/Container/BoundMethod::callBoundMethod(Object(Illuminate/Foundation/Application), Array, Object(Closure))
#50 D:/caleb/api/safevoice-api/vendor/laravel/framework/src/Illuminate/Container/Container.php(799): Illuminate/Container/BoundMethod::call(Object(Illuminate/Foundation/Application), Array, Array, NULL)
#51 D:/caleb/api/safevoice-api/vendor/laravel/framework/src/Illuminate/Console/Command.php(211): Illuminate/Container/Container->call(Array)
#52 D:/caleb/api/safevoice-api/vendor/symfony/console/Command/Command.php(341): Illuminate/Console/Command->execute(Object(Symfony/Component/Console/Input/ArgvInput), Object(Illuminate/Console/OutputStyle))
#53 D:/caleb/api/safevoice-api/vendor/laravel/framework/src/Illuminate/Console/Command.php(180): Symfony/Component/Console/Command/Command->run(Object(Symfony/Component/Console/Input/ArgvInput), Object(Illuminate/Console/OutputStyle))
#54 D:/caleb/api/safevoice-api/vendor/symfony/console/Application.php(1117): Illuminate/Console/Command->run(Object(Symfony/Component/Console/Input/ArgvInput), Object(Symfony/Component/Console/Output/ConsoleOutput))
#55 D:/caleb/api/safevoice-api/vendor/symfony/console/Application.php(356): Symfony/Component/Console/Application->doRunCommand(Object(Illuminate/Database/Console/Migrations/MigrateCommand), Object(Symfony/Component/Console/Input/ArgvInput), Object(Symfony/Component/Console/Output/ConsoleOutput))
#56 D:/caleb/api/safevoice-api/vendor/symfony/console/Application.php(195): Symfony/Component/Console/Application->doRun(Object(Symfony/Component/Console/Input/ArgvInput), Object(Symfony/Component/Console/Output/ConsoleOutput))
#57 D:/caleb/api/safevoice-api/vendor/laravel/framework/src/Illuminate/Foundation/Console/Kernel.php(198): Symfony/Component/Console/Application->run(Object(Symfony/Component/Console/Input/ArgvInput), Object(Symfony/Component/Console/Output/ConsoleOutput))
#58 D:/caleb/api/safevoice-api/vendor/laravel/framework/src/Illuminate/Foundation/Application.php(1235): Illuminate/Foundation/Console/Kernel->handle(Object(Symfony/Component/Console/Input/ArgvInput), Object(Symfony/Component/Console/Output/ConsoleOutput))
#59 D:/caleb/api/safevoice-api/artisan(12): Illuminate/Foundation/Application->handleCommand(Object(Symfony/Component/Console/Input/ArgvInput))
#60 {main}
"} 
[2026-07-03 13:59:02] local.ERROR: Uncaught InvalidArgumentException: Please provide a valid cache path. in D:\caleb\api\safevoice-api\vendor\laravel\framework\src\Illuminate\View\Compilers\Compiler.php:75
Stack trace:
#0 D:\caleb\api\safevoice-api\vendor\laravel\framework\src\Illuminate\View\ViewServiceProvider.php(97): Illuminate\View\Compilers\Compiler->__construct(Object(Illuminate\Filesystem\Filesystem), false, '', true, 'php', true)
#1 D:\caleb\api\safevoice-api\vendor\laravel\framework\src\Illuminate\Container\Container.php(1115): Illuminate\View\ViewServiceProvider->Illuminate\View\{closure}(Object(Illuminate\Foundation\Application), Array)
#2 D:\caleb\api\safevoice-api\vendor\laravel\framework\src\Illuminate\Container\Container.php(933): Illuminate\Container\Container->build(Object(Closure))
#3 D:\caleb\api\safevoice-api\vendor\laravel\framework\src\Illuminate\Foundation\Application.php(1078): Illuminate\Container\Container->resolve('blade.compiler', Array, true)
#4 D:\caleb\api\safevoice-api\vendor\laravel\framework\src\Illuminate\Container\Container.php(864): Illuminate\Foundation\Application->resolve('blade.compiler', Array)
#5 D:\caleb\api\safevoice-api\vendor\laravel\framework\src\Illuminate\Foundation\Application.php(1058): Illuminate\Container\Container->make('blade.compiler', Array)
#6 D:\caleb\api\safevoice-api\vendor\laravel\framework\src\Illuminate\Foundation\helpers.php(138): Illuminate\Foundation\Application->make('blade.compiler', Array)
#7 Command line code(1): app('Illuminate\\View...')
#8 {main}
  thrown {"exception":"[object] (Symfony\\Component\\ErrorHandler\\Error\\FatalError(code: 0): Uncaught InvalidArgumentException: Please provide a valid cache path. in D:\\caleb\\api\\safevoice-api\\vendor\\laravel\\framework\\src\\Illuminate\\View\\Compilers\\Compiler.php:75
Stack trace:
#0 D:\\caleb\\api\\safevoice-api\\vendor\\laravel\\framework\\src\\Illuminate\\View\\ViewServiceProvider.php(97): Illuminate\\View\\Compilers\\Compiler->__construct(Object(Illuminate\\Filesystem\\Filesystem), false, '', true, 'php', true)
#1 D:\\caleb\\api\\safevoice-api\\vendor\\laravel\\framework\\src\\Illuminate\\Container\\Container.php(1115): Illuminate\\View\\ViewServiceProvider->Illuminate\\View\\{closure}(Object(Illuminate\\Foundation\\Application), Array)
#2 D:\\caleb\\api\\safevoice-api\\vendor\\laravel\\framework\\src\\Illuminate\\Container\\Container.php(933): Illuminate\\Container\\Container->build(Object(Closure))
#3 D:\\caleb\\api\\safevoice-api\\vendor\\laravel\\framework\\src\\Illuminate\\Foundation\\Application.php(1078): Illuminate\\Container\\Container->resolve('blade.compiler', Array, true)
#4 D:\\caleb\\api\\safevoice-api\\vendor\\laravel\\framework\\src\\Illuminate\\Container\\Container.php(864): Illuminate\\Foundation\\Application->resolve('blade.compiler', Array)
#5 D:\\caleb\\api\\safevoice-api\\vendor\\laravel\\framework\\src\\Illuminate\\Foundation\\Application.php(1058): Illuminate\\Container\\Container->make('blade.compiler', Array)
#6 D:\\caleb\\api\\safevoice-api\\vendor\\laravel\\framework\\src\\Illuminate\\Foundation\\helpers.php(138): Illuminate\\Foundation\\Application->make('blade.compiler', Array)
#7 Command line code(1): app('Illuminate\\\\View...')
#8 {main}
  thrown at D:/caleb/api/safevoice-api/vendor/laravel/framework/src/Illuminate/View/Compilers/Compiler.php:75)
[stacktrace]
#0 {main}
"} 
[2026-07-03 14:00:23] local.ERROR: Uncaught InvalidArgumentException: Please provide a valid cache path. in D:\caleb\api\safevoice-api\vendor\laravel\framework\src\Illuminate\View\Compilers\Compiler.php:75
Stack trace:
#0 D:\caleb\api\safevoice-api\vendor\laravel\framework\src\Illuminate\View\ViewServiceProvider.php(97): Illuminate\View\Compilers\Compiler->__construct(Object(Illuminate\Filesystem\Filesystem), false, '', true, 'php', true)
#1 D:\caleb\api\safevoice-api\vendor\laravel\framework\src\Illuminate\Container\Container.php(1115): Illuminate\View\ViewServiceProvider->Illuminate\View\{closure}(Object(Illuminate\Foundation\Application), Array)
#2 D:\caleb\api\safevoice-api\vendor\laravel\framework\src\Illuminate\Container\Container.php(933): Illuminate\Container\Container->build(Object(Closure))
#3 D:\caleb\api\safevoice-api\vendor\laravel\framework\src\Illuminate\Foundation\Application.php(1078): Illuminate\Container\Container->resolve('blade.compiler', Array, true)
#4 D:\caleb\api\safevoice-api\vendor\laravel\framework\src\Illuminate\Container\Container.php(864): Illuminate\Foundation\Application->resolve('blade.compiler', Array)
#5 D:\caleb\api\safevoice-api\vendor\laravel\framework\src\Illuminate\Foundation\Application.php(1058): Illuminate\Container\Container->make('blade.compiler', Array)
#6 D:\caleb\api\safevoice-api\vendor\laravel\framework\src\Illuminate\Foundation\helpers.php(138): Illuminate\Foundation\Application->make('blade.compiler', Array)
#7 Command line code(1): app('Illuminate\\View...')
#8 {main}
  thrown {"exception":"[object] (Symfony\\Component\\ErrorHandler\\Error\\FatalError(code: 0): Uncaught InvalidArgumentException: Please provide a valid cache path. in D:\\caleb\\api\\safevoice-api\\vendor\\laravel\\framework\\src\\Illuminate\\View\\Compilers\\Compiler.php:75
Stack trace:
#0 D:\\caleb\\api\\safevoice-api\\vendor\\laravel\\framework\\src\\Illuminate\\View\\ViewServiceProvider.php(97): Illuminate\\View\\Compilers\\Compiler->__construct(Object(Illuminate\\Filesystem\\Filesystem), false, '', true, 'php', true)
#1 D:\\caleb\\api\\safevoice-api\\vendor\\laravel\\framework\\src\\Illuminate\\Container\\Container.php(1115): Illuminate\\View\\ViewServiceProvider->Illuminate\\View\\{closure}(Object(Illuminate\\Foundation\\Application), Array)
#2 D:\\caleb\\api\\safevoice-api\\vendor\\laravel\\framework\\src\\Illuminate\\Container\\Container.php(933): Illuminate\\Container\\Container->build(Object(Closure))
#3 D:\\caleb\\api\\safevoice-api\\vendor\\laravel\\framework\\src\\Illuminate\\Foundation\\Application.php(1078): Illuminate\\Container\\Container->resolve('blade.compiler', Array, true)
#4 D:\\caleb\\api\\safevoice-api\\vendor\\laravel\\framework\\src\\Illuminate\\Container\\Container.php(864): Illuminate\\Foundation\\Application->resolve('blade.compiler', Array)
#5 D:\\caleb\\api\\safevoice-api\\vendor\\laravel\\framework\\src\\Illuminate\\Foundation\\Application.php(1058): Illuminate\\Container\\Container->make('blade.compiler', Array)
#6 D:\\caleb\\api\\safevoice-api\\vendor\\laravel\\framework\\src\\Illuminate\\Foundation\\helpers.php(138): Illuminate\\Foundation\\Application->make('blade.compiler', Array)
#7 Command line code(1): app('Illuminate\\\\View...')
#8 {main}
  thrown at D:/caleb/api/safevoice-api/vendor/laravel/framework/src/Illuminate/View/Compilers/Compiler.php:75)
[stacktrace]
#0 {main}
"} 
[2026-07-03 14:09:01] local.ERROR: Uncaught InvalidArgumentException: Please provide a valid cache path. in D:\caleb\api\safevoice-api\vendor\laravel\framework\src\Illuminate\View\Compilers\Compiler.php:75
Stack trace:
#0 D:\caleb\api\safevoice-api\vendor\laravel\framework\src\Illuminate\View\ViewServiceProvider.php(97): Illuminate\View\Compilers\Compiler->__construct(Object(Illuminate\Filesystem\Filesystem), false, '', true, 'php', true)
#1 D:\caleb\api\safevoice-api\vendor\laravel\framework\src\Illuminate\Container\Container.php(1115): Illuminate\View\ViewServiceProvider->Illuminate\View\{closure}(Object(Illuminate\Foundation\Application), Array)
#2 D:\caleb\api\safevoice-api\vendor\laravel\framework\src\Illuminate\Container\Container.php(933): Illuminate\Container\Container->build(Object(Closure))
#3 D:\caleb\api\safevoice-api\vendor\laravel\framework\src\Illuminate\Foundation\Application.php(1078): Illuminate\Container\Container->resolve('blade.compiler', Array, true)
#4 D:\caleb\api\safevoice-api\vendor\laravel\framework\src\Illuminate\Container\Container.php(864): Illuminate\Foundation\Application->resolve('blade.compiler', Array)
#5 D:\caleb\api\safevoice-api\vendor\laravel\framework\src\Illuminate\Foundation\Application.php(1058): Illuminate\Container\Container->make('blade.compiler', Array)
#6 D:\caleb\api\safevoice-api\vendor\laravel\framework\src\Illuminate\Foundation\helpers.php(138): Illuminate\Foundation\Application->make('blade.compiler', Array)
#7 Command line code(1): app('Illuminate\\View...')
#8 {main}
  thrown {"exception":"[object] (Symfony\\Component\\ErrorHandler\\Error\\FatalError(code: 0): Uncaught InvalidArgumentException: Please provide a valid cache path. in D:\\caleb\\api\\safevoice-api\\vendor\\laravel\\framework\\src\\Illuminate\\View\\Compilers\\Compiler.php:75
Stack trace:
#0 D:\\caleb\\api\\safevoice-api\\vendor\\laravel\\framework\\src\\Illuminate\\View\\ViewServiceProvider.php(97): Illuminate\\View\\Compilers\\Compiler->__construct(Object(Illuminate\\Filesystem\\Filesystem), false, '', true, 'php', true)
#1 D:\\caleb\\api\\safevoice-api\\vendor\\laravel\\framework\\src\\Illuminate\\Container\\Container.php(1115): Illuminate\\View\\ViewServiceProvider->Illuminate\\View\\{closure}(Object(Illuminate\\Foundation\\Application), Array)
#2 D:\\caleb\\api\\safevoice-api\\vendor\\laravel\\framework\\src\\Illuminate\\Container\\Container.php(933): Illuminate\\Container\\Container->build(Object(Closure))
#3 D:\\caleb\\api\\safevoice-api\\vendor\\laravel\\framework\\src\\Illuminate\\Foundation\\Application.php(1078): Illuminate\\Container\\Container->resolve('blade.compiler', Array, true)
#4 D:\\caleb\\api\\safevoice-api\\vendor\\laravel\\framework\\src\\Illuminate\\Container\\Container.php(864): Illuminate\\Foundation\\Application->resolve('blade.compiler', Array)
#5 D:\\caleb\\api\\safevoice-api\\vendor\\laravel\\framework\\src\\Illuminate\\Foundation\\Application.php(1058): Illuminate\\Container\\Container->make('blade.compiler', Array)
#6 D:\\caleb\\api\\safevoice-api\\vendor\\laravel\\framework\\src\\Illuminate\\Foundation\\helpers.php(138): Illuminate\\Foundation\\Application->make('blade.compiler', Array)
#7 Command line code(1): app('Illuminate\\\\View...')
#8 {main}
  thrown at D:/caleb/api/safevoice-api/vendor/laravel/framework/src/Illuminate/View/Compilers/Compiler.php:75)
[stacktrace]
#0 {main}
"} 
[2026-07-03 14:10:24] local.ERROR: Uncaught InvalidArgumentException: Please provide a valid cache path. in D:\caleb\api\safevoice-api\vendor\laravel\framework\src\Illuminate\View\Compilers\Compiler.php:75
Stack trace:
#0 D:\caleb\api\safevoice-api\vendor\laravel\framework\src\Illuminate\View\ViewServiceProvider.php(97): Illuminate\View\Compilers\Compiler->__construct(Object(Illuminate\Filesystem\Filesystem), false, '', true, 'php', true)
#1 D:\caleb\api\safevoice-api\vendor\laravel\framework\src\Illuminate\Container\Container.php(1115): Illuminate\View\ViewServiceProvider->Illuminate\View\{closure}(Object(Illuminate\Foundation\Application), Array)
#2 D:\caleb\api\safevoice-api\vendor\laravel\framework\src\Illuminate\Container\Container.php(933): Illuminate\Container\Container->build(Object(Closure))
#3 D:\caleb\api\safevoice-api\vendor\laravel\framework\src\Illuminate\Foundation\Application.php(1078): Illuminate\Container\Container->resolve('blade.compiler', Array, true)
#4 D:\caleb\api\safevoice-api\vendor\laravel\framework\src\Illuminate\Container\Container.php(864): Illuminate\Foundation\Application->resolve('blade.compiler', Array)
#5 D:\caleb\api\safevoice-api\vendor\laravel\framework\src\Illuminate\Foundation\Application.php(1058): Illuminate\Container\Container->make('blade.compiler', Array)
#6 D:\caleb\api\safevoice-api\vendor\laravel\framework\src\Illuminate\Foundation\helpers.php(138): Illuminate\Foundation\Application->make('blade.compiler', Array)
#7 Command line code(1): app('Illuminate\\View...')
#8 {main}
  thrown {"exception":"[object] (Symfony\\Component\\ErrorHandler\\Error\\FatalError(code: 0): Uncaught InvalidArgumentException: Please provide a valid cache path. in D:\\caleb\\api\\safevoice-api\\vendor\\laravel\\framework\\src\\Illuminate\\View\\Compilers\\Compiler.php:75
Stack trace:
#0 D:\\caleb\\api\\safevoice-api\\vendor\\laravel\\framework\\src\\Illuminate\\View\\ViewServiceProvider.php(97): Illuminate\\View\\Compilers\\Compiler->__construct(Object(Illuminate\\Filesystem\\Filesystem), false, '', true, 'php', true)
#1 D:\\caleb\\api\\safevoice-api\\vendor\\laravel\\framework\\src\\Illuminate\\Container\\Container.php(1115): Illuminate\\View\\ViewServiceProvider->Illuminate\\View\\{closure}(Object(Illuminate\\Foundation\\Application), Array)
#2 D:\\caleb\\api\\safevoice-api\\vendor\\laravel\\framework\\src\\Illuminate\\Container\\Container.php(933): Illuminate\\Container\\Container->build(Object(Closure))
#3 D:\\caleb\\api\\safevoice-api\\vendor\\laravel\\framework\\src\\Illuminate\\Foundation\\Application.php(1078): Illuminate\\Container\\Container->resolve('blade.compiler', Array, true)
#4 D:\\caleb\\api\\safevoice-api\\vendor\\laravel\\framework\\src\\Illuminate\\Container\\Container.php(864): Illuminate\\Foundation\\Application->resolve('blade.compiler', Array)
#5 D:\\caleb\\api\\safevoice-api\\vendor\\laravel\\framework\\src\\Illuminate\\Foundation\\Application.php(1058): Illuminate\\Container\\Container->make('blade.compiler', Array)
#6 D:\\caleb\\api\\safevoice-api\\vendor\\laravel\\framework\\src\\Illuminate\\Foundation\\helpers.php(138): Illuminate\\Foundation\\Application->make('blade.compiler', Array)
#7 Command line code(1): app('Illuminate\\\\View...')
#8 {main}
  thrown at D:/caleb/api/safevoice-api/vendor/laravel/framework/src/Illuminate/View/Compilers/Compiler.php:75)
[stacktrace]
#0 {main}
"} 
[2026-07-03 14:10:37] local.ERROR: Please provide a valid cache path. {"exception":"[object] (InvalidArgumentException(code: 0): Please provide a valid cache path. at D:/caleb/api/safevoice-api/vendor/laravel/framework/src/Illuminate/View/Compilers/Compiler.php:75)
[stacktrace]
#0 D:/caleb/api/safevoice-api/vendor/laravel/framework/src/Illuminate/View/ViewServiceProvider.php(97): Illuminate/View/Compilers/Compiler->__construct(Object(Illuminate/Filesystem/Filesystem), false, '', true, 'php', true)
#1 D:/caleb/api/safevoice-api/vendor/laravel/framework/src/Illuminate/Container/Container.php(1115): Illuminate/View/ViewServiceProvider->Illuminate/View/{closure}(Object(Illuminate/Foundation/Application), Array)
#2 D:/caleb/api/safevoice-api/vendor/laravel/framework/src/Illuminate/Container/Container.php(933): Illuminate/Container/Container->build(Object(Closure))
#3 D:/caleb/api/safevoice-api/vendor/laravel/framework/src/Illuminate/Foundation/Application.php(1078): Illuminate/Container/Container->resolve('blade.compiler', Array, true)
#4 D:/caleb/api/safevoice-api/vendor/laravel/framework/src/Illuminate/Container/Container.php(864): Illuminate/Foundation/Application->resolve('blade.compiler', Array)
#5 D:/caleb/api/safevoice-api/vendor/laravel/framework/src/Illuminate/Foundation/Application.php(1058): Illuminate/Container/Container->make('blade.compiler', Array)
#6 D:/caleb/api/safevoice-api/vendor/laravel/framework/src/Illuminate/View/ViewServiceProvider.php(169): Illuminate/Foundation/Application->make('blade.compiler')
#7 [internal function]: Illuminate/View/ViewServiceProvider->Illuminate/View/{closure}()
#8 D:/caleb/api/safevoice-api/vendor/laravel/framework/src/Illuminate/View/Engines/EngineResolver.php(55): call_user_func(Object(Closure))
#9 D:/caleb/api/safevoice-api/vendor/laravel/framework/src/Illuminate/View/Factory.php(325): Illuminate/View/Engines/EngineResolver->resolve('blade')
#10 D:/caleb/api/safevoice-api/vendor/laravel/framework/src/Illuminate/View/Factory.php(287): Illuminate/View/Factory->getEngineFromPath('D://caleb//api//sa...')
#11 D:/caleb/api/safevoice-api/vendor/laravel/framework/src/Illuminate/View/Factory.php(159): Illuminate/View/Factory->viewInstance('errors::404', 'D://caleb//api//sa...', Array)
#12 D:/caleb/api/safevoice-api/vendor/laravel/framework/src/Illuminate/Routing/ResponseFactory.php(91): Illuminate/View/Factory->make('errors::404', Array)
#13 D:/caleb/api/safevoice-api/vendor/laravel/framework/src/Illuminate/Foundation/Exceptions/Handler.php(926): Illuminate/Routing/ResponseFactory->view('errors::404', Array, 404, Array)
#14 D:/caleb/api/safevoice-api/vendor/laravel/framework/src/Illuminate/Foundation/Exceptions/Handler.php(847): Illuminate/Foundation/Exceptions/Handler->renderHttpException(Object(Symfony/Component/HttpKernel/Exception/NotFoundHttpException))
#15 D:/caleb/api/safevoice-api/vendor/laravel/framework/src/Illuminate/Foundation/Exceptions/Handler.php(738): Illuminate/Foundation/Exceptions/Handler->prepareResponse(Object(Illuminate/Http/Request), Object(Symfony/Component/HttpKernel/Exception/NotFoundHttpException))
#16 D:/caleb/api/safevoice-api/vendor/laravel/framework/src/Illuminate/Foundation/Exceptions/Handler.php(626): Illuminate/Foundation/Exceptions/Handler->renderExceptionResponse(Object(Illuminate/Http/Request), Object(Symfony/Component/HttpKernel/Exception/NotFoundHttpException))
#17 D:/caleb/api/safevoice-api/vendor/laravel/framework/src/Illuminate/Routing/Pipeline.php(51): Illuminate/Foundation/Exceptions/Handler->render(Object(Illuminate/Http/Request), Object(Symfony/Component/HttpKernel/Exception/NotFoundHttpException))
#18 D:/caleb/api/safevoice-api/vendor/laravel/framework/src/Illuminate/Pipeline/Pipeline.php(182): Illuminate/Routing/Pipeline->handleException(Object(Illuminate/Http/Request), Object(Symfony/Component/HttpKernel/Exception/NotFoundHttpException))
#19 D:/caleb/api/safevoice-api/vendor/laravel/framework/src/Illuminate/Foundation/Http/Middleware/TransformsRequest.php(21): Illuminate/Pipeline/Pipeline->Illuminate/Pipeline/{closure}(Object(Illuminate/Http/Request))
#20 D:/caleb/api/safevoice-api/vendor/laravel/framework/src/Illuminate/Foundation/Http/Middleware/ConvertEmptyStringsToNull.php(31): Illuminate/Foundation/Http/Middleware/TransformsRequest->handle(Object(Illuminate/Http/Request), Object(Closure))
#21 D:/caleb/api/safevoice-api/vendor/laravel/framework/src/Illuminate/Pipeline/Pipeline.php(219): Illuminate/Foundation/Http/Middleware/ConvertEmptyStringsToNull->handle(Object(Illuminate/Http/Request), Object(Closure))
#22 D:/caleb/api/safevoice-api/vendor/laravel/framework/src/Illuminate/Foundation/Http/Middleware/TransformsRequest.php(21): Illuminate/Pipeline/Pipeline->Illuminate/Pipeline/{closure}(Object(Illuminate/Http/Request))
#23 D:/caleb/api/safevoice-api/vendor/laravel/framework/src/Illuminate/Foundation/Http/Middleware/TrimStrings.php(51): Illuminate/Foundation/Http/Middleware/TransformsRequest->handle(Object(Illuminate/Http/Request), Object(Closure))
#24 D:/caleb/api/safevoice-api/vendor/laravel/framework/src/Illuminate/Pipeline/Pipeline.php(219): Illuminate/Foundation/Http/Middleware/TrimStrings->handle(Object(Illuminate/Http/Request), Object(Closure))
#25 D:/caleb/api/safevoice-api/vendor/laravel/framework/src/Illuminate/Http/Middleware/ValidatePostSize.php(27): Illuminate/Pipeline/Pipeline->Illuminate/Pipeline/{closure}(Object(Illuminate/Http/Request))
#26 D:/caleb/api/safevoice-api/vendor/laravel/framework/src/Illuminate/Pipeline/Pipeline.php(219): Illuminate/Http/Middleware/ValidatePostSize->handle(Object(Illuminate/Http/Request), Object(Closure))
#27 D:/caleb/api/safevoice-api/vendor/laravel/framework/src/Illuminate/Foundation/Http/Middleware/PreventRequestsDuringMaintenance.php(109): Illuminate/Pipeline/Pipeline->Illuminate/Pipeline/{closure}(Object(Illuminate/Http/Request))
#28 D:/caleb/api/safevoice-api/vendor/laravel/framework/src/Illuminate/Pipeline/Pipeline.php(219): Illuminate/Foundation/Http/Middleware/PreventRequestsDuringMaintenance->handle(Object(Illuminate/Http/Request), Object(Closure))
#29 D:/caleb/api/safevoice-api/vendor/laravel/framework/src/Illuminate/Http/Middleware/HandleCors.php(61): Illuminate/Pipeline/Pipeline->Illuminate/Pipeline/{closure}(Object(Illuminate/Http/Request))
#30 D:/caleb/api/safevoice-api/vendor/laravel/framework/src/Illuminate/Pipeline/Pipeline.php(219): Illuminate/Http/Middleware/HandleCors->handle(Object(Illuminate/Http/Request), Object(Closure))
#31 D:/caleb/api/safevoice-api/vendor/laravel/framework/src/Illuminate/Http/Middleware/TrustProxies.php(58): Illuminate/Pipeline/Pipeline->Illuminate/Pipeline/{closure}(Object(Illuminate/Http/Request))
#32 D:/caleb/api/safevoice-api/vendor/laravel/framework/src/Illuminate/Pipeline/Pipeline.php(219): Illuminate/Http/Middleware/TrustProxies->handle(Object(Illuminate/Http/Request), Object(Closure))
#33 D:/caleb/api/safevoice-api/vendor/laravel/framework/src/Illuminate/Foundation/Http/Middleware/InvokeDeferredCallbacks.php(22): Illuminate/Pipeline/Pipeline->Illuminate/Pipeline/{closure}(Object(Illuminate/Http/Request))
#34 D:/caleb/api/safevoice-api/vendor/laravel/framework/src/Illuminate/Pipeline/Pipeline.php(219): Illuminate/Foundation/Http/Middleware/InvokeDeferredCallbacks->handle(Object(Illuminate/Http/Request), Object(Closure))
#35 D:/caleb/api/safevoice-api/vendor/laravel/framework/src/Illuminate/Http/Middleware/ValidatePathEncoding.php(26): Illuminate/Pipeline/Pipeline->Illuminate/Pipeline/{closure}(Object(Illuminate/Http/Request))
#36 D:/caleb/api/safevoice-api/vendor/laravel/framework/src/Illuminate/Pipeline/Pipeline.php(219): Illuminate/Http/Middleware/ValidatePathEncoding->handle(Object(Illuminate/Http/Request), Object(Closure))
#37 D:/caleb/api/safevoice-api/vendor/laravel/framework/src/Illuminate/Pipeline/Pipeline.php(137): Illuminate/Pipeline/Pipeline->Illuminate/Pipeline/{closure}(Object(Illuminate/Http/Request))
#38 D:/caleb/api/safevoice-api/vendor/laravel/framework/src/Illuminate/Foundation/Http/Kernel.php(175): Illuminate/Pipeline/Pipeline->then(Object(Closure))
#39 D:/caleb/api/safevoice-api/vendor/laravel/framework/src/Illuminate/Foundation/Http/Kernel.php(144): Illuminate/Foundation/Http/Kernel->sendRequestThroughRouter(Object(Illuminate/Http/Request))
#40 D:/caleb/api/safevoice-api/vendor/laravel/framework/src/Illuminate/Foundation/Application.php(1220): Illuminate/Foundation/Http/Kernel->handle(Object(Illuminate/Http/Request))
#41 D:/caleb/api/safevoice-api/public/index.php(14): Illuminate/Foundation/Application->handleRequest(Object(Illuminate/Http/Request))
#42 D:/caleb/api/safevoice-api/vendor/laravel/framework/src/Illuminate/Foundation/resources/server.php(23): require_once('D://caleb//api//sa...')
#43 {main}
"} 
[2026-07-03 14:10:51] local.ERROR: Please provide a valid cache path. {"exception":"[object] (InvalidArgumentException(code: 0): Please provide a valid cache path. at D:/caleb/api/safevoice-api/vendor/laravel/framework/src/Illuminate/View/Compilers/Compiler.php:75)
[stacktrace]
#0 D:/caleb/api/safevoice-api/vendor/laravel/framework/src/Illuminate/View/ViewServiceProvider.php(97): Illuminate/View/Compilers/Compiler->__construct(Object(Illuminate/Filesystem/Filesystem), false, '', true, 'php', true)
#1 D:/caleb/api/safevoice-api/vendor/laravel/framework/src/Illuminate/Container/Container.php(1115): Illuminate/View/ViewServiceProvider->Illuminate/View/{closure}(Object(Illuminate/Foundation/Application), Array)
#2 D:/caleb/api/safevoice-api/vendor/laravel/framework/src/Illuminate/Container/Container.php(933): Illuminate/Container/Container->build(Object(Closure))
#3 D:/caleb/api/safevoice-api/vendor/laravel/framework/src/Illuminate/Foundation/Application.php(1078): Illuminate/Container/Container->resolve('blade.compiler', Array, true)
#4 D:/caleb/api/safevoice-api/vendor/laravel/framework/src/Illuminate/Container/Container.php(864): Illuminate/Foundation/Application->resolve('blade.compiler', Array)
#5 D:/caleb/api/safevoice-api/vendor/laravel/framework/src/Illuminate/Foundation/Application.php(1058): Illuminate/Container/Container->make('blade.compiler', Array)
#6 D:/caleb/api/safevoice-api/vendor/laravel/framework/src/Illuminate/View/ViewServiceProvider.php(169): Illuminate/Foundation/Application->make('blade.compiler')
#7 [internal function]: Illuminate/View/ViewServiceProvider->Illuminate/View/{closure}()
#8 D:/caleb/api/safevoice-api/vendor/laravel/framework/src/Illuminate/View/Engines/EngineResolver.php(55): call_user_func(Object(Closure))
#9 D:/caleb/api/safevoice-api/vendor/laravel/framework/src/Illuminate/View/Factory.php(325): Illuminate/View/Engines/EngineResolver->resolve('blade')
#10 D:/caleb/api/safevoice-api/vendor/laravel/framework/src/Illuminate/View/Factory.php(287): Illuminate/View/Factory->getEngineFromPath('D://caleb//api//sa...')
#11 D:/caleb/api/safevoice-api/vendor/laravel/framework/src/Illuminate/View/Factory.php(159): Illuminate/View/Factory->viewInstance('errors::404', 'D://caleb//api//sa...', Array)
#12 D:/caleb/api/safevoice-api/vendor/laravel/framework/src/Illuminate/Routing/ResponseFactory.php(91): Illuminate/View/Factory->make('errors::404', Array)
#13 D:/caleb/api/safevoice-api/vendor/laravel/framework/src/Illuminate/Foundation/Exceptions/Handler.php(926): Illuminate/Routing/ResponseFactory->view('errors::404', Array, 404, Array)
#14 D:/caleb/api/safevoice-api/vendor/laravel/framework/src/Illuminate/Foundation/Exceptions/Handler.php(847): Illuminate/Foundation/Exceptions/Handler->renderHttpException(Object(Symfony/Component/HttpKernel/Exception/NotFoundHttpException))
#15 D:/caleb/api/safevoice-api/vendor/laravel/framework/src/Illuminate/Foundation/Exceptions/Handler.php(738): Illuminate/Foundation/Exceptions/Handler->prepareResponse(Object(Illuminate/Http/Request), Object(Symfony/Component/HttpKernel/Exception/NotFoundHttpException))
#16 D:/caleb/api/safevoice-api/vendor/laravel/framework/src/Illuminate/Foundation/Exceptions/Handler.php(626): Illuminate/Foundation/Exceptions/Handler->renderExceptionResponse(Object(Illuminate/Http/Request), Object(Symfony/Component/HttpKernel/Exception/NotFoundHttpException))
#17 D:/caleb/api/safevoice-api/vendor/laravel/framework/src/Illuminate/Routing/Pipeline.php(51): Illuminate/Foundation/Exceptions/Handler->render(Object(Illuminate/Http/Request), Object(Symfony/Component/HttpKernel/Exception/NotFoundHttpException))
#18 D:/caleb/api/safevoice-api/vendor/laravel/framework/src/Illuminate/Pipeline/Pipeline.php(182): Illuminate/Routing/Pipeline->handleException(Object(Illuminate/Http/Request), Object(Symfony/Component/HttpKernel/Exception/NotFoundHttpException))
#19 D:/caleb/api/safevoice-api/vendor/laravel/framework/src/Illuminate/Foundation/Http/Middleware/TransformsRequest.php(21): Illuminate/Pipeline/Pipeline->Illuminate/Pipeline/{closure}(Object(Illuminate/Http/Request))
#20 D:/caleb/api/safevoice-api/vendor/laravel/framework/src/Illuminate/Foundation/Http/Middleware/ConvertEmptyStringsToNull.php(31): Illuminate/Foundation/Http/Middleware/TransformsRequest->handle(Object(Illuminate/Http/Request), Object(Closure))
#21 D:/caleb/api/safevoice-api/vendor/laravel/framework/src/Illuminate/Pipeline/Pipeline.php(219): Illuminate/Foundation/Http/Middleware/ConvertEmptyStringsToNull->handle(Object(Illuminate/Http/Request), Object(Closure))
#22 D:/caleb/api/safevoice-api/vendor/laravel/framework/src/Illuminate/Foundation/Http/Middleware/TransformsRequest.php(21): Illuminate/Pipeline/Pipeline->Illuminate/Pipeline/{closure}(Object(Illuminate/Http/Request))
#23 D:/caleb/api/safevoice-api/vendor/laravel/framework/src/Illuminate/Foundation/Http/Middleware/TrimStrings.php(51): Illuminate/Foundation/Http/Middleware/TransformsRequest->handle(Object(Illuminate/Http/Request), Object(Closure))
#24 D:/caleb/api/safevoice-api/vendor/laravel/framework/src/Illuminate/Pipeline/Pipeline.php(219): Illuminate/Foundation/Http/Middleware/TrimStrings->handle(Object(Illuminate/Http/Request), Object(Closure))
#25 D:/caleb/api/safevoice-api/vendor/laravel/framework/src/Illuminate/Http/Middleware/ValidatePostSize.php(27): Illuminate/Pipeline/Pipeline->Illuminate/Pipeline/{closure}(Object(Illuminate/Http/Request))
#26 D:/caleb/api/safevoice-api/vendor/laravel/framework/src/Illuminate/Pipeline/Pipeline.php(219): Illuminate/Http/Middleware/ValidatePostSize->handle(Object(Illuminate/Http/Request), Object(Closure))
#27 D:/caleb/api/safevoice-api/vendor/laravel/framework/src/Illuminate/Foundation/Http/Middleware/PreventRequestsDuringMaintenance.php(109): Illuminate/Pipeline/Pipeline->Illuminate/Pipeline/{closure}(Object(Illuminate/Http/Request))
#28 D:/caleb/api/safevoice-api/vendor/laravel/framework/src/Illuminate/Pipeline/Pipeline.php(219): Illuminate/Foundation/Http/Middleware/PreventRequestsDuringMaintenance->handle(Object(Illuminate/Http/Request), Object(Closure))
#29 D:/caleb/api/safevoice-api/vendor/laravel/framework/src/Illuminate/Http/Middleware/HandleCors.php(61): Illuminate/Pipeline/Pipeline->Illuminate/Pipeline/{closure}(Object(Illuminate/Http/Request))
#30 D:/caleb/api/safevoice-api/vendor/laravel/framework/src/Illuminate/Pipeline/Pipeline.php(219): Illuminate/Http/Middleware/HandleCors->handle(Object(Illuminate/Http/Request), Object(Closure))
#31 D:/caleb/api/safevoice-api/vendor/laravel/framework/src/Illuminate/Http/Middleware/TrustProxies.php(58): Illuminate/Pipeline/Pipeline->Illuminate/Pipeline/{closure}(Object(Illuminate/Http/Request))
#32 D:/caleb/api/safevoice-api/vendor/laravel/framework/src/Illuminate/Pipeline/Pipeline.php(219): Illuminate/Http/Middleware/TrustProxies->handle(Object(Illuminate/Http/Request), Object(Closure))
#33 D:/caleb/api/safevoice-api/vendor/laravel/framework/src/Illuminate/Foundation/Http/Middleware/InvokeDeferredCallbacks.php(22): Illuminate/Pipeline/Pipeline->Illuminate/Pipeline/{closure}(Object(Illuminate/Http/Request))
#34 D:/caleb/api/safevoice-api/vendor/laravel/framework/src/Illuminate/Pipeline/Pipeline.php(219): Illuminate/Foundation/Http/Middleware/InvokeDeferredCallbacks->handle(Object(Illuminate/Http/Request), Object(Closure))
#35 D:/caleb/api/safevoice-api/vendor/laravel/framework/src/Illuminate/Http/Middleware/ValidatePathEncoding.php(26): Illuminate/Pipeline/Pipeline->Illuminate/Pipeline/{closure}(Object(Illuminate/Http/Request))
#36 D:/caleb/api/safevoice-api/vendor/laravel/framework/src/Illuminate/Pipeline/Pipeline.php(219): Illuminate/Http/Middleware/ValidatePathEncoding->handle(Object(Illuminate/Http/Request), Object(Closure))
#37 D:/caleb/api/safevoice-api/vendor/laravel/framework/src/Illuminate/Pipeline/Pipeline.php(137): Illuminate/Pipeline/Pipeline->Illuminate/Pipeline/{closure}(Object(Illuminate/Http/Request))
#38 D:/caleb/api/safevoice-api/vendor/laravel/framework/src/Illuminate/Foundation/Http/Kernel.php(175): Illuminate/Pipeline/Pipeline->then(Object(Closure))
#39 D:/caleb/api/safevoice-api/vendor/laravel/framework/src/Illuminate/Foundation/Http/Kernel.php(144): Illuminate/Foundation/Http/Kernel->sendRequestThroughRouter(Object(Illuminate/Http/Request))
#40 D:/caleb/api/safevoice-api/vendor/laravel/framework/src/Illuminate/Foundation/Application.php(1220): Illuminate/Foundation/Http/Kernel->handle(Object(Illuminate/Http/Request))
#41 D:/caleb/api/safevoice-api/public/index.php(14): Illuminate/Foundation/Application->handleRequest(Object(Illuminate/Http/Request))
#42 D:/caleb/api/safevoice-api/vendor/laravel/framework/src/Illuminate/Foundation/resources/server.php(23): require_once('D://caleb//api//sa...')
#43 {main}
"} 
[2026-07-03 14:12:13] local.ERROR: The "D:\caleb\api\safevoice-api\resources\views" directory does not exist. {"exception":"[object] (Symfony\\Component\\Finder\\Exception\\DirectoryNotFoundException(code: 0): The \"D:\\caleb\\api\\safevoice-api\\resources\\views\" directory does not exist. at D:/caleb/api/safevoice-api/vendor/symfony/finder/Finder.php:648)
[stacktrace]
#0 D:/caleb/api/safevoice-api/vendor/laravel/framework/src/Illuminate/Foundation/Console/ViewCacheCommand.php(88): Symfony/Component/Finder/Finder->in(Array)
#1 D:/caleb/api/safevoice-api/vendor/laravel/framework/src/Illuminate/Foundation/Console/ViewCacheCommand.php(43): Illuminate/Foundation/Console/ViewCacheCommand->bladeFilesIn(Array)
#2 D:/caleb/api/safevoice-api/vendor/laravel/framework/src/Illuminate/Collections/Traits/EnumeratesValues.php(275): Illuminate/Foundation/Console/ViewCacheCommand->Illuminate/Foundation/Console/{closure}('D://caleb//api//sa...', 0)
#3 D:/caleb/api/safevoice-api/vendor/laravel/framework/src/Illuminate/Foundation/Console/ViewCacheCommand.php(38): Illuminate/Support/Collection->each(Object(Closure))
#4 D:/caleb/api/safevoice-api/vendor/laravel/framework/src/Illuminate/Container/BoundMethod.php(36): Illuminate/Foundation/Console/ViewCacheCommand->handle()
#5 D:/caleb/api/safevoice-api/vendor/laravel/framework/src/Illuminate/Container/Util.php(43): Illuminate/Container/BoundMethod::Illuminate/Container/{closure}()
#6 D:/caleb/api/safevoice-api/vendor/laravel/framework/src/Illuminate/Container/BoundMethod.php(96): Illuminate/Container/Util::unwrapIfClosure(Object(Closure))
#7 D:/caleb/api/safevoice-api/vendor/laravel/framework/src/Illuminate/Container/BoundMethod.php(35): Illuminate/Container/BoundMethod::callBoundMethod(Object(Illuminate/Foundation/Application), Array, Object(Closure))
#8 D:/caleb/api/safevoice-api/vendor/laravel/framework/src/Illuminate/Container/Container.php(799): Illuminate/Container/BoundMethod::call(Object(Illuminate/Foundation/Application), Array, Array, NULL)
#9 D:/caleb/api/safevoice-api/vendor/laravel/framework/src/Illuminate/Console/Command.php(211): Illuminate/Container/Container->call(Array)
#10 D:/caleb/api/safevoice-api/vendor/symfony/console/Command/Command.php(341): Illuminate/Console/Command->execute(Object(Symfony/Component/Console/Input/ArrayInput), Object(Illuminate/Console/OutputStyle))
#11 D:/caleb/api/safevoice-api/vendor/laravel/framework/src/Illuminate/Console/Command.php(180): Symfony/Component/Console/Command/Command->run(Object(Symfony/Component/Console/Input/ArrayInput), Object(Illuminate/Console/OutputStyle))
#12 D:/caleb/api/safevoice-api/vendor/laravel/framework/src/Illuminate/Console/Concerns/CallsCommands.php(68): Illuminate/Console/Command->run(Object(Symfony/Component/Console/Input/ArrayInput), Object(Symfony/Component/Console/Output/NullOutput))
#13 D:/caleb/api/safevoice-api/vendor/laravel/framework/src/Illuminate/Console/Concerns/CallsCommands.php(41): Illuminate/Console/Command->runCommand('view:cache', Array, Object(Symfony/Component/Console/Output/NullOutput))
#14 D:/caleb/api/safevoice-api/vendor/laravel/framework/src/Illuminate/Console/Concerns/CallsCommands.php(53): Illuminate/Console/Command->callSilent('view:cache', Array)
#15 D:/caleb/api/safevoice-api/vendor/laravel/framework/src/Illuminate/Foundation/Console/OptimizeCommand.php(48): Illuminate/Console/Command->callSilently('view:cache')
#16 D:/caleb/api/safevoice-api/vendor/laravel/framework/src/Illuminate/Console/View/Components/Task.php(41): Illuminate/Foundation/Console/OptimizeCommand->Illuminate/Foundation/Console/{closure}()
#17 D:/caleb/api/safevoice-api/vendor/laravel/framework/src/Illuminate/Console/View/Components/Factory.php(59): Illuminate/Console/View/Components/Task->render('views', Object(Closure))
#18 D:/caleb/api/safevoice-api/vendor/laravel/framework/src/Illuminate/Foundation/Console/OptimizeCommand.php(48): Illuminate/Console/View/Components/Factory->__call('task', Array)
#19 D:/caleb/api/safevoice-api/vendor/laravel/framework/src/Illuminate/Container/BoundMethod.php(36): Illuminate/Foundation/Console/OptimizeCommand->handle()
#20 D:/caleb/api/safevoice-api/vendor/laravel/framework/src/Illuminate/Container/Util.php(43): Illuminate/Container/BoundMethod::Illuminate/Container/{closure}()
#21 D:/caleb/api/safevoice-api/vendor/laravel/framework/src/Illuminate/Container/BoundMethod.php(96): Illuminate/Container/Util::unwrapIfClosure(Object(Closure))
#22 D:/caleb/api/safevoice-api/vendor/laravel/framework/src/Illuminate/Container/BoundMethod.php(35): Illuminate/Container/BoundMethod::callBoundMethod(Object(Illuminate/Foundation/Application), Array, Object(Closure))
#23 D:/caleb/api/safevoice-api/vendor/laravel/framework/src/Illuminate/Container/Container.php(799): Illuminate/Container/BoundMethod::call(Object(Illuminate/Foundation/Application), Array, Array, NULL)
#24 D:/caleb/api/safevoice-api/vendor/laravel/framework/src/Illuminate/Console/Command.php(211): Illuminate/Container/Container->call(Array)
#25 D:/caleb/api/safevoice-api/vendor/symfony/console/Command/Command.php(341): Illuminate/Console/Command->execute(Object(Symfony/Component/Console/Input/ArgvInput), Object(Illuminate/Console/OutputStyle))
#26 D:/caleb/api/safevoice-api/vendor/laravel/framework/src/Illuminate/Console/Command.php(180): Symfony/Component/Console/Command/Command->run(Object(Symfony/Component/Console/Input/ArgvInput), Object(Illuminate/Console/OutputStyle))
#27 D:/caleb/api/safevoice-api/vendor/symfony/console/Application.php(1117): Illuminate/Console/Command->run(Object(Symfony/Component/Console/Input/ArgvInput), Object(Symfony/Component/Console/Output/ConsoleOutput))
#28 D:/caleb/api/safevoice-api/vendor/symfony/console/Application.php(356): Symfony/Component/Console/Application->doRunCommand(Object(Illuminate/Foundation/Console/OptimizeCommand), Object(Symfony/Component/Console/Input/ArgvInput), Object(Symfony/Component/Console/Output/ConsoleOutput))
#29 D:/caleb/api/safevoice-api/vendor/symfony/console/Application.php(195): Symfony/Component/Console/Application->doRun(Object(Symfony/Component/Console/Input/ArgvInput), Object(Symfony/Component/Console/Output/ConsoleOutput))
#30 D:/caleb/api/safevoice-api/vendor/laravel/framework/src/Illuminate/Foundation/Console/Kernel.php(198): Symfony/Component/Console/Application->run(Object(Symfony/Component/Console/Input/ArgvInput), Object(Symfony/Component/Console/Output/ConsoleOutput))
#31 D:/caleb/api/safevoice-api/vendor/laravel/framework/src/Illuminate/Foundation/Application.php(1235): Illuminate/Foundation/Console/Kernel->handle(Object(Symfony/Component/Console/Input/ArgvInput), Object(Symfony/Component/Console/Output/ConsoleOutput))
#32 D:/caleb/api/safevoice-api/artisan(12): Illuminate/Foundation/Application->handleCommand(Object(Symfony/Component/Console/Input/ArgvInput))
#33 {main}
"} 
[2026-07-03 14:14:39] local.ERROR: App\Models\Cms\Page::translationForeignKey must return a relationship instance. {"exception":"[object] (LogicException(code: 0): App\\Models\\Cms\\Page::translationForeignKey must return a relationship instance. at D:/caleb/api/safevoice-api/vendor/laravel/framework/src/Illuminate/Database/Eloquent/Concerns/HasAttributes.php:632)
[stacktrace]
#0 D:/caleb/api/safevoice-api/vendor/laravel/framework/src/Illuminate/Database/Eloquent/Concerns/HasAttributes.php(575): Illuminate/Database/Eloquent/Model->getRelationshipFromMethod('translationFore...')
#1 D:/caleb/api/safevoice-api/vendor/laravel/framework/src/Illuminate/Database/Eloquent/Concerns/HasAttributes.php(494): Illuminate/Database/Eloquent/Model->getRelationValue('translationFore...')
#2 D:/caleb/api/safevoice-api/vendor/laravel/framework/src/Illuminate/Database/Eloquent/Model.php(2427): Illuminate/Database/Eloquent/Model->getAttribute('translationFore...')
#3 D:/caleb/api/safevoice-api/app/Traits/Translatable.php(84): Illuminate/Database/Eloquent/Model->__get('translationFore...')
#4 D:/caleb/api/safevoice-api/vendor/laravel/framework/src/Illuminate/Database/Eloquent/Concerns/HasAttributes.php(623): App/Models/Cms/Page->translationForeignKey()
#5 D:/caleb/api/safevoice-api/vendor/laravel/framework/src/Illuminate/Database/Eloquent/Concerns/HasAttributes.php(575): Illuminate/Database/Eloquent/Model->getRelationshipFromMethod('translationFore...')
#6 D:/caleb/api/safevoice-api/vendor/laravel/framework/src/Illuminate/Database/Eloquent/Concerns/HasAttributes.php(494): Illuminate/Database/Eloquent/Model->getRelationValue('translationFore...')
#7 D:/caleb/api/safevoice-api/vendor/laravel/framework/src/Illuminate/Database/Eloquent/Model.php(2455): Illuminate/Database/Eloquent/Model->getAttribute('translationFore...')
#8 D:/caleb/api/safevoice-api/vendor/laravel/framework/src/Illuminate/Database/Eloquent/Model.php(2508): Illuminate/Database/Eloquent/Model->offsetExists('translationFore...')
#9 D:/caleb/api/safevoice-api/app/Traits/Translatable.php(84): Illuminate/Database/Eloquent/Model->__isset('translationFore...')
#10 D:/caleb/api/safevoice-api/app/Traits/Translatable.php(29): App/Models/Cms/Page->translationForeignKey()
#11 D:/caleb/api/safevoice-api/vendor/laravel/framework/src/Illuminate/Database/Eloquent/Concerns/QueriesRelationships.php(1124): App/Models/Cms/Page->translations()
#12 D:/caleb/api/safevoice-api/vendor/laravel/framework/src/Illuminate/Database/Eloquent/Relations/Relation.php(119): Illuminate/Database/Eloquent/Builder->Illuminate/Database/Eloquent/Concerns/{closure}()
#13 D:/caleb/api/safevoice-api/vendor/laravel/framework/src/Illuminate/Database/Eloquent/Concerns/QueriesRelationships.php(1123): Illuminate/Database/Eloquent/Relations/Relation::noConstraints(Object(Closure))
#14 D:/caleb/api/safevoice-api/vendor/laravel/framework/src/Illuminate/Database/Eloquent/Concerns/QueriesRelationships.php(46): Illuminate/Database/Eloquent/Builder->getRelationWithoutConstraints('translations')
#15 D:/caleb/api/safevoice-api/vendor/laravel/framework/src/Illuminate/Database/Eloquent/Concerns/QueriesRelationships.php(205): Illuminate/Database/Eloquent/Builder->has('translations', '>=', 1, 'or', Object(Closure))
#16 D:/caleb/api/safevoice-api/app/Services/Cms/PageService.php(21): Illuminate/Database/Eloquent/Builder->orWhereHas('translations', Object(Closure))
#17 D:/caleb/api/safevoice-api/vendor/laravel/framework/src/Illuminate/Database/Eloquent/Builder.php(355): App/Services/Cms/PageService->App/Services/Cms/{closure}(Object(Illuminate/Database/Eloquent/Builder))
#18 D:/caleb/api/safevoice-api/app/Services/Cms/PageService.php(19): Illuminate/Database/Eloquent/Builder->where(Object(Closure))
#19 D:/caleb/api/safevoice-api/app/Http/Controllers/Api/V1/Cms/PageController.php(31): App/Services/Cms/PageService->publicBySlug('how-it-works')
#20 D:/caleb/api/safevoice-api/vendor/laravel/framework/src/Illuminate/Routing/ControllerDispatcher.php(46): App/Http/Controllers/Api/V1/Cms/PageController->showPublic('how-it-works')
#21 D:/caleb/api/safevoice-api/vendor/laravel/framework/src/Illuminate/Routing/Route.php(265): Illuminate/Routing/ControllerDispatcher->dispatch(Object(Illuminate/Routing/Route), Object(App/Http/Controllers/Api/V1/Cms/PageController), 'showPublic')
#22 D:/caleb/api/safevoice-api/vendor/laravel/framework/src/Illuminate/Routing/Route.php(211): Illuminate/Routing/Route->runController()
#23 D:/caleb/api/safevoice-api/vendor/laravel/framework/src/Illuminate/Routing/Router.php(822): Illuminate/Routing/Route->run()
#24 D:/caleb/api/safevoice-api/vendor/laravel/framework/src/Illuminate/Pipeline/Pipeline.php(180): Illuminate/Routing/Router->Illuminate/Routing/{closure}(Object(Illuminate/Http/Request))
#25 D:/caleb/api/safevoice-api/vendor/laravel/framework/src/Illuminate/Routing/Middleware/SubstituteBindings.php(50): Illuminate/Pipeline/Pipeline->Illuminate/Pipeline/{closure}(Object(Illuminate/Http/Request))
#26 D:/caleb/api/safevoice-api/vendor/laravel/framework/src/Illuminate/Pipeline/Pipeline.php(219): Illuminate/Routing/Middleware/SubstituteBindings->handle(Object(Illuminate/Http/Request), Object(Closure))
#27 D:/caleb/api/safevoice-api/app/Http/Middleware/SetLocale.php(36): Illuminate/Pipeline/Pipeline->Illuminate/Pipeline/{closure}(Object(Illuminate/Http/Request))
#28 D:/caleb/api/safevoice-api/vendor/laravel/framework/src/Illuminate/Pipeline/Pipeline.php(219): App/Http/Middleware/SetLocale->handle(Object(Illuminate/Http/Request), Object(Closure))
#29 D:/caleb/api/safevoice-api/vendor/laravel/framework/src/Illuminate/Pipeline/Pipeline.php(137): Illuminate/Pipeline/Pipeline->Illuminate/Pipeline/{closure}(Object(Illuminate/Http/Request))
#30 D:/caleb/api/safevoice-api/vendor/laravel/framework/src/Illuminate/Routing/Router.php(821): Illuminate/Pipeline/Pipeline->then(Object(Closure))
#31 D:/caleb/api/safevoice-api/vendor/laravel/framework/src/Illuminate/Routing/Router.php(800): Illuminate/Routing/Router->runRouteWithinStack(Object(Illuminate/Routing/Route), Object(Illuminate/Http/Request))
#32 D:/caleb/api/safevoice-api/vendor/laravel/framework/src/Illuminate/Routing/Router.php(764): Illuminate/Routing/Router->runRoute(Object(Illuminate/Http/Request), Object(Illuminate/Routing/Route))
#33 D:/caleb/api/safevoice-api/vendor/laravel/framework/src/Illuminate/Routing/Router.php(753): Illuminate/Routing/Router->dispatchToRoute(Object(Illuminate/Http/Request))
#34 D:/caleb/api/safevoice-api/vendor/laravel/framework/src/Illuminate/Foundation/Http/Kernel.php(200): Illuminate/Routing/Router->dispatch(Object(Illuminate/Http/Request))
#35 D:/caleb/api/safevoice-api/vendor/laravel/framework/src/Illuminate/Pipeline/Pipeline.php(180): Illuminate/Foundation/Http/Kernel->Illuminate/Foundation/Http/{closure}(Object(Illuminate/Http/Request))
#36 D:/caleb/api/safevoice-api/vendor/laravel/framework/src/Illuminate/Foundation/Http/Middleware/TransformsRequest.php(21): Illuminate/Pipeline/Pipeline->Illuminate/Pipeline/{closure}(Object(Illuminate/Http/Request))
#37 D:/caleb/api/safevoice-api/vendor/laravel/framework/src/Illuminate/Foundation/Http/Middleware/ConvertEmptyStringsToNull.php(31): Illuminate/Foundation/Http/Middleware/TransformsRequest->handle(Object(Illuminate/Http/Request), Object(Closure))
#38 D:/caleb/api/safevoice-api/vendor/laravel/framework/src/Illuminate/Pipeline/Pipeline.php(219): Illuminate/Foundation/Http/Middleware/ConvertEmptyStringsToNull->handle(Object(Illuminate/Http/Request), Object(Closure))
#39 D:/caleb/api/safevoice-api/vendor/laravel/framework/src/Illuminate/Foundation/Http/Middleware/TransformsRequest.php(21): Illuminate/Pipeline/Pipeline->Illuminate/Pipeline/{closure}(Object(Illuminate/Http/Request))
#40 D:/caleb/api/safevoice-api/vendor/laravel/framework/src/Illuminate/Foundation/Http/Middleware/TrimStrings.php(51): Illuminate/Foundation/Http/Middleware/TransformsRequest->handle(Object(Illuminate/Http/Request), Object(Closure))
#41 D:/caleb/api/safevoice-api/vendor/laravel/framework/src/Illuminate/Pipeline/Pipeline.php(219): Illuminate/Foundation/Http/Middleware/TrimStrings->handle(Object(Illuminate/Http/Request), Object(Closure))
#42 D:/caleb/api/safevoice-api/vendor/laravel/framework/src/Illuminate/Http/Middleware/ValidatePostSize.php(27): Illuminate/Pipeline/Pipeline->Illuminate/Pipeline/{closure}(Object(Illuminate/Http/Request))
#43 D:/caleb/api/safevoice-api/vendor/laravel/framework/src/Illuminate/Pipeline/Pipeline.php(219): Illuminate/Http/Middleware/ValidatePostSize->handle(Object(Illuminate/Http/Request), Object(Closure))
#44 D:/caleb/api/safevoice-api/vendor/laravel/framework/src/Illuminate/Foundation/Http/Middleware/PreventRequestsDuringMaintenance.php(109): Illuminate/Pipeline/Pipeline->Illuminate/Pipeline/{closure}(Object(Illuminate/Http/Request))
#45 D:/caleb/api/safevoice-api/vendor/laravel/framework/src/Illuminate/Pipeline/Pipeline.php(219): Illuminate/Foundation/Http/Middleware/PreventRequestsDuringMaintenance->handle(Object(Illuminate/Http/Request), Object(Closure))
#46 D:/caleb/api/safevoice-api/vendor/laravel/framework/src/Illuminate/Http/Middleware/HandleCors.php(74): Illuminate/Pipeline/Pipeline->Illuminate/Pipeline/{closure}(Object(Illuminate/Http/Request))
#47 D:/caleb/api/safevoice-api/vendor/laravel/framework/src/Illuminate/Pipeline/Pipeline.php(219): Illuminate/Http/Middleware/HandleCors->handle(Object(Illuminate/Http/Request), Object(Closure))
#48 D:/caleb/api/safevoice-api/vendor/laravel/framework/src/Illuminate/Http/Middleware/TrustProxies.php(58): Illuminate/Pipeline/Pipeline->Illuminate/Pipeline/{closure}(Object(Illuminate/Http/Request))
#49 D:/caleb/api/safevoice-api/vendor/laravel/framework/src/Illuminate/Pipeline/Pipeline.php(219): Illuminate/Http/Middleware/TrustProxies->handle(Object(Illuminate/Http/Request), Object(Closure))
#50 D:/caleb/api/safevoice-api/vendor/laravel/framework/src/Illuminate/Foundation/Http/Middleware/InvokeDeferredCallbacks.php(22): Illuminate/Pipeline/Pipeline->Illuminate/Pipeline/{closure}(Object(Illuminate/Http/Request))
#51 D:/caleb/api/safevoice-api/vendor/laravel/framework/src/Illuminate/Pipeline/Pipeline.php(219): Illuminate/Foundation/Http/Middleware/InvokeDeferredCallbacks->handle(Object(Illuminate/Http/Request), Object(Closure))
#52 D:/caleb/api/safevoice-api/vendor/laravel/framework/src/Illuminate/Http/Middleware/ValidatePathEncoding.php(26): Illuminate/Pipeline/Pipeline->Illuminate/Pipeline/{closure}(Object(Illuminate/Http/Request))
#53 D:/caleb/api/safevoice-api/vendor/laravel/framework/src/Illuminate/Pipeline/Pipeline.php(219): Illuminate/Http/Middleware/ValidatePathEncoding->handle(Object(Illuminate/Http/Request), Object(Closure))
#54 D:/caleb/api/safevoice-api/vendor/laravel/framework/src/Illuminate/Pipeline/Pipeline.php(137): Illuminate/Pipeline/Pipeline->Illuminate/Pipeline/{closure}(Object(Illuminate/Http/Request))
#55 D:/caleb/api/safevoice-api/vendor/laravel/framework/src/Illuminate/Foundation/Http/Kernel.php(175): Illuminate/Pipeline/Pipeline->then(Object(Closure))
#56 D:/caleb/api/safevoice-api/vendor/laravel/framework/src/Illuminate/Foundation/Http/Kernel.php(144): Illuminate/Foundation/Http/Kernel->sendRequestThroughRouter(Object(Illuminate/Http/Request))
#57 D:/caleb/api/safevoice-api/vendor/knuckleswtf/scribe/src/Extracting/Strategies/Responses/ResponseCalls.php(236): Illuminate/Foundation/Http/Kernel->handle(Object(Illuminate/Http/Request))
#58 D:/caleb/api/safevoice-api/vendor/knuckleswtf/scribe/src/Extracting/Strategies/Responses/ResponseCalls.php(229): Knuckles/Scribe/Extracting/Strategies/Responses/ResponseCalls->callLaravelRoute(Object(Illuminate/Http/Request))
#59 D:/caleb/api/safevoice-api/vendor/knuckleswtf/scribe/src/Extracting/Strategies/Responses/ResponseCalls.php(103): Knuckles/Scribe/Extracting/Strategies/Responses/ResponseCalls->makeApiCall(Object(Illuminate/Http/Request), Object(Illuminate/Routing/Route))
#60 D:/caleb/api/safevoice-api/vendor/knuckleswtf/scribe/src/Extracting/Strategies/Responses/ResponseCalls.php(39): Knuckles/Scribe/Extracting/Strategies/Responses/ResponseCalls->makeResponseCall(Object(Knuckles/Camel/Extraction/ExtractedEndpointData), Array)
#61 D:/caleb/api/safevoice-api/vendor/knuckleswtf/scribe/src/Extracting/Extractor.php(471): Knuckles/Scribe/Extracting/Strategies/Responses/ResponseCalls->__invoke(Object(Knuckles/Camel/Extraction/ExtractedEndpointData), Array)
#62 D:/caleb/api/safevoice-api/vendor/knuckleswtf/scribe/src/Extracting/Extractor.php(397): Knuckles/Scribe/Extracting/Extractor->iterateThroughStrategies('responses', Object(Knuckles/Camel/Extraction/ExtractedEndpointData), Array, Object(Closure))
#63 D:/caleb/api/safevoice-api/vendor/knuckleswtf/scribe/src/Extracting/Extractor.php(94): Knuckles/Scribe/Extracting/Extractor->fetchResponses(Object(Knuckles/Camel/Extraction/ExtractedEndpointData), Array)
#64 D:/caleb/api/safevoice-api/vendor/knuckleswtf/scribe/src/GroupedEndpoints/GroupedEndpointsFromApp.php(186): Knuckles/Scribe/Extracting/Extractor->processRoute(Object(Illuminate/Routing/Route), Array)
#65 D:/caleb/api/safevoice-api/vendor/laravel/framework/src/Illuminate/Console/View/Components/Task.php(41): Knuckles/Scribe/GroupedEndpoints/GroupedEndpointsFromApp->Knuckles/Scribe/GroupedEndpoints/{closure}()
#66 D:/caleb/api/safevoice-api/vendor/laravel/framework/src/Illuminate/Console/View/Components/Factory.php(59): Illuminate/Console/View/Components/Task->render('<options=bold>[...', Object(Closure))
#67 D:/caleb/api/safevoice-api/vendor/knuckleswtf/scribe/src/GroupedEndpoints/GroupedEndpointsFromApp.php(183): Illuminate/Console/View/Components/Factory->__call('task', Array)
#68 D:/caleb/api/safevoice-api/vendor/knuckleswtf/scribe/src/GroupedEndpoints/GroupedEndpointsFromApp.php(73): Knuckles/Scribe/GroupedEndpoints/GroupedEndpointsFromApp->extractEndpointsInfoFromLaravelApp(Array, Array, Array)
#69 D:/caleb/api/safevoice-api/vendor/knuckleswtf/scribe/src/GroupedEndpoints/GroupedEndpointsFromApp.php(51): Knuckles/Scribe/GroupedEndpoints/GroupedEndpointsFromApp->extractEndpointsInfoAndWriteToDisk(Object(Knuckles/Scribe/Matching/RouteMatcher), true)
#70 D:/caleb/api/safevoice-api/vendor/knuckleswtf/scribe/src/Commands/GenerateDocumentation.php(55): Knuckles/Scribe/GroupedEndpoints/GroupedEndpointsFromApp->get()
#71 D:/caleb/api/safevoice-api/vendor/laravel/framework/src/Illuminate/Container/BoundMethod.php(36): Knuckles/Scribe/Commands/GenerateDocumentation->handle(Object(Knuckles/Scribe/Matching/RouteMatcher), Object(Knuckles/Scribe/GroupedEndpoints/GroupedEndpointsFactory))
#72 D:/caleb/api/safevoice-api/vendor/laravel/framework/src/Illuminate/Container/Util.php(43): Illuminate/Container/BoundMethod::Illuminate/Container/{closure}()
#73 D:/caleb/api/safevoice-api/vendor/laravel/framework/src/Illuminate/Container/BoundMethod.php(96): Illuminate/Container/Util::unwrapIfClosure(Object(Closure))
#74 D:/caleb/api/safevoice-api/vendor/laravel/framework/src/Illuminate/Container/BoundMethod.php(35): Illuminate/Container/BoundMethod::callBoundMethod(Object(Illuminate/Foundation/Application), Array, Object(Closure))
#75 D:/caleb/api/safevoice-api/vendor/laravel/framework/src/Illuminate/Container/Container.php(799): Illuminate/Container/BoundMethod::call(Object(Illuminate/Foundation/Application), Array, Array, NULL)
#76 D:/caleb/api/safevoice-api/vendor/laravel/framework/src/Illuminate/Console/Command.php(211): Illuminate/Container/Container->call(Array)
#77 D:/caleb/api/safevoice-api/vendor/symfony/console/Command/Command.php(341): Illuminate/Console/Command->execute(Object(Symfony/Component/Console/Input/ArgvInput), Object(Illuminate/Console/OutputStyle))
#78 D:/caleb/api/safevoice-api/vendor/laravel/framework/src/Illuminate/Console/Command.php(180): Symfony/Component/Console/Command/Command->run(Object(Symfony/Component/Console/Input/ArgvInput), Object(Illuminate/Console/OutputStyle))
#79 D:/caleb/api/safevoice-api/vendor/symfony/console/Application.php(1117): Illuminate/Console/Command->run(Object(Symfony/Component/Console/Input/ArgvInput), Object(Symfony/Component/Console/Output/ConsoleOutput))
#80 D:/caleb/api/safevoice-api/vendor/symfony/console/Application.php(356): Symfony/Component/Console/Application->doRunCommand(Object(Knuckles/Scribe/Commands/GenerateDocumentation), Object(Symfony/Component/Console/Input/ArgvInput), Object(Symfony/Component/Console/Output/ConsoleOutput))
#81 D:/caleb/api/safevoice-api/vendor/symfony/console/Application.php(195): Symfony/Component/Console/Application->doRun(Object(Symfony/Component/Console/Input/ArgvInput), Object(Symfony/Component/Console/Output/ConsoleOutput))
#82 D:/caleb/api/safevoice-api/vendor/laravel/framework/src/Illuminate/Foundation/Console/Kernel.php(198): Symfony/Component/Console/Application->run(Object(Symfony/Component/Console/Input/ArgvInput), Object(Symfony/Component/Console/Output/ConsoleOutput))
#83 D:/caleb/api/safevoice-api/vendor/laravel/framework/src/Illuminate/Foundation/Application.php(1235): Illuminate/Foundation/Console/Kernel->handle(Object(Symfony/Component/Console/Input/ArgvInput), Object(Symfony/Component/Console/Output/ConsoleOutput))
#84 D:/caleb/api/safevoice-api/artisan(12): Illuminate/Foundation/Application->handleCommand(Object(Symfony/Component/Console/Input/ArgvInput))
#85 {main}
"} 
[2026-07-03 14:14:40] local.ERROR: SQLSTATE[22P02]: Invalid text representation: 7 ERROR:  invalid input syntax for type uuid: "consequatur"
CONTEXT:  unnamed portal parameter $1 = '...' (Connection: pgsql, Host: 127.0.0.1, Port: 5432, Database: safe_voices, SQL: select * from "reports" where "reports"."id" = consequatur and "reports"."deleted_at" is null limit 1) {"exception":"[object] (Illuminate\\Database\\QueryException(code: 22P02): SQLSTATE[22P02]: Invalid text representation: 7 ERROR:  invalid input syntax for type uuid: \"consequatur\"
CONTEXT:  unnamed portal parameter $1 = '...' (Connection: pgsql, Host: 127.0.0.1, Port: 5432, Database: safe_voices, SQL: select * from \"reports\" where \"reports\".\"id\" = consequatur and \"reports\".\"deleted_at\" is null limit 1) at D:/caleb/api/safevoice-api/vendor/laravel/framework/src/Illuminate/Database/Connection.php:838)
[stacktrace]
#0 D:/caleb/api/safevoice-api/vendor/laravel/framework/src/Illuminate/Database/Connection.php(794): Illuminate/Database/Connection->runQueryCallback('select * from \"...', Array, Object(Closure))
#1 D:/caleb/api/safevoice-api/vendor/laravel/framework/src/Illuminate/Database/Connection.php(411): Illuminate/Database/Connection->run('select * from \"...', Array, Object(Closure))
#2 D:/caleb/api/safevoice-api/vendor/laravel/framework/src/Illuminate/Database/Query/Builder.php(3505): Illuminate/Database/Connection->select('select * from \"...', Array, true)
#3 D:/caleb/api/safevoice-api/vendor/laravel/framework/src/Illuminate/Database/Query/Builder.php(3490): Illuminate/Database/Query/Builder->runSelect()
#4 D:/caleb/api/safevoice-api/vendor/laravel/framework/src/Illuminate/Database/Query/Builder.php(4080): Illuminate/Database/Query/Builder->Illuminate/Database/Query/{closure}()
#5 D:/caleb/api/safevoice-api/vendor/laravel/framework/src/Illuminate/Database/Query/Builder.php(3489): Illuminate/Database/Query/Builder->onceWithColumns(Array, Object(Closure))
#6 D:/caleb/api/safevoice-api/vendor/laravel/framework/src/Illuminate/Database/Eloquent/Builder.php(902): Illuminate/Database/Query/Builder->get(Array)
#7 D:/caleb/api/safevoice-api/vendor/laravel/framework/src/Illuminate/Database/Eloquent/Builder.php(884): Illuminate/Database/Eloquent/Builder->getModels(Array)
#8 D:/caleb/api/safevoice-api/vendor/laravel/framework/src/Illuminate/Database/Concerns/BuildsQueries.php(366): Illuminate/Database/Eloquent/Builder->get(Array)
#9 D:/caleb/api/safevoice-api/vendor/laravel/framework/src/Illuminate/Database/Eloquent/Builder.php(568): Illuminate/Database/Eloquent/Builder->first(Array)
#10 D:/caleb/api/safevoice-api/vendor/laravel/framework/src/Illuminate/Support/Traits/ForwardsCalls.php(23): Illuminate/Database/Eloquent/Builder->find('consequatur')
#11 D:/caleb/api/safevoice-api/vendor/laravel/framework/src/Illuminate/Database/Eloquent/Model.php(2544): Illuminate/Database/Eloquent/Model->forwardCallTo(Object(Illuminate/Database/Eloquent/Builder), 'find', Array)
#12 D:/caleb/api/safevoice-api/vendor/laravel/framework/src/Illuminate/Database/Eloquent/Model.php(2560): Illuminate/Database/Eloquent/Model->__call('find', Array)
#13 D:/caleb/api/safevoice-api/app/Http/Middleware/ResolveDraftReport.php(26): Illuminate/Database/Eloquent/Model::__callStatic('find', Array)
#14 D:/caleb/api/safevoice-api/vendor/laravel/framework/src/Illuminate/Pipeline/Pipeline.php(219): App/Http/Middleware/ResolveDraftReport->handle(Object(Illuminate/Http/Request), Object(Closure))
#15 D:/caleb/api/safevoice-api/vendor/laravel/framework/src/Illuminate/Routing/Middleware/SubstituteBindings.php(50): Illuminate/Pipeline/Pipeline->Illuminate/Pipeline/{closure}(Object(Illuminate/Http/Request))
#16 D:/caleb/api/safevoice-api/vendor/laravel/framework/src/Illuminate/Pipeline/Pipeline.php(219): Illuminate/Routing/Middleware/SubstituteBindings->handle(Object(Illuminate/Http/Request), Object(Closure))
#17 D:/caleb/api/safevoice-api/app/Http/Middleware/SetLocale.php(36): Illuminate/Pipeline/Pipeline->Illuminate/Pipeline/{closure}(Object(Illuminate/Http/Request))
#18 D:/caleb/api/safevoice-api/vendor/laravel/framework/src/Illuminate/Pipeline/Pipeline.php(219): App/Http/Middleware/SetLocale->handle(Object(Illuminate/Http/Request), Object(Closure))
#19 D:/caleb/api/safevoice-api/vendor/laravel/framework/src/Illuminate/Pipeline/Pipeline.php(137): Illuminate/Pipeline/Pipeline->Illuminate/Pipeline/{closure}(Object(Illuminate/Http/Request))
#20 D:/caleb/api/safevoice-api/vendor/laravel/framework/src/Illuminate/Routing/Router.php(821): Illuminate/Pipeline/Pipeline->then(Object(Closure))
#21 D:/caleb/api/safevoice-api/vendor/laravel/framework/src/Illuminate/Routing/Router.php(800): Illuminate/Routing/Router->runRouteWithinStack(Object(Illuminate/Routing/Route), Object(Illuminate/Http/Request))
#22 D:/caleb/api/safevoice-api/vendor/laravel/framework/src/Illuminate/Routing/Router.php(764): Illuminate/Routing/Router->runRoute(Object(Illuminate/Http/Request), Object(Illuminate/Routing/Route))
#23 D:/caleb/api/safevoice-api/vendor/laravel/framework/src/Illuminate/Routing/Router.php(753): Illuminate/Routing/Router->dispatchToRoute(Object(Illuminate/Http/Request))
#24 D:/caleb/api/safevoice-api/vendor/laravel/framework/src/Illuminate/Foundation/Http/Kernel.php(200): Illuminate/Routing/Router->dispatch(Object(Illuminate/Http/Request))
#25 D:/caleb/api/safevoice-api/vendor/laravel/framework/src/Illuminate/Pipeline/Pipeline.php(180): Illuminate/Foundation/Http/Kernel->Illuminate/Foundation/Http/{closure}(Object(Illuminate/Http/Request))
#26 D:/caleb/api/safevoice-api/vendor/laravel/framework/src/Illuminate/Foundation/Http/Middleware/TransformsRequest.php(21): Illuminate/Pipeline/Pipeline->Illuminate/Pipeline/{closure}(Object(Illuminate/Http/Request))
#27 D:/caleb/api/safevoice-api/vendor/laravel/framework/src/Illuminate/Foundation/Http/Middleware/ConvertEmptyStringsToNull.php(31): Illuminate/Foundation/Http/Middleware/TransformsRequest->handle(Object(Illuminate/Http/Request), Object(Closure))
#28 D:/caleb/api/safevoice-api/vendor/laravel/framework/src/Illuminate/Pipeline/Pipeline.php(219): Illuminate/Foundation/Http/Middleware/ConvertEmptyStringsToNull->handle(Object(Illuminate/Http/Request), Object(Closure))
#29 D:/caleb/api/safevoice-api/vendor/laravel/framework/src/Illuminate/Foundation/Http/Middleware/TransformsRequest.php(21): Illuminate/Pipeline/Pipeline->Illuminate/Pipeline/{closure}(Object(Illuminate/Http/Request))
#30 D:/caleb/api/safevoice-api/vendor/laravel/framework/src/Illuminate/Foundation/Http/Middleware/TrimStrings.php(51): Illuminate/Foundation/Http/Middleware/TransformsRequest->handle(Object(Illuminate/Http/Request), Object(Closure))
#31 D:/caleb/api/safevoice-api/vendor/laravel/framework/src/Illuminate/Pipeline/Pipeline.php(219): Illuminate/Foundation/Http/Middleware/TrimStrings->handle(Object(Illuminate/Http/Request), Object(Closure))
#32 D:/caleb/api/safevoice-api/vendor/laravel/framework/src/Illuminate/Http/Middleware/ValidatePostSize.php(27): Illuminate/Pipeline/Pipeline->Illuminate/Pipeline/{closure}(Object(Illuminate/Http/Request))
#33 D:/caleb/api/safevoice-api/vendor/laravel/framework/src/Illuminate/Pipeline/Pipeline.php(219): Illuminate/Http/Middleware/ValidatePostSize->handle(Object(Illuminate/Http/Request), Object(Closure))
#34 D:/caleb/api/safevoice-api/vendor/laravel/framework/src/Illuminate/Foundation/Http/Middleware/PreventRequestsDuringMaintenance.php(109): Illuminate/Pipeline/Pipeline->Illuminate/Pipeline/{closure}(Object(Illuminate/Http/Request))
#35 D:/caleb/api/safevoice-api/vendor/laravel/framework/src/Illuminate/Pipeline/Pipeline.php(219): Illuminate/Foundation/Http/Middleware/PreventRequestsDuringMaintenance->handle(Object(Illuminate/Http/Request), Object(Closure))
#36 D:/caleb/api/safevoice-api/vendor/laravel/framework/src/Illuminate/Http/Middleware/HandleCors.php(74): Illuminate/Pipeline/Pipeline->Illuminate/Pipeline/{closure}(Object(Illuminate/Http/Request))
#37 D:/caleb/api/safevoice-api/vendor/laravel/framework/src/Illuminate/Pipeline/Pipeline.php(219): Illuminate/Http/Middleware/HandleCors->handle(Object(Illuminate/Http/Request), Object(Closure))
#38 D:/caleb/api/safevoice-api/vendor/laravel/framework/src/Illuminate/Http/Middleware/TrustProxies.php(58): Illuminate/Pipeline/Pipeline->Illuminate/Pipeline/{closure}(Object(Illuminate/Http/Request))
#39 D:/caleb/api/safevoice-api/vendor/laravel/framework/src/Illuminate/Pipeline/Pipeline.php(219): Illuminate/Http/Middleware/TrustProxies->handle(Object(Illuminate/Http/Request), Object(Closure))
#40 D:/caleb/api/safevoice-api/vendor/laravel/framework/src/Illuminate/Foundation/Http/Middleware/InvokeDeferredCallbacks.php(22): Illuminate/Pipeline/Pipeline->Illuminate/Pipeline/{closure}(Object(Illuminate/Http/Request))
#41 D:/caleb/api/safevoice-api/vendor/laravel/framework/src/Illuminate/Pipeline/Pipeline.php(219): Illuminate/Foundation/Http/Middleware/InvokeDeferredCallbacks->handle(Object(Illuminate/Http/Request), Object(Closure))
#42 D:/caleb/api/safevoice-api/vendor/laravel/framework/src/Illuminate/Http/Middleware/ValidatePathEncoding.php(26): Illuminate/Pipeline/Pipeline->Illuminate/Pipeline/{closure}(Object(Illuminate/Http/Request))
#43 D:/caleb/api/safevoice-api/vendor/laravel/framework/src/Illuminate/Pipeline/Pipeline.php(219): Illuminate/Http/Middleware/ValidatePathEncoding->handle(Object(Illuminate/Http/Request), Object(Closure))
#44 D:/caleb/api/safevoice-api/vendor/laravel/framework/src/Illuminate/Pipeline/Pipeline.php(137): Illuminate/Pipeline/Pipeline->Illuminate/Pipeline/{closure}(Object(Illuminate/Http/Request))
#45 D:/caleb/api/safevoice-api/vendor/laravel/framework/src/Illuminate/Foundation/Http/Kernel.php(175): Illuminate/Pipeline/Pipeline->then(Object(Closure))
#46 D:/caleb/api/safevoice-api/vendor/laravel/framework/src/Illuminate/Foundation/Http/Kernel.php(144): Illuminate/Foundation/Http/Kernel->sendRequestThroughRouter(Object(Illuminate/Http/Request))
#47 D:/caleb/api/safevoice-api/vendor/knuckleswtf/scribe/src/Extracting/Strategies/Responses/ResponseCalls.php(236): Illuminate/Foundation/Http/Kernel->handle(Object(Illuminate/Http/Request))
#48 D:/caleb/api/safevoice-api/vendor/knuckleswtf/scribe/src/Extracting/Strategies/Responses/ResponseCalls.php(229): Knuckles/Scribe/Extracting/Strategies/Responses/ResponseCalls->callLaravelRoute(Object(Illuminate/Http/Request))
#49 D:/caleb/api/safevoice-api/vendor/knuckleswtf/scribe/src/Extracting/Strategies/Responses/ResponseCalls.php(103): Knuckles/Scribe/Extracting/Strategies/Responses/ResponseCalls->makeApiCall(Object(Illuminate/Http/Request), Object(Illuminate/Routing/Route))
#50 D:/caleb/api/safevoice-api/vendor/knuckleswtf/scribe/src/Extracting/Strategies/Responses/ResponseCalls.php(39): Knuckles/Scribe/Extracting/Strategies/Responses/ResponseCalls->makeResponseCall(Object(Knuckles/Camel/Extraction/ExtractedEndpointData), Array)
#51 D:/caleb/api/safevoice-api/vendor/knuckleswtf/scribe/src/Extracting/Extractor.php(471): Knuckles/Scribe/Extracting/Strategies/Responses/ResponseCalls->__invoke(Object(Knuckles/Camel/Extraction/ExtractedEndpointData), Array)
#52 D:/caleb/api/safevoice-api/vendor/knuckleswtf/scribe/src/Extracting/Extractor.php(397): Knuckles/Scribe/Extracting/Extractor->iterateThroughStrategies('responses', Object(Knuckles/Camel/Extraction/ExtractedEndpointData), Array, Object(Closure))
#53 D:/caleb/api/safevoice-api/vendor/knuckleswtf/scribe/src/Extracting/Extractor.php(94): Knuckles/Scribe/Extracting/Extractor->fetchResponses(Object(Knuckles/Camel/Extraction/ExtractedEndpointData), Array)
#54 D:/caleb/api/safevoice-api/vendor/knuckleswtf/scribe/src/GroupedEndpoints/GroupedEndpointsFromApp.php(186): Knuckles/Scribe/Extracting/Extractor->processRoute(Object(Illuminate/Routing/Route), Array)
#55 D:/caleb/api/safevoice-api/vendor/laravel/framework/src/Illuminate/Console/View/Components/Task.php(41): Knuckles/Scribe/GroupedEndpoints/GroupedEndpointsFromApp->Knuckles/Scribe/GroupedEndpoints/{closure}()
#56 D:/caleb/api/safevoice-api/vendor/laravel/framework/src/Illuminate/Console/View/Components/Factory.php(59): Illuminate/Console/View/Components/Task->render('<options=bold>[...', Object(Closure))
#57 D:/caleb/api/safevoice-api/vendor/knuckleswtf/scribe/src/GroupedEndpoints/GroupedEndpointsFromApp.php(183): Illuminate/Console/View/Components/Factory->__call('task', Array)
#58 D:/caleb/api/safevoice-api/vendor/knuckleswtf/scribe/src/GroupedEndpoints/GroupedEndpointsFromApp.php(73): Knuckles/Scribe/GroupedEndpoints/GroupedEndpointsFromApp->extractEndpointsInfoFromLaravelApp(Array, Array, Array)
#59 D:/caleb/api/safevoice-api/vendor/knuckleswtf/scribe/src/GroupedEndpoints/GroupedEndpointsFromApp.php(51): Knuckles/Scribe/GroupedEndpoints/GroupedEndpointsFromApp->extractEndpointsInfoAndWriteToDisk(Object(Knuckles/Scribe/Matching/RouteMatcher), true)
#60 D:/caleb/api/safevoice-api/vendor/knuckleswtf/scribe/src/Commands/GenerateDocumentation.php(55): Knuckles/Scribe/GroupedEndpoints/GroupedEndpointsFromApp->get()
#61 D:/caleb/api/safevoice-api/vendor/laravel/framework/src/Illuminate/Container/BoundMethod.php(36): Knuckles/Scribe/Commands/GenerateDocumentation->handle(Object(Knuckles/Scribe/Matching/RouteMatcher), Object(Knuckles/Scribe/GroupedEndpoints/GroupedEndpointsFactory))
#62 D:/caleb/api/safevoice-api/vendor/laravel/framework/src/Illuminate/Container/Util.php(43): Illuminate/Container/BoundMethod::Illuminate/Container/{closure}()
#63 D:/caleb/api/safevoice-api/vendor/laravel/framework/src/Illuminate/Container/BoundMethod.php(96): Illuminate/Container/Util::unwrapIfClosure(Object(Closure))
#64 D:/caleb/api/safevoice-api/vendor/laravel/framework/src/Illuminate/Container/BoundMethod.php(35): Illuminate/Container/BoundMethod::callBoundMethod(Object(Illuminate/Foundation/Application), Array, Object(Closure))
#65 D:/caleb/api/safevoice-api/vendor/laravel/framework/src/Illuminate/Container/Container.php(799): Illuminate/Container/BoundMethod::call(Object(Illuminate/Foundation/Application), Array, Array, NULL)
#66 D:/caleb/api/safevoice-api/vendor/laravel/framework/src/Illuminate/Console/Command.php(211): Illuminate/Container/Container->call(Array)
#67 D:/caleb/api/safevoice-api/vendor/symfony/console/Command/Command.php(341): Illuminate/Console/Command->execute(Object(Symfony/Component/Console/Input/ArgvInput), Object(Illuminate/Console/OutputStyle))
#68 D:/caleb/api/safevoice-api/vendor/laravel/framework/src/Illuminate/Console/Command.php(180): Symfony/Component/Console/Command/Command->run(Object(Symfony/Component/Console/Input/ArgvInput), Object(Illuminate/Console/OutputStyle))
#69 D:/caleb/api/safevoice-api/vendor/symfony/console/Application.php(1117): Illuminate/Console/Command->run(Object(Symfony/Component/Console/Input/ArgvInput), Object(Symfony/Component/Console/Output/ConsoleOutput))
#70 D:/caleb/api/safevoice-api/vendor/symfony/console/Application.php(356): Symfony/Component/Console/Application->doRunCommand(Object(Knuckles/Scribe/Commands/GenerateDocumentation), Object(Symfony/Component/Console/Input/ArgvInput), Object(Symfony/Component/Console/Output/ConsoleOutput))
#71 D:/caleb/api/safevoice-api/vendor/symfony/console/Application.php(195): Symfony/Component/Console/Application->doRun(Object(Symfony/Component/Console/Input/ArgvInput), Object(Symfony/Component/Console/Output/ConsoleOutput))
#72 D:/caleb/api/safevoice-api/vendor/laravel/framework/src/Illuminate/Foundation/Console/Kernel.php(198): Symfony/Component/Console/Application->run(Object(Symfony/Component/Console/Input/ArgvInput), Object(Symfony/Component/Console/Output/ConsoleOutput))
#73 D:/caleb/api/safevoice-api/vendor/laravel/framework/src/Illuminate/Foundation/Application.php(1235): Illuminate/Foundation/Console/Kernel->handle(Object(Symfony/Component/Console/Input/ArgvInput), Object(Symfony/Component/Console/Output/ConsoleOutput))
#74 D:/caleb/api/safevoice-api/artisan(12): Illuminate/Foundation/Application->handleCommand(Object(Symfony/Component/Console/Input/ArgvInput))
#75 {main}

[previous exception] [object] (PDOException(code: 22P02): SQLSTATE[22P02]: Invalid text representation: 7 ERROR:  invalid input syntax for type uuid: \"consequatur\"
CONTEXT:  unnamed portal parameter $1 = '...' at D:/caleb/api/safevoice-api/vendor/laravel/framework/src/Illuminate/Database/Connection.php:425)
[stacktrace]
#0 D:/caleb/api/safevoice-api/vendor/laravel/framework/src/Illuminate/Database/Connection.php(425): PDOStatement->execute()
#1 D:/caleb/api/safevoice-api/vendor/laravel/framework/src/Illuminate/Database/Connection.php(827): Illuminate/Database/Connection->Illuminate/Database/{closure}('select * from \"...', Array)
#2 D:/caleb/api/safevoice-api/vendor/laravel/framework/src/Illuminate/Database/Connection.php(794): Illuminate/Database/Connection->runQueryCallback('select * from \"...', Array, Object(Closure))
#3 D:/caleb/api/safevoice-api/vendor/laravel/framework/src/Illuminate/Database/Connection.php(411): Illuminate/Database/Connection->run('select * from \"...', Array, Object(Closure))
#4 D:/caleb/api/safevoice-api/vendor/laravel/framework/src/Illuminate/Database/Query/Builder.php(3505): Illuminate/Database/Connection->select('select * from \"...', Array, true)
#5 D:/caleb/api/safevoice-api/vendor/laravel/framework/src/Illuminate/Database/Query/Builder.php(3490): Illuminate/Database/Query/Builder->runSelect()
#6 D:/caleb/api/safevoice-api/vendor/laravel/framework/src/Illuminate/Database/Query/Builder.php(4080): Illuminate/Database/Query/Builder->Illuminate/Database/Query/{closure}()
#7 D:/caleb/api/safevoice-api/vendor/laravel/framework/src/Illuminate/Database/Query/Builder.php(3489): Illuminate/Database/Query/Builder->onceWithColumns(Array, Object(Closure))
#8 D:/caleb/api/safevoice-api/vendor/laravel/framework/src/Illuminate/Database/Eloquent/Builder.php(902): Illuminate/Database/Query/Builder->get(Array)
#9 D:/caleb/api/safevoice-api/vendor/laravel/framework/src/Illuminate/Database/Eloquent/Builder.php(884): Illuminate/Database/Eloquent/Builder->getModels(Array)
#10 D:/caleb/api/safevoice-api/vendor/laravel/framework/src/Illuminate/Database/Concerns/BuildsQueries.php(366): Illuminate/Database/Eloquent/Builder->get(Array)
#11 D:/caleb/api/safevoice-api/vendor/laravel/framework/src/Illuminate/Database/Eloquent/Builder.php(568): Illuminate/Database/Eloquent/Builder->first(Array)
#12 D:/caleb/api/safevoice-api/vendor/laravel/framework/src/Illuminate/Support/Traits/ForwardsCalls.php(23): Illuminate/Database/Eloquent/Builder->find('consequatur')
#13 D:/caleb/api/safevoice-api/vendor/laravel/framework/src/Illuminate/Database/Eloquent/Model.php(2544): Illuminate/Database/Eloquent/Model->forwardCallTo(Object(Illuminate/Database/Eloquent/Builder), 'find', Array)
#14 D:/caleb/api/safevoice-api/vendor/laravel/framework/src/Illuminate/Database/Eloquent/Model.php(2560): Illuminate/Database/Eloquent/Model->__call('find', Array)
#15 D:/caleb/api/safevoice-api/app/Http/Middleware/ResolveDraftReport.php(26): Illuminate/Database/Eloquent/Model::__callStatic('find', Array)
#16 D:/caleb/api/safevoice-api/vendor/laravel/framework/src/Illuminate/Pipeline/Pipeline.php(219): App/Http/Middleware/ResolveDraftReport->handle(Object(Illuminate/Http/Request), Object(Closure))
#17 D:/caleb/api/safevoice-api/vendor/laravel/framework/src/Illuminate/Routing/Middleware/SubstituteBindings.php(50): Illuminate/Pipeline/Pipeline->Illuminate/Pipeline/{closure}(Object(Illuminate/Http/Request))
#18 D:/caleb/api/safevoice-api/vendor/laravel/framework/src/Illuminate/Pipeline/Pipeline.php(219): Illuminate/Routing/Middleware/SubstituteBindings->handle(Object(Illuminate/Http/Request), Object(Closure))
#19 D:/caleb/api/safevoice-api/app/Http/Middleware/SetLocale.php(36): Illuminate/Pipeline/Pipeline->Illuminate/Pipeline/{closure}(Object(Illuminate/Http/Request))
#20 D:/caleb/api/safevoice-api/vendor/laravel/framework/src/Illuminate/Pipeline/Pipeline.php(219): App/Http/Middleware/SetLocale->handle(Object(Illuminate/Http/Request), Object(Closure))
#21 D:/caleb/api/safevoice-api/vendor/laravel/framework/src/Illuminate/Pipeline/Pipeline.php(137): Illuminate/Pipeline/Pipeline->Illuminate/Pipeline/{closure}(Object(Illuminate/Http/Request))
#22 D:/caleb/api/safevoice-api/vendor/laravel/framework/src/Illuminate/Routing/Router.php(821): Illuminate/Pipeline/Pipeline->then(Object(Closure))
#23 D:/caleb/api/safevoice-api/vendor/laravel/framework/src/Illuminate/Routing/Router.php(800): Illuminate/Routing/Router->runRouteWithinStack(Object(Illuminate/Routing/Route), Object(Illuminate/Http/Request))
#24 D:/caleb/api/safevoice-api/vendor/laravel/framework/src/Illuminate/Routing/Router.php(764): Illuminate/Routing/Router->runRoute(Object(Illuminate/Http/Request), Object(Illuminate/Routing/Route))
#25 D:/caleb/api/safevoice-api/vendor/laravel/framework/src/Illuminate/Routing/Router.php(753): Illuminate/Routing/Router->dispatchToRoute(Object(Illuminate/Http/Request))
#26 D:/caleb/api/safevoice-api/vendor/laravel/framework/src/Illuminate/Foundation/Http/Kernel.php(200): Illuminate/Routing/Router->dispatch(Object(Illuminate/Http/Request))
#27 D:/caleb/api/safevoice-api/vendor/laravel/framework/src/Illuminate/Pipeline/Pipeline.php(180): Illuminate/Foundation/Http/Kernel->Illuminate/Foundation/Http/{closure}(Object(Illuminate/Http/Request))
#28 D:/caleb/api/safevoice-api/vendor/laravel/framework/src/Illuminate/Foundation/Http/Middleware/TransformsRequest.php(21): Illuminate/Pipeline/Pipeline->Illuminate/Pipeline/{closure}(Object(Illuminate/Http/Request))
#29 D:/caleb/api/safevoice-api/vendor/laravel/framework/src/Illuminate/Foundation/Http/Middleware/ConvertEmptyStringsToNull.php(31): Illuminate/Foundation/Http/Middleware/TransformsRequest->handle(Object(Illuminate/Http/Request), Object(Closure))
#30 D:/caleb/api/safevoice-api/vendor/laravel/framework/src/Illuminate/Pipeline/Pipeline.php(219): Illuminate/Foundation/Http/Middleware/ConvertEmptyStringsToNull->handle(Object(Illuminate/Http/Request), Object(Closure))
#31 D:/caleb/api/safevoice-api/vendor/laravel/framework/src/Illuminate/Foundation/Http/Middleware/TransformsRequest.php(21): Illuminate/Pipeline/Pipeline->Illuminate/Pipeline/{closure}(Object(Illuminate/Http/Request))
#32 D:/caleb/api/safevoice-api/vendor/laravel/framework/src/Illuminate/Foundation/Http/Middleware/TrimStrings.php(51): Illuminate/Foundation/Http/Middleware/TransformsRequest->handle(Object(Illuminate/Http/Request), Object(Closure))
#33 D:/caleb/api/safevoice-api/vendor/laravel/framework/src/Illuminate/Pipeline/Pipeline.php(219): Illuminate/Foundation/Http/Middleware/TrimStrings->handle(Object(Illuminate/Http/Request), Object(Closure))
#34 D:/caleb/api/safevoice-api/vendor/laravel/framework/src/Illuminate/Http/Middleware/ValidatePostSize.php(27): Illuminate/Pipeline/Pipeline->Illuminate/Pipeline/{closure}(Object(Illuminate/Http/Request))
#35 D:/caleb/api/safevoice-api/vendor/laravel/framework/src/Illuminate/Pipeline/Pipeline.php(219): Illuminate/Http/Middleware/ValidatePostSize->handle(Object(Illuminate/Http/Request), Object(Closure))
#36 D:/caleb/api/safevoice-api/vendor/laravel/framework/src/Illuminate/Foundation/Http/Middleware/PreventRequestsDuringMaintenance.php(109): Illuminate/Pipeline/Pipeline->Illuminate/Pipeline/{closure}(Object(Illuminate/Http/Request))
#37 D:/caleb/api/safevoice-api/vendor/laravel/framework/src/Illuminate/Pipeline/Pipeline.php(219): Illuminate/Foundation/Http/Middleware/PreventRequestsDuringMaintenance->handle(Object(Illuminate/Http/Request), Object(Closure))
#38 D:/caleb/api/safevoice-api/vendor/laravel/framework/src/Illuminate/Http/Middleware/HandleCors.php(74): Illuminate/Pipeline/Pipeline->Illuminate/Pipeline/{closure}(Object(Illuminate/Http/Request))
#39 D:/caleb/api/safevoice-api/vendor/laravel/framework/src/Illuminate/Pipeline/Pipeline.php(219): Illuminate/Http/Middleware/HandleCors->handle(Object(Illuminate/Http/Request), Object(Closure))
#40 D:/caleb/api/safevoice-api/vendor/laravel/framework/src/Illuminate/Http/Middleware/TrustProxies.php(58): Illuminate/Pipeline/Pipeline->Illuminate/Pipeline/{closure}(Object(Illuminate/Http/Request))
#41 D:/caleb/api/safevoice-api/vendor/laravel/framework/src/Illuminate/Pipeline/Pipeline.php(219): Illuminate/Http/Middleware/TrustProxies->handle(Object(Illuminate/Http/Request), Object(Closure))
#42 D:/caleb/api/safevoice-api/vendor/laravel/framework/src/Illuminate/Foundation/Http/Middleware/InvokeDeferredCallbacks.php(22): Illuminate/Pipeline/Pipeline->Illuminate/Pipeline/{closure}(Object(Illuminate/Http/Request))
#43 D:/caleb/api/safevoice-api/vendor/laravel/framework/src/Illuminate/Pipeline/Pipeline.php(219): Illuminate/Foundation/Http/Middleware/InvokeDeferredCallbacks->handle(Object(Illuminate/Http/Request), Object(Closure))
#44 D:/caleb/api/safevoice-api/vendor/laravel/framework/src/Illuminate/Http/Middleware/ValidatePathEncoding.php(26): Illuminate/Pipeline/Pipeline->Illuminate/Pipeline/{closure}(Object(Illuminate/Http/Request))
#45 D:/caleb/api/safevoice-api/vendor/laravel/framework/src/Illuminate/Pipeline/Pipeline.php(219): Illuminate/Http/Middleware/ValidatePathEncoding->handle(Object(Illuminate/Http/Request), Object(Closure))
#46 D:/caleb/api/safevoice-api/vendor/laravel/framework/src/Illuminate/Pipeline/Pipeline.php(137): Illuminate/Pipeline/Pipeline->Illuminate/Pipeline/{closure}(Object(Illuminate/Http/Request))
#47 D:/caleb/api/safevoice-api/vendor/laravel/framework/src/Illuminate/Foundation/Http/Kernel.php(175): Illuminate/Pipeline/Pipeline->then(Object(Closure))
#48 D:/caleb/api/safevoice-api/vendor/laravel/framework/src/Illuminate/Foundation/Http/Kernel.php(144): Illuminate/Foundation/Http/Kernel->sendRequestThroughRouter(Object(Illuminate/Http/Request))
#49 D:/caleb/api/safevoice-api/vendor/knuckleswtf/scribe/src/Extracting/Strategies/Responses/ResponseCalls.php(236): Illuminate/Foundation/Http/Kernel->handle(Object(Illuminate/Http/Request))
#50 D:/caleb/api/safevoice-api/vendor/knuckleswtf/scribe/src/Extracting/Strategies/Responses/ResponseCalls.php(229): Knuckles/Scribe/Extracting/Strategies/Responses/ResponseCalls->callLaravelRoute(Object(Illuminate/Http/Request))
#51 D:/caleb/api/safevoice-api/vendor/knuckleswtf/scribe/src/Extracting/Strategies/Responses/ResponseCalls.php(103): Knuckles/Scribe/Extracting/Strategies/Responses/ResponseCalls->makeApiCall(Object(Illuminate/Http/Request), Object(Illuminate/Routing/Route))
#52 D:/caleb/api/safevoice-api/vendor/knuckleswtf/scribe/src/Extracting/Strategies/Responses/ResponseCalls.php(39): Knuckles/Scribe/Extracting/Strategies/Responses/ResponseCalls->makeResponseCall(Object(Knuckles/Camel/Extraction/ExtractedEndpointData), Array)
#53 D:/caleb/api/safevoice-api/vendor/knuckleswtf/scribe/src/Extracting/Extractor.php(471): Knuckles/Scribe/Extracting/Strategies/Responses/ResponseCalls->__invoke(Object(Knuckles/Camel/Extraction/ExtractedEndpointData), Array)
#54 D:/caleb/api/safevoice-api/vendor/knuckleswtf/scribe/src/Extracting/Extractor.php(397): Knuckles/Scribe/Extracting/Extractor->iterateThroughStrategies('responses', Object(Knuckles/Camel/Extraction/ExtractedEndpointData), Array, Object(Closure))
#55 D:/caleb/api/safevoice-api/vendor/knuckleswtf/scribe/src/Extracting/Extractor.php(94): Knuckles/Scribe/Extracting/Extractor->fetchResponses(Object(Knuckles/Camel/Extraction/ExtractedEndpointData), Array)
#56 D:/caleb/api/safevoice-api/vendor/knuckleswtf/scribe/src/GroupedEndpoints/GroupedEndpointsFromApp.php(186): Knuckles/Scribe/Extracting/Extractor->processRoute(Object(Illuminate/Routing/Route), Array)
#57 D:/caleb/api/safevoice-api/vendor/laravel/framework/src/Illuminate/Console/View/Components/Task.php(41): Knuckles/Scribe/GroupedEndpoints/GroupedEndpointsFromApp->Knuckles/Scribe/GroupedEndpoints/{closure}()
#58 D:/caleb/api/safevoice-api/vendor/laravel/framework/src/Illuminate/Console/View/Components/Factory.php(59): Illuminate/Console/View/Components/Task->render('<options=bold>[...', Object(Closure))
#59 D:/caleb/api/safevoice-api/vendor/knuckleswtf/scribe/src/GroupedEndpoints/GroupedEndpointsFromApp.php(183): Illuminate/Console/View/Components/Factory->__call('task', Array)
#60 D:/caleb/api/safevoice-api/vendor/knuckleswtf/scribe/src/GroupedEndpoints/GroupedEndpointsFromApp.php(73): Knuckles/Scribe/GroupedEndpoints/GroupedEndpointsFromApp->extractEndpointsInfoFromLaravelApp(Array, Array, Array)
#61 D:/caleb/api/safevoice-api/vendor/knuckleswtf/scribe/src/GroupedEndpoints/GroupedEndpointsFromApp.php(51): Knuckles/Scribe/GroupedEndpoints/GroupedEndpointsFromApp->extractEndpointsInfoAndWriteToDisk(Object(Knuckles/Scribe/Matching/RouteMatcher), true)
#62 D:/caleb/api/safevoice-api/vendor/knuckleswtf/scribe/src/Commands/GenerateDocumentation.php(55): Knuckles/Scribe/GroupedEndpoints/GroupedEndpointsFromApp->get()
#63 D:/caleb/api/safevoice-api/vendor/laravel/framework/src/Illuminate/Container/BoundMethod.php(36): Knuckles/Scribe/Commands/GenerateDocumentation->handle(Object(Knuckles/Scribe/Matching/RouteMatcher), Object(Knuckles/Scribe/GroupedEndpoints/GroupedEndpointsFactory))
#64 D:/caleb/api/safevoice-api/vendor/laravel/framework/src/Illuminate/Container/Util.php(43): Illuminate/Container/BoundMethod::Illuminate/Container/{closure}()
#65 D:/caleb/api/safevoice-api/vendor/laravel/framework/src/Illuminate/Container/BoundMethod.php(96): Illuminate/Container/Util::unwrapIfClosure(Object(Closure))
#66 D:/caleb/api/safevoice-api/vendor/laravel/framework/src/Illuminate/Container/BoundMethod.php(35): Illuminate/Container/BoundMethod::callBoundMethod(Object(Illuminate/Foundation/Application), Array, Object(Closure))
#67 D:/caleb/api/safevoice-api/vendor/laravel/framework/src/Illuminate/Container/Container.php(799): Illuminate/Container/BoundMethod::call(Object(Illuminate/Foundation/Application), Array, Array, NULL)
#68 D:/caleb/api/safevoice-api/vendor/laravel/framework/src/Illuminate/Console/Command.php(211): Illuminate/Container/Container->call(Array)
#69 D:/caleb/api/safevoice-api/vendor/symfony/console/Command/Command.php(341): Illuminate/Console/Command->execute(Object(Symfony/Component/Console/Input/ArgvInput), Object(Illuminate/Console/OutputStyle))
#70 D:/caleb/api/safevoice-api/vendor/laravel/framework/src/Illuminate/Console/Command.php(180): Symfony/Component/Console/Command/Command->run(Object(Symfony/Component/Console/Input/ArgvInput), Object(Illuminate/Console/OutputStyle))
#71 D:/caleb/api/safevoice-api/vendor/symfony/console/Application.php(1117): Illuminate/Console/Command->run(Object(Symfony/Component/Console/Input/ArgvInput), Object(Symfony/Component/Console/Output/ConsoleOutput))
#72 D:/caleb/api/safevoice-api/vendor/symfony/console/Application.php(356): Symfony/Component/Console/Application->doRunCommand(Object(Knuckles/Scribe/Commands/GenerateDocumentation), Object(Symfony/Component/Console/Input/ArgvInput), Object(Symfony/Component/Console/Output/ConsoleOutput))
#73 D:/caleb/api/safevoice-api/vendor/symfony/console/Application.php(195): Symfony/Component/Console/Application->doRun(Object(Symfony/Component/Console/Input/ArgvInput), Object(Symfony/Component/Console/Output/ConsoleOutput))
#74 D:/caleb/api/safevoice-api/vendor/laravel/framework/src/Illuminate/Foundation/Console/Kernel.php(198): Symfony/Component/Console/Application->run(Object(Symfony/Component/Console/Input/ArgvInput), Object(Symfony/Component/Console/Output/ConsoleOutput))
#75 D:/caleb/api/safevoice-api/vendor/laravel/framework/src/Illuminate/Foundation/Application.php(1235): Illuminate/Foundation/Console/Kernel->handle(Object(Symfony/Component/Console/Input/ArgvInput), Object(Symfony/Component/Console/Output/ConsoleOutput))
#76 D:/caleb/api/safevoice-api/artisan(12): Illuminate/Foundation/Application->handleCommand(Object(Symfony/Component/Console/Input/ArgvInput))
#77 {main}
"} 
[2026-07-03 14:14:40] local.ERROR: SQLSTATE[22P02]: Invalid text representation: 7 ERROR:  invalid input syntax for type uuid: "consequatur"
CONTEXT:  unnamed portal parameter $1 = '...' (Connection: pgsql, Host: 127.0.0.1, Port: 5432, Database: safe_voices, SQL: select * from "reports" where "reports"."id" = consequatur and "reports"."deleted_at" is null limit 1) {"exception":"[object] (Illuminate\\Database\\QueryException(code: 22P02): SQLSTATE[22P02]: Invalid text representation: 7 ERROR:  invalid input syntax for type uuid: \"consequatur\"
CONTEXT:  unnamed portal parameter $1 = '...' (Connection: pgsql, Host: 127.0.0.1, Port: 5432, Database: safe_voices, SQL: select * from \"reports\" where \"reports\".\"id\" = consequatur and \"reports\".\"deleted_at\" is null limit 1) at D:/caleb/api/safevoice-api/vendor/laravel/framework/src/Illuminate/Database/Connection.php:838)
[stacktrace]
#0 D:/caleb/api/safevoice-api/vendor/laravel/framework/src/Illuminate/Database/Connection.php(794): Illuminate/Database/Connection->runQueryCallback('select * from \"...', Array, Object(Closure))
#1 D:/caleb/api/safevoice-api/vendor/laravel/framework/src/Illuminate/Database/Connection.php(411): Illuminate/Database/Connection->run('select * from \"...', Array, Object(Closure))
#2 D:/caleb/api/safevoice-api/vendor/laravel/framework/src/Illuminate/Database/Query/Builder.php(3505): Illuminate/Database/Connection->select('select * from \"...', Array, true)
#3 D:/caleb/api/safevoice-api/vendor/laravel/framework/src/Illuminate/Database/Query/Builder.php(3490): Illuminate/Database/Query/Builder->runSelect()
#4 D:/caleb/api/safevoice-api/vendor/laravel/framework/src/Illuminate/Database/Query/Builder.php(4080): Illuminate/Database/Query/Builder->Illuminate/Database/Query/{closure}()
#5 D:/caleb/api/safevoice-api/vendor/laravel/framework/src/Illuminate/Database/Query/Builder.php(3489): Illuminate/Database/Query/Builder->onceWithColumns(Array, Object(Closure))
#6 D:/caleb/api/safevoice-api/vendor/laravel/framework/src/Illuminate/Database/Eloquent/Builder.php(902): Illuminate/Database/Query/Builder->get(Array)
#7 D:/caleb/api/safevoice-api/vendor/laravel/framework/src/Illuminate/Database/Eloquent/Builder.php(884): Illuminate/Database/Eloquent/Builder->getModels(Array)
#8 D:/caleb/api/safevoice-api/vendor/laravel/framework/src/Illuminate/Database/Concerns/BuildsQueries.php(366): Illuminate/Database/Eloquent/Builder->get(Array)
#9 D:/caleb/api/safevoice-api/vendor/laravel/framework/src/Illuminate/Database/Eloquent/Builder.php(568): Illuminate/Database/Eloquent/Builder->first(Array)
#10 D:/caleb/api/safevoice-api/vendor/laravel/framework/src/Illuminate/Support/Traits/ForwardsCalls.php(23): Illuminate/Database/Eloquent/Builder->find('consequatur')
#11 D:/caleb/api/safevoice-api/vendor/laravel/framework/src/Illuminate/Database/Eloquent/Model.php(2544): Illuminate/Database/Eloquent/Model->forwardCallTo(Object(Illuminate/Database/Eloquent/Builder), 'find', Array)
#12 D:/caleb/api/safevoice-api/vendor/laravel/framework/src/Illuminate/Database/Eloquent/Model.php(2560): Illuminate/Database/Eloquent/Model->__call('find', Array)
#13 D:/caleb/api/safevoice-api/app/Http/Middleware/ResolveDraftReport.php(26): Illuminate/Database/Eloquent/Model::__callStatic('find', Array)
#14 D:/caleb/api/safevoice-api/vendor/laravel/framework/src/Illuminate/Pipeline/Pipeline.php(219): App/Http/Middleware/ResolveDraftReport->handle(Object(Illuminate/Http/Request), Object(Closure))
#15 D:/caleb/api/safevoice-api/vendor/laravel/framework/src/Illuminate/Routing/Middleware/SubstituteBindings.php(50): Illuminate/Pipeline/Pipeline->Illuminate/Pipeline/{closure}(Object(Illuminate/Http/Request))
#16 D:/caleb/api/safevoice-api/vendor/laravel/framework/src/Illuminate/Pipeline/Pipeline.php(219): Illuminate/Routing/Middleware/SubstituteBindings->handle(Object(Illuminate/Http/Request), Object(Closure))
#17 D:/caleb/api/safevoice-api/app/Http/Middleware/SetLocale.php(36): Illuminate/Pipeline/Pipeline->Illuminate/Pipeline/{closure}(Object(Illuminate/Http/Request))
#18 D:/caleb/api/safevoice-api/vendor/laravel/framework/src/Illuminate/Pipeline/Pipeline.php(219): App/Http/Middleware/SetLocale->handle(Object(Illuminate/Http/Request), Object(Closure))
#19 D:/caleb/api/safevoice-api/vendor/laravel/framework/src/Illuminate/Pipeline/Pipeline.php(137): Illuminate/Pipeline/Pipeline->Illuminate/Pipeline/{closure}(Object(Illuminate/Http/Request))
#20 D:/caleb/api/safevoice-api/vendor/laravel/framework/src/Illuminate/Routing/Router.php(821): Illuminate/Pipeline/Pipeline->then(Object(Closure))
#21 D:/caleb/api/safevoice-api/vendor/laravel/framework/src/Illuminate/Routing/Router.php(800): Illuminate/Routing/Router->runRouteWithinStack(Object(Illuminate/Routing/Route), Object(Illuminate/Http/Request))
#22 D:/caleb/api/safevoice-api/vendor/laravel/framework/src/Illuminate/Routing/Router.php(764): Illuminate/Routing/Router->runRoute(Object(Illuminate/Http/Request), Object(Illuminate/Routing/Route))
#23 D:/caleb/api/safevoice-api/vendor/laravel/framework/src/Illuminate/Routing/Router.php(753): Illuminate/Routing/Router->dispatchToRoute(Object(Illuminate/Http/Request))
#24 D:/caleb/api/safevoice-api/vendor/laravel/framework/src/Illuminate/Foundation/Http/Kernel.php(200): Illuminate/Routing/Router->dispatch(Object(Illuminate/Http/Request))
#25 D:/caleb/api/safevoice-api/vendor/laravel/framework/src/Illuminate/Pipeline/Pipeline.php(180): Illuminate/Foundation/Http/Kernel->Illuminate/Foundation/Http/{closure}(Object(Illuminate/Http/Request))
#26 D:/caleb/api/safevoice-api/vendor/laravel/framework/src/Illuminate/Foundation/Http/Middleware/TransformsRequest.php(21): Illuminate/Pipeline/Pipeline->Illuminate/Pipeline/{closure}(Object(Illuminate/Http/Request))
#27 D:/caleb/api/safevoice-api/vendor/laravel/framework/src/Illuminate/Foundation/Http/Middleware/ConvertEmptyStringsToNull.php(31): Illuminate/Foundation/Http/Middleware/TransformsRequest->handle(Object(Illuminate/Http/Request), Object(Closure))
#28 D:/caleb/api/safevoice-api/vendor/laravel/framework/src/Illuminate/Pipeline/Pipeline.php(219): Illuminate/Foundation/Http/Middleware/ConvertEmptyStringsToNull->handle(Object(Illuminate/Http/Request), Object(Closure))
#29 D:/caleb/api/safevoice-api/vendor/laravel/framework/src/Illuminate/Foundation/Http/Middleware/TransformsRequest.php(21): Illuminate/Pipeline/Pipeline->Illuminate/Pipeline/{closure}(Object(Illuminate/Http/Request))
#30 D:/caleb/api/safevoice-api/vendor/laravel/framework/src/Illuminate/Foundation/Http/Middleware/TrimStrings.php(51): Illuminate/Foundation/Http/Middleware/TransformsRequest->handle(Object(Illuminate/Http/Request), Object(Closure))
#31 D:/caleb/api/safevoice-api/vendor/laravel/framework/src/Illuminate/Pipeline/Pipeline.php(219): Illuminate/Foundation/Http/Middleware/TrimStrings->handle(Object(Illuminate/Http/Request), Object(Closure))
#32 D:/caleb/api/safevoice-api/vendor/laravel/framework/src/Illuminate/Http/Middleware/ValidatePostSize.php(27): Illuminate/Pipeline/Pipeline->Illuminate/Pipeline/{closure}(Object(Illuminate/Http/Request))
#33 D:/caleb/api/safevoice-api/vendor/laravel/framework/src/Illuminate/Pipeline/Pipeline.php(219): Illuminate/Http/Middleware/ValidatePostSize->handle(Object(Illuminate/Http/Request), Object(Closure))
#34 D:/caleb/api/safevoice-api/vendor/laravel/framework/src/Illuminate/Foundation/Http/Middleware/PreventRequestsDuringMaintenance.php(109): Illuminate/Pipeline/Pipeline->Illuminate/Pipeline/{closure}(Object(Illuminate/Http/Request))
#35 D:/caleb/api/safevoice-api/vendor/laravel/framework/src/Illuminate/Pipeline/Pipeline.php(219): Illuminate/Foundation/Http/Middleware/PreventRequestsDuringMaintenance->handle(Object(Illuminate/Http/Request), Object(Closure))
#36 D:/caleb/api/safevoice-api/vendor/laravel/framework/src/Illuminate/Http/Middleware/HandleCors.php(74): Illuminate/Pipeline/Pipeline->Illuminate/Pipeline/{closure}(Object(Illuminate/Http/Request))
#37 D:/caleb/api/safevoice-api/vendor/laravel/framework/src/Illuminate/Pipeline/Pipeline.php(219): Illuminate/Http/Middleware/HandleCors->handle(Object(Illuminate/Http/Request), Object(Closure))
#38 D:/caleb/api/safevoice-api/vendor/laravel/framework/src/Illuminate/Http/Middleware/TrustProxies.php(58): Illuminate/Pipeline/Pipeline->Illuminate/Pipeline/{closure}(Object(Illuminate/Http/Request))
#39 D:/caleb/api/safevoice-api/vendor/laravel/framework/src/Illuminate/Pipeline/Pipeline.php(219): Illuminate/Http/Middleware/TrustProxies->handle(Object(Illuminate/Http/Request), Object(Closure))
#40 D:/caleb/api/safevoice-api/vendor/laravel/framework/src/Illuminate/Foundation/Http/Middleware/InvokeDeferredCallbacks.php(22): Illuminate/Pipeline/Pipeline->Illuminate/Pipeline/{closure}(Object(Illuminate/Http/Request))
#41 D:/caleb/api/safevoice-api/vendor/laravel/framework/src/Illuminate/Pipeline/Pipeline.php(219): Illuminate/Foundation/Http/Middleware/InvokeDeferredCallbacks->handle(Object(Illuminate/Http/Request), Object(Closure))
#42 D:/caleb/api/safevoice-api/vendor/laravel/framework/src/Illuminate/Http/Middleware/ValidatePathEncoding.php(26): Illuminate/Pipeline/Pipeline->Illuminate/Pipeline/{closure}(Object(Illuminate/Http/Request))
#43 D:/caleb/api/safevoice-api/vendor/laravel/framework/src/Illuminate/Pipeline/Pipeline.php(219): Illuminate/Http/Middleware/ValidatePathEncoding->handle(Object(Illuminate/Http/Request), Object(Closure))
#44 D:/caleb/api/safevoice-api/vendor/laravel/framework/src/Illuminate/Pipeline/Pipeline.php(137): Illuminate/Pipeline/Pipeline->Illuminate/Pipeline/{closure}(Object(Illuminate/Http/Request))
#45 D:/caleb/api/safevoice-api/vendor/laravel/framework/src/Illuminate/Foundation/Http/Kernel.php(175): Illuminate/Pipeline/Pipeline->then(Object(Closure))
#46 D:/caleb/api/safevoice-api/vendor/laravel/framework/src/Illuminate/Foundation/Http/Kernel.php(144): Illuminate/Foundation/Http/Kernel->sendRequestThroughRouter(Object(Illuminate/Http/Request))
#47 D:/caleb/api/safevoice-api/vendor/knuckleswtf/scribe/src/Extracting/Strategies/Responses/ResponseCalls.php(236): Illuminate/Foundation/Http/Kernel->handle(Object(Illuminate/Http/Request))
#48 D:/caleb/api/safevoice-api/vendor/knuckleswtf/scribe/src/Extracting/Strategies/Responses/ResponseCalls.php(229): Knuckles/Scribe/Extracting/Strategies/Responses/ResponseCalls->callLaravelRoute(Object(Illuminate/Http/Request))
#49 D:/caleb/api/safevoice-api/vendor/knuckleswtf/scribe/src/Extracting/Strategies/Responses/ResponseCalls.php(103): Knuckles/Scribe/Extracting/Strategies/Responses/ResponseCalls->makeApiCall(Object(Illuminate/Http/Request), Object(Illuminate/Routing/Route))
#50 D:/caleb/api/safevoice-api/vendor/knuckleswtf/scribe/src/Extracting/Strategies/Responses/ResponseCalls.php(39): Knuckles/Scribe/Extracting/Strategies/Responses/ResponseCalls->makeResponseCall(Object(Knuckles/Camel/Extraction/ExtractedEndpointData), Array)
#51 D:/caleb/api/safevoice-api/vendor/knuckleswtf/scribe/src/Extracting/Extractor.php(471): Knuckles/Scribe/Extracting/Strategies/Responses/ResponseCalls->__invoke(Object(Knuckles/Camel/Extraction/ExtractedEndpointData), Array)
#52 D:/caleb/api/safevoice-api/vendor/knuckleswtf/scribe/src/Extracting/Extractor.php(397): Knuckles/Scribe/Extracting/Extractor->iterateThroughStrategies('responses', Object(Knuckles/Camel/Extraction/ExtractedEndpointData), Array, Object(Closure))
#53 D:/caleb/api/safevoice-api/vendor/knuckleswtf/scribe/src/Extracting/Extractor.php(94): Knuckles/Scribe/Extracting/Extractor->fetchResponses(Object(Knuckles/Camel/Extraction/ExtractedEndpointData), Array)
#54 D:/caleb/api/safevoice-api/vendor/knuckleswtf/scribe/src/GroupedEndpoints/GroupedEndpointsFromApp.php(186): Knuckles/Scribe/Extracting/Extractor->processRoute(Object(Illuminate/Routing/Route), Array)
#55 D:/caleb/api/safevoice-api/vendor/laravel/framework/src/Illuminate/Console/View/Components/Task.php(41): Knuckles/Scribe/GroupedEndpoints/GroupedEndpointsFromApp->Knuckles/Scribe/GroupedEndpoints/{closure}()
#56 D:/caleb/api/safevoice-api/vendor/laravel/framework/src/Illuminate/Console/View/Components/Factory.php(59): Illuminate/Console/View/Components/Task->render('<options=bold>[...', Object(Closure))
#57 D:/caleb/api/safevoice-api/vendor/knuckleswtf/scribe/src/GroupedEndpoints/GroupedEndpointsFromApp.php(183): Illuminate/Console/View/Components/Factory->__call('task', Array)
#58 D:/caleb/api/safevoice-api/vendor/knuckleswtf/scribe/src/GroupedEndpoints/GroupedEndpointsFromApp.php(73): Knuckles/Scribe/GroupedEndpoints/GroupedEndpointsFromApp->extractEndpointsInfoFromLaravelApp(Array, Array, Array)
#59 D:/caleb/api/safevoice-api/vendor/knuckleswtf/scribe/src/GroupedEndpoints/GroupedEndpointsFromApp.php(51): Knuckles/Scribe/GroupedEndpoints/GroupedEndpointsFromApp->extractEndpointsInfoAndWriteToDisk(Object(Knuckles/Scribe/Matching/RouteMatcher), true)
#60 D:/caleb/api/safevoice-api/vendor/knuckleswtf/scribe/src/Commands/GenerateDocumentation.php(55): Knuckles/Scribe/GroupedEndpoints/GroupedEndpointsFromApp->get()
#61 D:/caleb/api/safevoice-api/vendor/laravel/framework/src/Illuminate/Container/BoundMethod.php(36): Knuckles/Scribe/Commands/GenerateDocumentation->handle(Object(Knuckles/Scribe/Matching/RouteMatcher), Object(Knuckles/Scribe/GroupedEndpoints/GroupedEndpointsFactory))
#62 D:/caleb/api/safevoice-api/vendor/laravel/framework/src/Illuminate/Container/Util.php(43): Illuminate/Container/BoundMethod::Illuminate/Container/{closure}()
#63 D:/caleb/api/safevoice-api/vendor/laravel/framework/src/Illuminate/Container/BoundMethod.php(96): Illuminate/Container/Util::unwrapIfClosure(Object(Closure))
#64 D:/caleb/api/safevoice-api/vendor/laravel/framework/src/Illuminate/Container/BoundMethod.php(35): Illuminate/Container/BoundMethod::callBoundMethod(Object(Illuminate/Foundation/Application), Array, Object(Closure))
#65 D:/caleb/api/safevoice-api/vendor/laravel/framework/src/Illuminate/Container/Container.php(799): Illuminate/Container/BoundMethod::call(Object(Illuminate/Foundation/Application), Array, Array, NULL)
#66 D:/caleb/api/safevoice-api/vendor/laravel/framework/src/Illuminate/Console/Command.php(211): Illuminate/Container/Container->call(Array)
#67 D:/caleb/api/safevoice-api/vendor/symfony/console/Command/Command.php(341): Illuminate/Console/Command->execute(Object(Symfony/Component/Console/Input/ArgvInput), Object(Illuminate/Console/OutputStyle))
#68 D:/caleb/api/safevoice-api/vendor/laravel/framework/src/Illuminate/Console/Command.php(180): Symfony/Component/Console/Command/Command->run(Object(Symfony/Component/Console/Input/ArgvInput), Object(Illuminate/Console/OutputStyle))
#69 D:/caleb/api/safevoice-api/vendor/symfony/console/Application.php(1117): Illuminate/Console/Command->run(Object(Symfony/Component/Console/Input/ArgvInput), Object(Symfony/Component/Console/Output/ConsoleOutput))
#70 D:/caleb/api/safevoice-api/vendor/symfony/console/Application.php(356): Symfony/Component/Console/Application->doRunCommand(Object(Knuckles/Scribe/Commands/GenerateDocumentation), Object(Symfony/Component/Console/Input/ArgvInput), Object(Symfony/Component/Console/Output/ConsoleOutput))
#71 D:/caleb/api/safevoice-api/vendor/symfony/console/Application.php(195): Symfony/Component/Console/Application->doRun(Object(Symfony/Component/Console/Input/ArgvInput), Object(Symfony/Component/Console/Output/ConsoleOutput))
#72 D:/caleb/api/safevoice-api/vendor/laravel/framework/src/Illuminate/Foundation/Console/Kernel.php(198): Symfony/Component/Console/Application->run(Object(Symfony/Component/Console/Input/ArgvInput), Object(Symfony/Component/Console/Output/ConsoleOutput))
#73 D:/caleb/api/safevoice-api/vendor/laravel/framework/src/Illuminate/Foundation/Application.php(1235): Illuminate/Foundation/Console/Kernel->handle(Object(Symfony/Component/Console/Input/ArgvInput), Object(Symfony/Component/Console/Output/ConsoleOutput))
#74 D:/caleb/api/safevoice-api/artisan(12): Illuminate/Foundation/Application->handleCommand(Object(Symfony/Component/Console/Input/ArgvInput))
#75 {main}

[previous exception] [object] (PDOException(code: 22P02): SQLSTATE[22P02]: Invalid text representation: 7 ERROR:  invalid input syntax for type uuid: \"consequatur\"
CONTEXT:  unnamed portal parameter $1 = '...' at D:/caleb/api/safevoice-api/vendor/laravel/framework/src/Illuminate/Database/Connection.php:425)
[stacktrace]
#0 D:/caleb/api/safevoice-api/vendor/laravel/framework/src/Illuminate/Database/Connection.php(425): PDOStatement->execute()
#1 D:/caleb/api/safevoice-api/vendor/laravel/framework/src/Illuminate/Database/Connection.php(827): Illuminate/Database/Connection->Illuminate/Database/{closure}('select * from \"...', Array)
#2 D:/caleb/api/safevoice-api/vendor/laravel/framework/src/Illuminate/Database/Connection.php(794): Illuminate/Database/Connection->runQueryCallback('select * from \"...', Array, Object(Closure))
#3 D:/caleb/api/safevoice-api/vendor/laravel/framework/src/Illuminate/Database/Connection.php(411): Illuminate/Database/Connection->run('select * from \"...', Array, Object(Closure))
#4 D:/caleb/api/safevoice-api/vendor/laravel/framework/src/Illuminate/Database/Query/Builder.php(3505): Illuminate/Database/Connection->select('select * from \"...', Array, true)
#5 D:/caleb/api/safevoice-api/vendor/laravel/framework/src/Illuminate/Database/Query/Builder.php(3490): Illuminate/Database/Query/Builder->runSelect()
#6 D:/caleb/api/safevoice-api/vendor/laravel/framework/src/Illuminate/Database/Query/Builder.php(4080): Illuminate/Database/Query/Builder->Illuminate/Database/Query/{closure}()
#7 D:/caleb/api/safevoice-api/vendor/laravel/framework/src/Illuminate/Database/Query/Builder.php(3489): Illuminate/Database/Query/Builder->onceWithColumns(Array, Object(Closure))
#8 D:/caleb/api/safevoice-api/vendor/laravel/framework/src/Illuminate/Database/Eloquent/Builder.php(902): Illuminate/Database/Query/Builder->get(Array)
#9 D:/caleb/api/safevoice-api/vendor/laravel/framework/src/Illuminate/Database/Eloquent/Builder.php(884): Illuminate/Database/Eloquent/Builder->getModels(Array)
#10 D:/caleb/api/safevoice-api/vendor/laravel/framework/src/Illuminate/Database/Concerns/BuildsQueries.php(366): Illuminate/Database/Eloquent/Builder->get(Array)
#11 D:/caleb/api/safevoice-api/vendor/laravel/framework/src/Illuminate/Database/Eloquent/Builder.php(568): Illuminate/Database/Eloquent/Builder->first(Array)
#12 D:/caleb/api/safevoice-api/vendor/laravel/framework/src/Illuminate/Support/Traits/ForwardsCalls.php(23): Illuminate/Database/Eloquent/Builder->find('consequatur')
#13 D:/caleb/api/safevoice-api/vendor/laravel/framework/src/Illuminate/Database/Eloquent/Model.php(2544): Illuminate/Database/Eloquent/Model->forwardCallTo(Object(Illuminate/Database/Eloquent/Builder), 'find', Array)
#14 D:/caleb/api/safevoice-api/vendor/laravel/framework/src/Illuminate/Database/Eloquent/Model.php(2560): Illuminate/Database/Eloquent/Model->__call('find', Array)
#15 D:/caleb/api/safevoice-api/app/Http/Middleware/ResolveDraftReport.php(26): Illuminate/Database/Eloquent/Model::__callStatic('find', Array)
#16 D:/caleb/api/safevoice-api/vendor/laravel/framework/src/Illuminate/Pipeline/Pipeline.php(219): App/Http/Middleware/ResolveDraftReport->handle(Object(Illuminate/Http/Request), Object(Closure))
#17 D:/caleb/api/safevoice-api/vendor/laravel/framework/src/Illuminate/Routing/Middleware/SubstituteBindings.php(50): Illuminate/Pipeline/Pipeline->Illuminate/Pipeline/{closure}(Object(Illuminate/Http/Request))
#18 D:/caleb/api/safevoice-api/vendor/laravel/framework/src/Illuminate/Pipeline/Pipeline.php(219): Illuminate/Routing/Middleware/SubstituteBindings->handle(Object(Illuminate/Http/Request), Object(Closure))
#19 D:/caleb/api/safevoice-api/app/Http/Middleware/SetLocale.php(36): Illuminate/Pipeline/Pipeline->Illuminate/Pipeline/{closure}(Object(Illuminate/Http/Request))
#20 D:/caleb/api/safevoice-api/vendor/laravel/framework/src/Illuminate/Pipeline/Pipeline.php(219): App/Http/Middleware/SetLocale->handle(Object(Illuminate/Http/Request), Object(Closure))
#21 D:/caleb/api/safevoice-api/vendor/laravel/framework/src/Illuminate/Pipeline/Pipeline.php(137): Illuminate/Pipeline/Pipeline->Illuminate/Pipeline/{closure}(Object(Illuminate/Http/Request))
#22 D:/caleb/api/safevoice-api/vendor/laravel/framework/src/Illuminate/Routing/Router.php(821): Illuminate/Pipeline/Pipeline->then(Object(Closure))
#23 D:/caleb/api/safevoice-api/vendor/laravel/framework/src/Illuminate/Routing/Router.php(800): Illuminate/Routing/Router->runRouteWithinStack(Object(Illuminate/Routing/Route), Object(Illuminate/Http/Request))
#24 D:/caleb/api/safevoice-api/vendor/laravel/framework/src/Illuminate/Routing/Router.php(764): Illuminate/Routing/Router->runRoute(Object(Illuminate/Http/Request), Object(Illuminate/Routing/Route))
#25 D:/caleb/api/safevoice-api/vendor/laravel/framework/src/Illuminate/Routing/Router.php(753): Illuminate/Routing/Router->dispatchToRoute(Object(Illuminate/Http/Request))
#26 D:/caleb/api/safevoice-api/vendor/laravel/framework/src/Illuminate/Foundation/Http/Kernel.php(200): Illuminate/Routing/Router->dispatch(Object(Illuminate/Http/Request))
#27 D:/caleb/api/safevoice-api/vendor/laravel/framework/src/Illuminate/Pipeline/Pipeline.php(180): Illuminate/Foundation/Http/Kernel->Illuminate/Foundation/Http/{closure}(Object(Illuminate/Http/Request))
#28 D:/caleb/api/safevoice-api/vendor/laravel/framework/src/Illuminate/Foundation/Http/Middleware/TransformsRequest.php(21): Illuminate/Pipeline/Pipeline->Illuminate/Pipeline/{closure}(Object(Illuminate/Http/Request))
#29 D:/caleb/api/safevoice-api/vendor/laravel/framework/src/Illuminate/Foundation/Http/Middleware/ConvertEmptyStringsToNull.php(31): Illuminate/Foundation/Http/Middleware/TransformsRequest->handle(Object(Illuminate/Http/Request), Object(Closure))
#30 D:/caleb/api/safevoice-api/vendor/laravel/framework/src/Illuminate/Pipeline/Pipeline.php(219): Illuminate/Foundation/Http/Middleware/ConvertEmptyStringsToNull->handle(Object(Illuminate/Http/Request), Object(Closure))
#31 D:/caleb/api/safevoice-api/vendor/laravel/framework/src/Illuminate/Foundation/Http/Middleware/TransformsRequest.php(21): Illuminate/Pipeline/Pipeline->Illuminate/Pipeline/{closure}(Object(Illuminate/Http/Request))
#32 D:/caleb/api/safevoice-api/vendor/laravel/framework/src/Illuminate/Foundation/Http/Middleware/TrimStrings.php(51): Illuminate/Foundation/Http/Middleware/TransformsRequest->handle(Object(Illuminate/Http/Request), Object(Closure))
#33 D:/caleb/api/safevoice-api/vendor/laravel/framework/src/Illuminate/Pipeline/Pipeline.php(219): Illuminate/Foundation/Http/Middleware/TrimStrings->handle(Object(Illuminate/Http/Request), Object(Closure))
#34 D:/caleb/api/safevoice-api/vendor/laravel/framework/src/Illuminate/Http/Middleware/ValidatePostSize.php(27): Illuminate/Pipeline/Pipeline->Illuminate/Pipeline/{closure}(Object(Illuminate/Http/Request))
#35 D:/caleb/api/safevoice-api/vendor/laravel/framework/src/Illuminate/Pipeline/Pipeline.php(219): Illuminate/Http/Middleware/ValidatePostSize->handle(Object(Illuminate/Http/Request), Object(Closure))
#36 D:/caleb/api/safevoice-api/vendor/laravel/framework/src/Illuminate/Foundation/Http/Middleware/PreventRequestsDuringMaintenance.php(109): Illuminate/Pipeline/Pipeline->Illuminate/Pipeline/{closure}(Object(Illuminate/Http/Request))
#37 D:/caleb/api/safevoice-api/vendor/laravel/framework/src/Illuminate/Pipeline/Pipeline.php(219): Illuminate/Foundation/Http/Middleware/PreventRequestsDuringMaintenance->handle(Object(Illuminate/Http/Request), Object(Closure))
#38 D:/caleb/api/safevoice-api/vendor/laravel/framework/src/Illuminate/Http/Middleware/HandleCors.php(74): Illuminate/Pipeline/Pipeline->Illuminate/Pipeline/{closure}(Object(Illuminate/Http/Request))
#39 D:/caleb/api/safevoice-api/vendor/laravel/framework/src/Illuminate/Pipeline/Pipeline.php(219): Illuminate/Http/Middleware/HandleCors->handle(Object(Illuminate/Http/Request), Object(Closure))
#40 D:/caleb/api/safevoice-api/vendor/laravel/framework/src/Illuminate/Http/Middleware/TrustProxies.php(58): Illuminate/Pipeline/Pipeline->Illuminate/Pipeline/{closure}(Object(Illuminate/Http/Request))
#41 D:/caleb/api/safevoice-api/vendor/laravel/framework/src/Illuminate/Pipeline/Pipeline.php(219): Illuminate/Http/Middleware/TrustProxies->handle(Object(Illuminate/Http/Request), Object(Closure))
#42 D:/caleb/api/safevoice-api/vendor/laravel/framework/src/Illuminate/Foundation/Http/Middleware/InvokeDeferredCallbacks.php(22): Illuminate/Pipeline/Pipeline->Illuminate/Pipeline/{closure}(Object(Illuminate/Http/Request))
#43 D:/caleb/api/safevoice-api/vendor/laravel/framework/src/Illuminate/Pipeline/Pipeline.php(219): Illuminate/Foundation/Http/Middleware/InvokeDeferredCallbacks->handle(Object(Illuminate/Http/Request), Object(Closure))
#44 D:/caleb/api/safevoice-api/vendor/laravel/framework/src/Illuminate/Http/Middleware/ValidatePathEncoding.php(26): Illuminate/Pipeline/Pipeline->Illuminate/Pipeline/{closure}(Object(Illuminate/Http/Request))
#45 D:/caleb/api/safevoice-api/vendor/laravel/framework/src/Illuminate/Pipeline/Pipeline.php(219): Illuminate/Http/Middleware/ValidatePathEncoding->handle(Object(Illuminate/Http/Request), Object(Closure))
#46 D:/caleb/api/safevoice-api/vendor/laravel/framework/src/Illuminate/Pipeline/Pipeline.php(137): Illuminate/Pipeline/Pipeline->Illuminate/Pipeline/{closure}(Object(Illuminate/Http/Request))
#47 D:/caleb/api/safevoice-api/vendor/laravel/framework/src/Illuminate/Foundation/Http/Kernel.php(175): Illuminate/Pipeline/Pipeline->then(Object(Closure))
#48 D:/caleb/api/safevoice-api/vendor/laravel/framework/src/Illuminate/Foundation/Http/Kernel.php(144): Illuminate/Foundation/Http/Kernel->sendRequestThroughRouter(Object(Illuminate/Http/Request))
#49 D:/caleb/api/safevoice-api/vendor/knuckleswtf/scribe/src/Extracting/Strategies/Responses/ResponseCalls.php(236): Illuminate/Foundation/Http/Kernel->handle(Object(Illuminate/Http/Request))
#50 D:/caleb/api/safevoice-api/vendor/knuckleswtf/scribe/src/Extracting/Strategies/Responses/ResponseCalls.php(229): Knuckles/Scribe/Extracting/Strategies/Responses/ResponseCalls->callLaravelRoute(Object(Illuminate/Http/Request))
#51 D:/caleb/api/safevoice-api/vendor/knuckleswtf/scribe/src/Extracting/Strategies/Responses/ResponseCalls.php(103): Knuckles/Scribe/Extracting/Strategies/Responses/ResponseCalls->makeApiCall(Object(Illuminate/Http/Request), Object(Illuminate/Routing/Route))
#52 D:/caleb/api/safevoice-api/vendor/knuckleswtf/scribe/src/Extracting/Strategies/Responses/ResponseCalls.php(39): Knuckles/Scribe/Extracting/Strategies/Responses/ResponseCalls->makeResponseCall(Object(Knuckles/Camel/Extraction/ExtractedEndpointData), Array)
#53 D:/caleb/api/safevoice-api/vendor/knuckleswtf/scribe/src/Extracting/Extractor.php(471): Knuckles/Scribe/Extracting/Strategies/Responses/ResponseCalls->__invoke(Object(Knuckles/Camel/Extraction/ExtractedEndpointData), Array)
#54 D:/caleb/api/safevoice-api/vendor/knuckleswtf/scribe/src/Extracting/Extractor.php(397): Knuckles/Scribe/Extracting/Extractor->iterateThroughStrategies('responses', Object(Knuckles/Camel/Extraction/ExtractedEndpointData), Array, Object(Closure))
#55 D:/caleb/api/safevoice-api/vendor/knuckleswtf/scribe/src/Extracting/Extractor.php(94): Knuckles/Scribe/Extracting/Extractor->fetchResponses(Object(Knuckles/Camel/Extraction/ExtractedEndpointData), Array)
#56 D:/caleb/api/safevoice-api/vendor/knuckleswtf/scribe/src/GroupedEndpoints/GroupedEndpointsFromApp.php(186): Knuckles/Scribe/Extracting/Extractor->processRoute(Object(Illuminate/Routing/Route), Array)
#57 D:/caleb/api/safevoice-api/vendor/laravel/framework/src/Illuminate/Console/View/Components/Task.php(41): Knuckles/Scribe/GroupedEndpoints/GroupedEndpointsFromApp->Knuckles/Scribe/GroupedEndpoints/{closure}()
#58 D:/caleb/api/safevoice-api/vendor/laravel/framework/src/Illuminate/Console/View/Components/Factory.php(59): Illuminate/Console/View/Components/Task->render('<options=bold>[...', Object(Closure))
#59 D:/caleb/api/safevoice-api/vendor/knuckleswtf/scribe/src/GroupedEndpoints/GroupedEndpointsFromApp.php(183): Illuminate/Console/View/Components/Factory->__call('task', Array)
#60 D:/caleb/api/safevoice-api/vendor/knuckleswtf/scribe/src/GroupedEndpoints/GroupedEndpointsFromApp.php(73): Knuckles/Scribe/GroupedEndpoints/GroupedEndpointsFromApp->extractEndpointsInfoFromLaravelApp(Array, Array, Array)
#61 D:/caleb/api/safevoice-api/vendor/knuckleswtf/scribe/src/GroupedEndpoints/GroupedEndpointsFromApp.php(51): Knuckles/Scribe/GroupedEndpoints/GroupedEndpointsFromApp->extractEndpointsInfoAndWriteToDisk(Object(Knuckles/Scribe/Matching/RouteMatcher), true)
#62 D:/caleb/api/safevoice-api/vendor/knuckleswtf/scribe/src/Commands/GenerateDocumentation.php(55): Knuckles/Scribe/GroupedEndpoints/GroupedEndpointsFromApp->get()
#63 D:/caleb/api/safevoice-api/vendor/laravel/framework/src/Illuminate/Container/BoundMethod.php(36): Knuckles/Scribe/Commands/GenerateDocumentation->handle(Object(Knuckles/Scribe/Matching/RouteMatcher), Object(Knuckles/Scribe/GroupedEndpoints/GroupedEndpointsFactory))
#64 D:/caleb/api/safevoice-api/vendor/laravel/framework/src/Illuminate/Container/Util.php(43): Illuminate/Container/BoundMethod::Illuminate/Container/{closure}()
#65 D:/caleb/api/safevoice-api/vendor/laravel/framework/src/Illuminate/Container/BoundMethod.php(96): Illuminate/Container/Util::unwrapIfClosure(Object(Closure))
#66 D:/caleb/api/safevoice-api/vendor/laravel/framework/src/Illuminate/Container/BoundMethod.php(35): Illuminate/Container/BoundMethod::callBoundMethod(Object(Illuminate/Foundation/Application), Array, Object(Closure))
#67 D:/caleb/api/safevoice-api/vendor/laravel/framework/src/Illuminate/Container/Container.php(799): Illuminate/Container/BoundMethod::call(Object(Illuminate/Foundation/Application), Array, Array, NULL)
#68 D:/caleb/api/safevoice-api/vendor/laravel/framework/src/Illuminate/Console/Command.php(211): Illuminate/Container/Container->call(Array)
#69 D:/caleb/api/safevoice-api/vendor/symfony/console/Command/Command.php(341): Illuminate/Console/Command->execute(Object(Symfony/Component/Console/Input/ArgvInput), Object(Illuminate/Console/OutputStyle))
#70 D:/caleb/api/safevoice-api/vendor/laravel/framework/src/Illuminate/Console/Command.php(180): Symfony/Component/Console/Command/Command->run(Object(Symfony/Component/Console/Input/ArgvInput), Object(Illuminate/Console/OutputStyle))
#71 D:/caleb/api/safevoice-api/vendor/symfony/console/Application.php(1117): Illuminate/Console/Command->run(Object(Symfony/Component/Console/Input/ArgvInput), Object(Symfony/Component/Console/Output/ConsoleOutput))
#72 D:/caleb/api/safevoice-api/vendor/symfony/console/Application.php(356): Symfony/Component/Console/Application->doRunCommand(Object(Knuckles/Scribe/Commands/GenerateDocumentation), Object(Symfony/Component/Console/Input/ArgvInput), Object(Symfony/Component/Console/Output/ConsoleOutput))
#73 D:/caleb/api/safevoice-api/vendor/symfony/console/Application.php(195): Symfony/Component/Console/Application->doRun(Object(Symfony/Component/Console/Input/ArgvInput), Object(Symfony/Component/Console/Output/ConsoleOutput))
#74 D:/caleb/api/safevoice-api/vendor/laravel/framework/src/Illuminate/Foundation/Console/Kernel.php(198): Symfony/Component/Console/Application->run(Object(Symfony/Component/Console/Input/ArgvInput), Object(Symfony/Component/Console/Output/ConsoleOutput))
#75 D:/caleb/api/safevoice-api/vendor/laravel/framework/src/Illuminate/Foundation/Application.php(1235): Illuminate/Foundation/Console/Kernel->handle(Object(Symfony/Component/Console/Input/ArgvInput), Object(Symfony/Component/Console/Output/ConsoleOutput))
#76 D:/caleb/api/safevoice-api/artisan(12): Illuminate/Foundation/Application->handleCommand(Object(Symfony/Component/Console/Input/ArgvInput))
#77 {main}
"} 
[2026-07-03 14:14:40] local.ERROR: SQLSTATE[22P02]: Invalid text representation: 7 ERROR:  invalid input syntax for type uuid: "consequatur"
CONTEXT:  unnamed portal parameter $1 = '...' (Connection: pgsql, Host: 127.0.0.1, Port: 5432, Database: safe_voices, SQL: select * from "reports" where "reports"."id" = consequatur and "reports"."deleted_at" is null limit 1) {"exception":"[object] (Illuminate\\Database\\QueryException(code: 22P02): SQLSTATE[22P02]: Invalid text representation: 7 ERROR:  invalid input syntax for type uuid: \"consequatur\"
CONTEXT:  unnamed portal parameter $1 = '...' (Connection: pgsql, Host: 127.0.0.1, Port: 5432, Database: safe_voices, SQL: select * from \"reports\" where \"reports\".\"id\" = consequatur and \"reports\".\"deleted_at\" is null limit 1) at D:/caleb/api/safevoice-api/vendor/laravel/framework/src/Illuminate/Database/Connection.php:838)
[stacktrace]
#0 D:/caleb/api/safevoice-api/vendor/laravel/framework/src/Illuminate/Database/Connection.php(794): Illuminate/Database/Connection->runQueryCallback('select * from \"...', Array, Object(Closure))
#1 D:/caleb/api/safevoice-api/vendor/laravel/framework/src/Illuminate/Database/Connection.php(411): Illuminate/Database/Connection->run('select * from \"...', Array, Object(Closure))
#2 D:/caleb/api/safevoice-api/vendor/laravel/framework/src/Illuminate/Database/Query/Builder.php(3505): Illuminate/Database/Connection->select('select * from \"...', Array, true)
#3 D:/caleb/api/safevoice-api/vendor/laravel/framework/src/Illuminate/Database/Query/Builder.php(3490): Illuminate/Database/Query/Builder->runSelect()
#4 D:/caleb/api/safevoice-api/vendor/laravel/framework/src/Illuminate/Database/Query/Builder.php(4080): Illuminate/Database/Query/Builder->Illuminate/Database/Query/{closure}()
#5 D:/caleb/api/safevoice-api/vendor/laravel/framework/src/Illuminate/Database/Query/Builder.php(3489): Illuminate/Database/Query/Builder->onceWithColumns(Array, Object(Closure))
#6 D:/caleb/api/safevoice-api/vendor/laravel/framework/src/Illuminate/Database/Eloquent/Builder.php(902): Illuminate/Database/Query/Builder->get(Array)
#7 D:/caleb/api/safevoice-api/vendor/laravel/framework/src/Illuminate/Database/Eloquent/Builder.php(884): Illuminate/Database/Eloquent/Builder->getModels(Array)
#8 D:/caleb/api/safevoice-api/vendor/laravel/framework/src/Illuminate/Database/Concerns/BuildsQueries.php(366): Illuminate/Database/Eloquent/Builder->get(Array)
#9 D:/caleb/api/safevoice-api/vendor/laravel/framework/src/Illuminate/Database/Eloquent/Builder.php(568): Illuminate/Database/Eloquent/Builder->first(Array)
#10 D:/caleb/api/safevoice-api/vendor/laravel/framework/src/Illuminate/Support/Traits/ForwardsCalls.php(23): Illuminate/Database/Eloquent/Builder->find('consequatur')
#11 D:/caleb/api/safevoice-api/vendor/laravel/framework/src/Illuminate/Database/Eloquent/Model.php(2544): Illuminate/Database/Eloquent/Model->forwardCallTo(Object(Illuminate/Database/Eloquent/Builder), 'find', Array)
#12 D:/caleb/api/safevoice-api/vendor/laravel/framework/src/Illuminate/Database/Eloquent/Model.php(2560): Illuminate/Database/Eloquent/Model->__call('find', Array)
#13 D:/caleb/api/safevoice-api/app/Http/Middleware/ResolveDraftReport.php(26): Illuminate/Database/Eloquent/Model::__callStatic('find', Array)
#14 D:/caleb/api/safevoice-api/vendor/laravel/framework/src/Illuminate/Pipeline/Pipeline.php(219): App/Http/Middleware/ResolveDraftReport->handle(Object(Illuminate/Http/Request), Object(Closure))
#15 D:/caleb/api/safevoice-api/vendor/laravel/framework/src/Illuminate/Routing/Middleware/SubstituteBindings.php(50): Illuminate/Pipeline/Pipeline->Illuminate/Pipeline/{closure}(Object(Illuminate/Http/Request))
#16 D:/caleb/api/safevoice-api/vendor/laravel/framework/src/Illuminate/Pipeline/Pipeline.php(219): Illuminate/Routing/Middleware/SubstituteBindings->handle(Object(Illuminate/Http/Request), Object(Closure))
#17 D:/caleb/api/safevoice-api/app/Http/Middleware/SetLocale.php(36): Illuminate/Pipeline/Pipeline->Illuminate/Pipeline/{closure}(Object(Illuminate/Http/Request))
#18 D:/caleb/api/safevoice-api/vendor/laravel/framework/src/Illuminate/Pipeline/Pipeline.php(219): App/Http/Middleware/SetLocale->handle(Object(Illuminate/Http/Request), Object(Closure))
#19 D:/caleb/api/safevoice-api/vendor/laravel/framework/src/Illuminate/Pipeline/Pipeline.php(137): Illuminate/Pipeline/Pipeline->Illuminate/Pipeline/{closure}(Object(Illuminate/Http/Request))
#20 D:/caleb/api/safevoice-api/vendor/laravel/framework/src/Illuminate/Routing/Router.php(821): Illuminate/Pipeline/Pipeline->then(Object(Closure))
#21 D:/caleb/api/safevoice-api/vendor/laravel/framework/src/Illuminate/Routing/Router.php(800): Illuminate/Routing/Router->runRouteWithinStack(Object(Illuminate/Routing/Route), Object(Illuminate/Http/Request))
#22 D:/caleb/api/safevoice-api/vendor/laravel/framework/src/Illuminate/Routing/Router.php(764): Illuminate/Routing/Router->runRoute(Object(Illuminate/Http/Request), Object(Illuminate/Routing/Route))
#23 D:/caleb/api/safevoice-api/vendor/laravel/framework/src/Illuminate/Routing/Router.php(753): Illuminate/Routing/Router->dispatchToRoute(Object(Illuminate/Http/Request))
#24 D:/caleb/api/safevoice-api/vendor/laravel/framework/src/Illuminate/Foundation/Http/Kernel.php(200): Illuminate/Routing/Router->dispatch(Object(Illuminate/Http/Request))
#25 D:/caleb/api/safevoice-api/vendor/laravel/framework/src/Illuminate/Pipeline/Pipeline.php(180): Illuminate/Foundation/Http/Kernel->Illuminate/Foundation/Http/{closure}(Object(Illuminate/Http/Request))
#26 D:/caleb/api/safevoice-api/vendor/laravel/framework/src/Illuminate/Foundation/Http/Middleware/TransformsRequest.php(21): Illuminate/Pipeline/Pipeline->Illuminate/Pipeline/{closure}(Object(Illuminate/Http/Request))
#27 D:/caleb/api/safevoice-api/vendor/laravel/framework/src/Illuminate/Foundation/Http/Middleware/ConvertEmptyStringsToNull.php(31): Illuminate/Foundation/Http/Middleware/TransformsRequest->handle(Object(Illuminate/Http/Request), Object(Closure))
#28 D:/caleb/api/safevoice-api/vendor/laravel/framework/src/Illuminate/Pipeline/Pipeline.php(219): Illuminate/Foundation/Http/Middleware/ConvertEmptyStringsToNull->handle(Object(Illuminate/Http/Request), Object(Closure))
#29 D:/caleb/api/safevoice-api/vendor/laravel/framework/src/Illuminate/Foundation/Http/Middleware/TransformsRequest.php(21): Illuminate/Pipeline/Pipeline->Illuminate/Pipeline/{closure}(Object(Illuminate/Http/Request))
#30 D:/caleb/api/safevoice-api/vendor/laravel/framework/src/Illuminate/Foundation/Http/Middleware/TrimStrings.php(51): Illuminate/Foundation/Http/Middleware/TransformsRequest->handle(Object(Illuminate/Http/Request), Object(Closure))
#31 D:/caleb/api/safevoice-api/vendor/laravel/framework/src/Illuminate/Pipeline/Pipeline.php(219): Illuminate/Foundation/Http/Middleware/TrimStrings->handle(Object(Illuminate/Http/Request), Object(Closure))
#32 D:/caleb/api/safevoice-api/vendor/laravel/framework/src/Illuminate/Http/Middleware/ValidatePostSize.php(27): Illuminate/Pipeline/Pipeline->Illuminate/Pipeline/{closure}(Object(Illuminate/Http/Request))
#33 D:/caleb/api/safevoice-api/vendor/laravel/framework/src/Illuminate/Pipeline/Pipeline.php(219): Illuminate/Http/Middleware/ValidatePostSize->handle(Object(Illuminate/Http/Request), Object(Closure))
#34 D:/caleb/api/safevoice-api/vendor/laravel/framework/src/Illuminate/Foundation/Http/Middleware/PreventRequestsDuringMaintenance.php(109): Illuminate/Pipeline/Pipeline->Illuminate/Pipeline/{closure}(Object(Illuminate/Http/Request))
#35 D:/caleb/api/safevoice-api/vendor/laravel/framework/src/Illuminate/Pipeline/Pipeline.php(219): Illuminate/Foundation/Http/Middleware/PreventRequestsDuringMaintenance->handle(Object(Illuminate/Http/Request), Object(Closure))
#36 D:/caleb/api/safevoice-api/vendor/laravel/framework/src/Illuminate/Http/Middleware/HandleCors.php(74): Illuminate/Pipeline/Pipeline->Illuminate/Pipeline/{closure}(Object(Illuminate/Http/Request))
#37 D:/caleb/api/safevoice-api/vendor/laravel/framework/src/Illuminate/Pipeline/Pipeline.php(219): Illuminate/Http/Middleware/HandleCors->handle(Object(Illuminate/Http/Request), Object(Closure))
#38 D:/caleb/api/safevoice-api/vendor/laravel/framework/src/Illuminate/Http/Middleware/TrustProxies.php(58): Illuminate/Pipeline/Pipeline->Illuminate/Pipeline/{closure}(Object(Illuminate/Http/Request))
#39 D:/caleb/api/safevoice-api/vendor/laravel/framework/src/Illuminate/Pipeline/Pipeline.php(219): Illuminate/Http/Middleware/TrustProxies->handle(Object(Illuminate/Http/Request), Object(Closure))
#40 D:/caleb/api/safevoice-api/vendor/laravel/framework/src/Illuminate/Foundation/Http/Middleware/InvokeDeferredCallbacks.php(22): Illuminate/Pipeline/Pipeline->Illuminate/Pipeline/{closure}(Object(Illuminate/Http/Request))
#41 D:/caleb/api/safevoice-api/vendor/laravel/framework/src/Illuminate/Pipeline/Pipeline.php(219): Illuminate/Foundation/Http/Middleware/InvokeDeferredCallbacks->handle(Object(Illuminate/Http/Request), Object(Closure))
#42 D:/caleb/api/safevoice-api/vendor/laravel/framework/src/Illuminate/Http/Middleware/ValidatePathEncoding.php(26): Illuminate/Pipeline/Pipeline->Illuminate/Pipeline/{closure}(Object(Illuminate/Http/Request))
#43 D:/caleb/api/safevoice-api/vendor/laravel/framework/src/Illuminate/Pipeline/Pipeline.php(219): Illuminate/Http/Middleware/ValidatePathEncoding->handle(Object(Illuminate/Http/Request), Object(Closure))
#44 D:/caleb/api/safevoice-api/vendor/laravel/framework/src/Illuminate/Pipeline/Pipeline.php(137): Illuminate/Pipeline/Pipeline->Illuminate/Pipeline/{closure}(Object(Illuminate/Http/Request))
#45 D:/caleb/api/safevoice-api/vendor/laravel/framework/src/Illuminate/Foundation/Http/Kernel.php(175): Illuminate/Pipeline/Pipeline->then(Object(Closure))
#46 D:/caleb/api/safevoice-api/vendor/laravel/framework/src/Illuminate/Foundation/Http/Kernel.php(144): Illuminate/Foundation/Http/Kernel->sendRequestThroughRouter(Object(Illuminate/Http/Request))
#47 D:/caleb/api/safevoice-api/vendor/knuckleswtf/scribe/src/Extracting/Strategies/Responses/ResponseCalls.php(236): Illuminate/Foundation/Http/Kernel->handle(Object(Illuminate/Http/Request))
#48 D:/caleb/api/safevoice-api/vendor/knuckleswtf/scribe/src/Extracting/Strategies/Responses/ResponseCalls.php(229): Knuckles/Scribe/Extracting/Strategies/Responses/ResponseCalls->callLaravelRoute(Object(Illuminate/Http/Request))
#49 D:/caleb/api/safevoice-api/vendor/knuckleswtf/scribe/src/Extracting/Strategies/Responses/ResponseCalls.php(103): Knuckles/Scribe/Extracting/Strategies/Responses/ResponseCalls->makeApiCall(Object(Illuminate/Http/Request), Object(Illuminate/Routing/Route))
#50 D:/caleb/api/safevoice-api/vendor/knuckleswtf/scribe/src/Extracting/Strategies/Responses/ResponseCalls.php(39): Knuckles/Scribe/Extracting/Strategies/Responses/ResponseCalls->makeResponseCall(Object(Knuckles/Camel/Extraction/ExtractedEndpointData), Array)
#51 D:/caleb/api/safevoice-api/vendor/knuckleswtf/scribe/src/Extracting/Extractor.php(471): Knuckles/Scribe/Extracting/Strategies/Responses/ResponseCalls->__invoke(Object(Knuckles/Camel/Extraction/ExtractedEndpointData), Array)
#52 D:/caleb/api/safevoice-api/vendor/knuckleswtf/scribe/src/Extracting/Extractor.php(397): Knuckles/Scribe/Extracting/Extractor->iterateThroughStrategies('responses', Object(Knuckles/Camel/Extraction/ExtractedEndpointData), Array, Object(Closure))
#53 D:/caleb/api/safevoice-api/vendor/knuckleswtf/scribe/src/Extracting/Extractor.php(94): Knuckles/Scribe/Extracting/Extractor->fetchResponses(Object(Knuckles/Camel/Extraction/ExtractedEndpointData), Array)
#54 D:/caleb/api/safevoice-api/vendor/knuckleswtf/scribe/src/GroupedEndpoints/GroupedEndpointsFromApp.php(186): Knuckles/Scribe/Extracting/Extractor->processRoute(Object(Illuminate/Routing/Route), Array)
#55 D:/caleb/api/safevoice-api/vendor/laravel/framework/src/Illuminate/Console/View/Components/Task.php(41): Knuckles/Scribe/GroupedEndpoints/GroupedEndpointsFromApp->Knuckles/Scribe/GroupedEndpoints/{closure}()
#56 D:/caleb/api/safevoice-api/vendor/laravel/framework/src/Illuminate/Console/View/Components/Factory.php(59): Illuminate/Console/View/Components/Task->render('<options=bold>[...', Object(Closure))
#57 D:/caleb/api/safevoice-api/vendor/knuckleswtf/scribe/src/GroupedEndpoints/GroupedEndpointsFromApp.php(183): Illuminate/Console/View/Components/Factory->__call('task', Array)
#58 D:/caleb/api/safevoice-api/vendor/knuckleswtf/scribe/src/GroupedEndpoints/GroupedEndpointsFromApp.php(73): Knuckles/Scribe/GroupedEndpoints/GroupedEndpointsFromApp->extractEndpointsInfoFromLaravelApp(Array, Array, Array)
#59 D:/caleb/api/safevoice-api/vendor/knuckleswtf/scribe/src/GroupedEndpoints/GroupedEndpointsFromApp.php(51): Knuckles/Scribe/GroupedEndpoints/GroupedEndpointsFromApp->extractEndpointsInfoAndWriteToDisk(Object(Knuckles/Scribe/Matching/RouteMatcher), true)
#60 D:/caleb/api/safevoice-api/vendor/knuckleswtf/scribe/src/Commands/GenerateDocumentation.php(55): Knuckles/Scribe/GroupedEndpoints/GroupedEndpointsFromApp->get()
#61 D:/caleb/api/safevoice-api/vendor/laravel/framework/src/Illuminate/Container/BoundMethod.php(36): Knuckles/Scribe/Commands/GenerateDocumentation->handle(Object(Knuckles/Scribe/Matching/RouteMatcher), Object(Knuckles/Scribe/GroupedEndpoints/GroupedEndpointsFactory))
#62 D:/caleb/api/safevoice-api/vendor/laravel/framework/src/Illuminate/Container/Util.php(43): Illuminate/Container/BoundMethod::Illuminate/Container/{closure}()
#63 D:/caleb/api/safevoice-api/vendor/laravel/framework/src/Illuminate/Container/BoundMethod.php(96): Illuminate/Container/Util::unwrapIfClosure(Object(Closure))
#64 D:/caleb/api/safevoice-api/vendor/laravel/framework/src/Illuminate/Container/BoundMethod.php(35): Illuminate/Container/BoundMethod::callBoundMethod(Object(Illuminate/Foundation/Application), Array, Object(Closure))
#65 D:/caleb/api/safevoice-api/vendor/laravel/framework/src/Illuminate/Container/Container.php(799): Illuminate/Container/BoundMethod::call(Object(Illuminate/Foundation/Application), Array, Array, NULL)
#66 D:/caleb/api/safevoice-api/vendor/laravel/framework/src/Illuminate/Console/Command.php(211): Illuminate/Container/Container->call(Array)
#67 D:/caleb/api/safevoice-api/vendor/symfony/console/Command/Command.php(341): Illuminate/Console/Command->execute(Object(Symfony/Component/Console/Input/ArgvInput), Object(Illuminate/Console/OutputStyle))
#68 D:/caleb/api/safevoice-api/vendor/laravel/framework/src/Illuminate/Console/Command.php(180): Symfony/Component/Console/Command/Command->run(Object(Symfony/Component/Console/Input/ArgvInput), Object(Illuminate/Console/OutputStyle))
#69 D:/caleb/api/safevoice-api/vendor/symfony/console/Application.php(1117): Illuminate/Console/Command->run(Object(Symfony/Component/Console/Input/ArgvInput), Object(Symfony/Component/Console/Output/ConsoleOutput))
#70 D:/caleb/api/safevoice-api/vendor/symfony/console/Application.php(356): Symfony/Component/Console/Application->doRunCommand(Object(Knuckles/Scribe/Commands/GenerateDocumentation), Object(Symfony/Component/Console/Input/ArgvInput), Object(Symfony/Component/Console/Output/ConsoleOutput))
#71 D:/caleb/api/safevoice-api/vendor/symfony/console/Application.php(195): Symfony/Component/Console/Application->doRun(Object(Symfony/Component/Console/Input/ArgvInput), Object(Symfony/Component/Console/Output/ConsoleOutput))
#72 D:/caleb/api/safevoice-api/vendor/laravel/framework/src/Illuminate/Foundation/Console/Kernel.php(198): Symfony/Component/Console/Application->run(Object(Symfony/Component/Console/Input/ArgvInput), Object(Symfony/Component/Console/Output/ConsoleOutput))
#73 D:/caleb/api/safevoice-api/vendor/laravel/framework/src/Illuminate/Foundation/Application.php(1235): Illuminate/Foundation/Console/Kernel->handle(Object(Symfony/Component/Console/Input/ArgvInput), Object(Symfony/Component/Console/Output/ConsoleOutput))
#74 D:/caleb/api/safevoice-api/artisan(12): Illuminate/Foundation/Application->handleCommand(Object(Symfony/Component/Console/Input/ArgvInput))
#75 {main}

[previous exception] [object] (PDOException(code: 22P02): SQLSTATE[22P02]: Invalid text representation: 7 ERROR:  invalid input syntax for type uuid: \"consequatur\"
CONTEXT:  unnamed portal parameter $1 = '...' at D:/caleb/api/safevoice-api/vendor/laravel/framework/src/Illuminate/Database/Connection.php:425)
[stacktrace]
#0 D:/caleb/api/safevoice-api/vendor/laravel/framework/src/Illuminate/Database/Connection.php(425): PDOStatement->execute()
#1 D:/caleb/api/safevoice-api/vendor/laravel/framework/src/Illuminate/Database/Connection.php(827): Illuminate/Database/Connection->Illuminate/Database/{closure}('select * from \"...', Array)
#2 D:/caleb/api/safevoice-api/vendor/laravel/framework/src/Illuminate/Database/Connection.php(794): Illuminate/Database/Connection->runQueryCallback('select * from \"...', Array, Object(Closure))
#3 D:/caleb/api/safevoice-api/vendor/laravel/framework/src/Illuminate/Database/Connection.php(411): Illuminate/Database/Connection->run('select * from \"...', Array, Object(Closure))
#4 D:/caleb/api/safevoice-api/vendor/laravel/framework/src/Illuminate/Database/Query/Builder.php(3505): Illuminate/Database/Connection->select('select * from \"...', Array, true)
#5 D:/caleb/api/safevoice-api/vendor/laravel/framework/src/Illuminate/Database/Query/Builder.php(3490): Illuminate/Database/Query/Builder->runSelect()
#6 D:/caleb/api/safevoice-api/vendor/laravel/framework/src/Illuminate/Database/Query/Builder.php(4080): Illuminate/Database/Query/Builder->Illuminate/Database/Query/{closure}()
#7 D:/caleb/api/safevoice-api/vendor/laravel/framework/src/Illuminate/Database/Query/Builder.php(3489): Illuminate/Database/Query/Builder->onceWithColumns(Array, Object(Closure))
#8 D:/caleb/api/safevoice-api/vendor/laravel/framework/src/Illuminate/Database/Eloquent/Builder.php(902): Illuminate/Database/Query/Builder->get(Array)
#9 D:/caleb/api/safevoice-api/vendor/laravel/framework/src/Illuminate/Database/Eloquent/Builder.php(884): Illuminate/Database/Eloquent/Builder->getModels(Array)
#10 D:/caleb/api/safevoice-api/vendor/laravel/framework/src/Illuminate/Database/Concerns/BuildsQueries.php(366): Illuminate/Database/Eloquent/Builder->get(Array)
#11 D:/caleb/api/safevoice-api/vendor/laravel/framework/src/Illuminate/Database/Eloquent/Builder.php(568): Illuminate/Database/Eloquent/Builder->first(Array)
#12 D:/caleb/api/safevoice-api/vendor/laravel/framework/src/Illuminate/Support/Traits/ForwardsCalls.php(23): Illuminate/Database/Eloquent/Builder->find('consequatur')
#13 D:/caleb/api/safevoice-api/vendor/laravel/framework/src/Illuminate/Database/Eloquent/Model.php(2544): Illuminate/Database/Eloquent/Model->forwardCallTo(Object(Illuminate/Database/Eloquent/Builder), 'find', Array)
#14 D:/caleb/api/safevoice-api/vendor/laravel/framework/src/Illuminate/Database/Eloquent/Model.php(2560): Illuminate/Database/Eloquent/Model->__call('find', Array)
#15 D:/caleb/api/safevoice-api/app/Http/Middleware/ResolveDraftReport.php(26): Illuminate/Database/Eloquent/Model::__callStatic('find', Array)
#16 D:/caleb/api/safevoice-api/vendor/laravel/framework/src/Illuminate/Pipeline/Pipeline.php(219): App/Http/Middleware/ResolveDraftReport->handle(Object(Illuminate/Http/Request), Object(Closure))
#17 D:/caleb/api/safevoice-api/vendor/laravel/framework/src/Illuminate/Routing/Middleware/SubstituteBindings.php(50): Illuminate/Pipeline/Pipeline->Illuminate/Pipeline/{closure}(Object(Illuminate/Http/Request))
#18 D:/caleb/api/safevoice-api/vendor/laravel/framework/src/Illuminate/Pipeline/Pipeline.php(219): Illuminate/Routing/Middleware/SubstituteBindings->handle(Object(Illuminate/Http/Request), Object(Closure))
#19 D:/caleb/api/safevoice-api/app/Http/Middleware/SetLocale.php(36): Illuminate/Pipeline/Pipeline->Illuminate/Pipeline/{closure}(Object(Illuminate/Http/Request))
#20 D:/caleb/api/safevoice-api/vendor/laravel/framework/src/Illuminate/Pipeline/Pipeline.php(219): App/Http/Middleware/SetLocale->handle(Object(Illuminate/Http/Request), Object(Closure))
#21 D:/caleb/api/safevoice-api/vendor/laravel/framework/src/Illuminate/Pipeline/Pipeline.php(137): Illuminate/Pipeline/Pipeline->Illuminate/Pipeline/{closure}(Object(Illuminate/Http/Request))
#22 D:/caleb/api/safevoice-api/vendor/laravel/framework/src/Illuminate/Routing/Router.php(821): Illuminate/Pipeline/Pipeline->then(Object(Closure))
#23 D:/caleb/api/safevoice-api/vendor/laravel/framework/src/Illuminate/Routing/Router.php(800): Illuminate/Routing/Router->runRouteWithinStack(Object(Illuminate/Routing/Route), Object(Illuminate/Http/Request))
#24 D:/caleb/api/safevoice-api/vendor/laravel/framework/src/Illuminate/Routing/Router.php(764): Illuminate/Routing/Router->runRoute(Object(Illuminate/Http/Request), Object(Illuminate/Routing/Route))
#25 D:/caleb/api/safevoice-api/vendor/laravel/framework/src/Illuminate/Routing/Router.php(753): Illuminate/Routing/Router->dispatchToRoute(Object(Illuminate/Http/Request))
#26 D:/caleb/api/safevoice-api/vendor/laravel/framework/src/Illuminate/Foundation/Http/Kernel.php(200): Illuminate/Routing/Router->dispatch(Object(Illuminate/Http/Request))
#27 D:/caleb/api/safevoice-api/vendor/laravel/framework/src/Illuminate/Pipeline/Pipeline.php(180): Illuminate/Foundation/Http/Kernel->Illuminate/Foundation/Http/{closure}(Object(Illuminate/Http/Request))
#28 D:/caleb/api/safevoice-api/vendor/laravel/framework/src/Illuminate/Foundation/Http/Middleware/TransformsRequest.php(21): Illuminate/Pipeline/Pipeline->Illuminate/Pipeline/{closure}(Object(Illuminate/Http/Request))
#29 D:/caleb/api/safevoice-api/vendor/laravel/framework/src/Illuminate/Foundation/Http/Middleware/ConvertEmptyStringsToNull.php(31): Illuminate/Foundation/Http/Middleware/TransformsRequest->handle(Object(Illuminate/Http/Request), Object(Closure))
#30 D:/caleb/api/safevoice-api/vendor/laravel/framework/src/Illuminate/Pipeline/Pipeline.php(219): Illuminate/Foundation/Http/Middleware/ConvertEmptyStringsToNull->handle(Object(Illuminate/Http/Request), Object(Closure))
#31 D:/caleb/api/safevoice-api/vendor/laravel/framework/src/Illuminate/Foundation/Http/Middleware/TransformsRequest.php(21): Illuminate/Pipeline/Pipeline->Illuminate/Pipeline/{closure}(Object(Illuminate/Http/Request))
#32 D:/caleb/api/safevoice-api/vendor/laravel/framework/src/Illuminate/Foundation/Http/Middleware/TrimStrings.php(51): Illuminate/Foundation/Http/Middleware/TransformsRequest->handle(Object(Illuminate/Http/Request), Object(Closure))
#33 D:/caleb/api/safevoice-api/vendor/laravel/framework/src/Illuminate/Pipeline/Pipeline.php(219): Illuminate/Foundation/Http/Middleware/TrimStrings->handle(Object(Illuminate/Http/Request), Object(Closure))
#34 D:/caleb/api/safevoice-api/vendor/laravel/framework/src/Illuminate/Http/Middleware/ValidatePostSize.php(27): Illuminate/Pipeline/Pipeline->Illuminate/Pipeline/{closure}(Object(Illuminate/Http/Request))
#35 D:/caleb/api/safevoice-api/vendor/laravel/framework/src/Illuminate/Pipeline/Pipeline.php(219): Illuminate/Http/Middleware/ValidatePostSize->handle(Object(Illuminate/Http/Request), Object(Closure))
#36 D:/caleb/api/safevoice-api/vendor/laravel/framework/src/Illuminate/Foundation/Http/Middleware/PreventRequestsDuringMaintenance.php(109): Illuminate/Pipeline/Pipeline->Illuminate/Pipeline/{closure}(Object(Illuminate/Http/Request))
#37 D:/caleb/api/safevoice-api/vendor/laravel/framework/src/Illuminate/Pipeline/Pipeline.php(219): Illuminate/Foundation/Http/Middleware/PreventRequestsDuringMaintenance->handle(Object(Illuminate/Http/Request), Object(Closure))
#38 D:/caleb/api/safevoice-api/vendor/laravel/framework/src/Illuminate/Http/Middleware/HandleCors.php(74): Illuminate/Pipeline/Pipeline->Illuminate/Pipeline/{closure}(Object(Illuminate/Http/Request))
#39 D:/caleb/api/safevoice-api/vendor/laravel/framework/src/Illuminate/Pipeline/Pipeline.php(219): Illuminate/Http/Middleware/HandleCors->handle(Object(Illuminate/Http/Request), Object(Closure))
#40 D:/caleb/api/safevoice-api/vendor/laravel/framework/src/Illuminate/Http/Middleware/TrustProxies.php(58): Illuminate/Pipeline/Pipeline->Illuminate/Pipeline/{closure}(Object(Illuminate/Http/Request))
#41 D:/caleb/api/safevoice-api/vendor/laravel/framework/src/Illuminate/Pipeline/Pipeline.php(219): Illuminate/Http/Middleware/TrustProxies->handle(Object(Illuminate/Http/Request), Object(Closure))
#42 D:/caleb/api/safevoice-api/vendor/laravel/framework/src/Illuminate/Foundation/Http/Middleware/InvokeDeferredCallbacks.php(22): Illuminate/Pipeline/Pipeline->Illuminate/Pipeline/{closure}(Object(Illuminate/Http/Request))
#43 D:/caleb/api/safevoice-api/vendor/laravel/framework/src/Illuminate/Pipeline/Pipeline.php(219): Illuminate/Foundation/Http/Middleware/InvokeDeferredCallbacks->handle(Object(Illuminate/Http/Request), Object(Closure))
#44 D:/caleb/api/safevoice-api/vendor/laravel/framework/src/Illuminate/Http/Middleware/ValidatePathEncoding.php(26): Illuminate/Pipeline/Pipeline->Illuminate/Pipeline/{closure}(Object(Illuminate/Http/Request))
#45 D:/caleb/api/safevoice-api/vendor/laravel/framework/src/Illuminate/Pipeline/Pipeline.php(219): Illuminate/Http/Middleware/ValidatePathEncoding->handle(Object(Illuminate/Http/Request), Object(Closure))
#46 D:/caleb/api/safevoice-api/vendor/laravel/framework/src/Illuminate/Pipeline/Pipeline.php(137): Illuminate/Pipeline/Pipeline->Illuminate/Pipeline/{closure}(Object(Illuminate/Http/Request))
#47 D:/caleb/api/safevoice-api/vendor/laravel/framework/src/Illuminate/Foundation/Http/Kernel.php(175): Illuminate/Pipeline/Pipeline->then(Object(Closure))
#48 D:/caleb/api/safevoice-api/vendor/laravel/framework/src/Illuminate/Foundation/Http/Kernel.php(144): Illuminate/Foundation/Http/Kernel->sendRequestThroughRouter(Object(Illuminate/Http/Request))
#49 D:/caleb/api/safevoice-api/vendor/knuckleswtf/scribe/src/Extracting/Strategies/Responses/ResponseCalls.php(236): Illuminate/Foundation/Http/Kernel->handle(Object(Illuminate/Http/Request))
#50 D:/caleb/api/safevoice-api/vendor/knuckleswtf/scribe/src/Extracting/Strategies/Responses/ResponseCalls.php(229): Knuckles/Scribe/Extracting/Strategies/Responses/ResponseCalls->callLaravelRoute(Object(Illuminate/Http/Request))
#51 D:/caleb/api/safevoice-api/vendor/knuckleswtf/scribe/src/Extracting/Strategies/Responses/ResponseCalls.php(103): Knuckles/Scribe/Extracting/Strategies/Responses/ResponseCalls->makeApiCall(Object(Illuminate/Http/Request), Object(Illuminate/Routing/Route))
#52 D:/caleb/api/safevoice-api/vendor/knuckleswtf/scribe/src/Extracting/Strategies/Responses/ResponseCalls.php(39): Knuckles/Scribe/Extracting/Strategies/Responses/ResponseCalls->makeResponseCall(Object(Knuckles/Camel/Extraction/ExtractedEndpointData), Array)
#53 D:/caleb/api/safevoice-api/vendor/knuckleswtf/scribe/src/Extracting/Extractor.php(471): Knuckles/Scribe/Extracting/Strategies/Responses/ResponseCalls->__invoke(Object(Knuckles/Camel/Extraction/ExtractedEndpointData), Array)
#54 D:/caleb/api/safevoice-api/vendor/knuckleswtf/scribe/src/Extracting/Extractor.php(397): Knuckles/Scribe/Extracting/Extractor->iterateThroughStrategies('responses', Object(Knuckles/Camel/Extraction/ExtractedEndpointData), Array, Object(Closure))
#55 D:/caleb/api/safevoice-api/vendor/knuckleswtf/scribe/src/Extracting/Extractor.php(94): Knuckles/Scribe/Extracting/Extractor->fetchResponses(Object(Knuckles/Camel/Extraction/ExtractedEndpointData), Array)
#56 D:/caleb/api/safevoice-api/vendor/knuckleswtf/scribe/src/GroupedEndpoints/GroupedEndpointsFromApp.php(186): Knuckles/Scribe/Extracting/Extractor->processRoute(Object(Illuminate/Routing/Route), Array)
#57 D:/caleb/api/safevoice-api/vendor/laravel/framework/src/Illuminate/Console/View/Components/Task.php(41): Knuckles/Scribe/GroupedEndpoints/GroupedEndpointsFromApp->Knuckles/Scribe/GroupedEndpoints/{closure}()
#58 D:/caleb/api/safevoice-api/vendor/laravel/framework/src/Illuminate/Console/View/Components/Factory.php(59): Illuminate/Console/View/Components/Task->render('<options=bold>[...', Object(Closure))
#59 D:/caleb/api/safevoice-api/vendor/knuckleswtf/scribe/src/GroupedEndpoints/GroupedEndpointsFromApp.php(183): Illuminate/Console/View/Components/Factory->__call('task', Array)
#60 D:/caleb/api/safevoice-api/vendor/knuckleswtf/scribe/src/GroupedEndpoints/GroupedEndpointsFromApp.php(73): Knuckles/Scribe/GroupedEndpoints/GroupedEndpointsFromApp->extractEndpointsInfoFromLaravelApp(Array, Array, Array)
#61 D:/caleb/api/safevoice-api/vendor/knuckleswtf/scribe/src/GroupedEndpoints/GroupedEndpointsFromApp.php(51): Knuckles/Scribe/GroupedEndpoints/GroupedEndpointsFromApp->extractEndpointsInfoAndWriteToDisk(Object(Knuckles/Scribe/Matching/RouteMatcher), true)
#62 D:/caleb/api/safevoice-api/vendor/knuckleswtf/scribe/src/Commands/GenerateDocumentation.php(55): Knuckles/Scribe/GroupedEndpoints/GroupedEndpointsFromApp->get()
#63 D:/caleb/api/safevoice-api/vendor/laravel/framework/src/Illuminate/Container/BoundMethod.php(36): Knuckles/Scribe/Commands/GenerateDocumentation->handle(Object(Knuckles/Scribe/Matching/RouteMatcher), Object(Knuckles/Scribe/GroupedEndpoints/GroupedEndpointsFactory))
#64 D:/caleb/api/safevoice-api/vendor/laravel/framework/src/Illuminate/Container/Util.php(43): Illuminate/Container/BoundMethod::Illuminate/Container/{closure}()
#65 D:/caleb/api/safevoice-api/vendor/laravel/framework/src/Illuminate/Container/BoundMethod.php(96): Illuminate/Container/Util::unwrapIfClosure(Object(Closure))
#66 D:/caleb/api/safevoice-api/vendor/laravel/framework/src/Illuminate/Container/BoundMethod.php(35): Illuminate/Container/BoundMethod::callBoundMethod(Object(Illuminate/Foundation/Application), Array, Object(Closure))
#67 D:/caleb/api/safevoice-api/vendor/laravel/framework/src/Illuminate/Container/Container.php(799): Illuminate/Container/BoundMethod::call(Object(Illuminate/Foundation/Application), Array, Array, NULL)
#68 D:/caleb/api/safevoice-api/vendor/laravel/framework/src/Illuminate/Console/Command.php(211): Illuminate/Container/Container->call(Array)
#69 D:/caleb/api/safevoice-api/vendor/symfony/console/Command/Command.php(341): Illuminate/Console/Command->execute(Object(Symfony/Component/Console/Input/ArgvInput), Object(Illuminate/Console/OutputStyle))
#70 D:/caleb/api/safevoice-api/vendor/laravel/framework/src/Illuminate/Console/Command.php(180): Symfony/Component/Console/Command/Command->run(Object(Symfony/Component/Console/Input/ArgvInput), Object(Illuminate/Console/OutputStyle))
#71 D:/caleb/api/safevoice-api/vendor/symfony/console/Application.php(1117): Illuminate/Console/Command->run(Object(Symfony/Component/Console/Input/ArgvInput), Object(Symfony/Component/Console/Output/ConsoleOutput))
#72 D:/caleb/api/safevoice-api/vendor/symfony/console/Application.php(356): Symfony/Component/Console/Application->doRunCommand(Object(Knuckles/Scribe/Commands/GenerateDocumentation), Object(Symfony/Component/Console/Input/ArgvInput), Object(Symfony/Component/Console/Output/ConsoleOutput))
#73 D:/caleb/api/safevoice-api/vendor/symfony/console/Application.php(195): Symfony/Component/Console/Application->doRun(Object(Symfony/Component/Console/Input/ArgvInput), Object(Symfony/Component/Console/Output/ConsoleOutput))
#74 D:/caleb/api/safevoice-api/vendor/laravel/framework/src/Illuminate/Foundation/Console/Kernel.php(198): Symfony/Component/Console/Application->run(Object(Symfony/Component/Console/Input/ArgvInput), Object(Symfony/Component/Console/Output/ConsoleOutput))
#75 D:/caleb/api/safevoice-api/vendor/laravel/framework/src/Illuminate/Foundation/Application.php(1235): Illuminate/Foundation/Console/Kernel->handle(Object(Symfony/Component/Console/Input/ArgvInput), Object(Symfony/Component/Console/Output/ConsoleOutput))
#76 D:/caleb/api/safevoice-api/artisan(12): Illuminate/Foundation/Application->handleCommand(Object(Symfony/Component/Console/Input/ArgvInput))
#77 {main}
"} 
[2026-07-03 14:14:40] local.ERROR: SQLSTATE[22P02]: Invalid text representation: 7 ERROR:  invalid input syntax for type uuid: "consequatur"
CONTEXT:  unnamed portal parameter $1 = '...' (Connection: pgsql, Host: 127.0.0.1, Port: 5432, Database: safe_voices, SQL: select * from "reports" where "reports"."id" = consequatur and "reports"."deleted_at" is null limit 1) {"exception":"[object] (Illuminate\\Database\\QueryException(code: 22P02): SQLSTATE[22P02]: Invalid text representation: 7 ERROR:  invalid input syntax for type uuid: \"consequatur\"
CONTEXT:  unnamed portal parameter $1 = '...' (Connection: pgsql, Host: 127.0.0.1, Port: 5432, Database: safe_voices, SQL: select * from \"reports\" where \"reports\".\"id\" = consequatur and \"reports\".\"deleted_at\" is null limit 1) at D:/caleb/api/safevoice-api/vendor/laravel/framework/src/Illuminate/Database/Connection.php:838)
[stacktrace]
#0 D:/caleb/api/safevoice-api/vendor/laravel/framework/src/Illuminate/Database/Connection.php(794): Illuminate/Database/Connection->runQueryCallback('select * from \"...', Array, Object(Closure))
#1 D:/caleb/api/safevoice-api/vendor/laravel/framework/src/Illuminate/Database/Connection.php(411): Illuminate/Database/Connection->run('select * from \"...', Array, Object(Closure))
#2 D:/caleb/api/safevoice-api/vendor/laravel/framework/src/Illuminate/Database/Query/Builder.php(3505): Illuminate/Database/Connection->select('select * from \"...', Array, true)
#3 D:/caleb/api/safevoice-api/vendor/laravel/framework/src/Illuminate/Database/Query/Builder.php(3490): Illuminate/Database/Query/Builder->runSelect()
#4 D:/caleb/api/safevoice-api/vendor/laravel/framework/src/Illuminate/Database/Query/Builder.php(4080): Illuminate/Database/Query/Builder->Illuminate/Database/Query/{closure}()
#5 D:/caleb/api/safevoice-api/vendor/laravel/framework/src/Illuminate/Database/Query/Builder.php(3489): Illuminate/Database/Query/Builder->onceWithColumns(Array, Object(Closure))
#6 D:/caleb/api/safevoice-api/vendor/laravel/framework/src/Illuminate/Database/Eloquent/Builder.php(902): Illuminate/Database/Query/Builder->get(Array)
#7 D:/caleb/api/safevoice-api/vendor/laravel/framework/src/Illuminate/Database/Eloquent/Builder.php(884): Illuminate/Database/Eloquent/Builder->getModels(Array)
#8 D:/caleb/api/safevoice-api/vendor/laravel/framework/src/Illuminate/Database/Concerns/BuildsQueries.php(366): Illuminate/Database/Eloquent/Builder->get(Array)
#9 D:/caleb/api/safevoice-api/vendor/laravel/framework/src/Illuminate/Database/Eloquent/Builder.php(568): Illuminate/Database/Eloquent/Builder->first(Array)
#10 D:/caleb/api/safevoice-api/vendor/laravel/framework/src/Illuminate/Support/Traits/ForwardsCalls.php(23): Illuminate/Database/Eloquent/Builder->find('consequatur')
#11 D:/caleb/api/safevoice-api/vendor/laravel/framework/src/Illuminate/Database/Eloquent/Model.php(2544): Illuminate/Database/Eloquent/Model->forwardCallTo(Object(Illuminate/Database/Eloquent/Builder), 'find', Array)
#12 D:/caleb/api/safevoice-api/vendor/laravel/framework/src/Illuminate/Database/Eloquent/Model.php(2560): Illuminate/Database/Eloquent/Model->__call('find', Array)
#13 D:/caleb/api/safevoice-api/app/Http/Middleware/ResolveDraftReport.php(26): Illuminate/Database/Eloquent/Model::__callStatic('find', Array)
#14 D:/caleb/api/safevoice-api/vendor/laravel/framework/src/Illuminate/Pipeline/Pipeline.php(219): App/Http/Middleware/ResolveDraftReport->handle(Object(Illuminate/Http/Request), Object(Closure))
#15 D:/caleb/api/safevoice-api/vendor/laravel/framework/src/Illuminate/Routing/Middleware/SubstituteBindings.php(50): Illuminate/Pipeline/Pipeline->Illuminate/Pipeline/{closure}(Object(Illuminate/Http/Request))
#16 D:/caleb/api/safevoice-api/vendor/laravel/framework/src/Illuminate/Pipeline/Pipeline.php(219): Illuminate/Routing/Middleware/SubstituteBindings->handle(Object(Illuminate/Http/Request), Object(Closure))
#17 D:/caleb/api/safevoice-api/app/Http/Middleware/SetLocale.php(36): Illuminate/Pipeline/Pipeline->Illuminate/Pipeline/{closure}(Object(Illuminate/Http/Request))
#18 D:/caleb/api/safevoice-api/vendor/laravel/framework/src/Illuminate/Pipeline/Pipeline.php(219): App/Http/Middleware/SetLocale->handle(Object(Illuminate/Http/Request), Object(Closure))
#19 D:/caleb/api/safevoice-api/vendor/laravel/framework/src/Illuminate/Pipeline/Pipeline.php(137): Illuminate/Pipeline/Pipeline->Illuminate/Pipeline/{closure}(Object(Illuminate/Http/Request))
#20 D:/caleb/api/safevoice-api/vendor/laravel/framework/src/Illuminate/Routing/Router.php(821): Illuminate/Pipeline/Pipeline->then(Object(Closure))
#21 D:/caleb/api/safevoice-api/vendor/laravel/framework/src/Illuminate/Routing/Router.php(800): Illuminate/Routing/Router->runRouteWithinStack(Object(Illuminate/Routing/Route), Object(Illuminate/Http/Request))
#22 D:/caleb/api/safevoice-api/vendor/laravel/framework/src/Illuminate/Routing/Router.php(764): Illuminate/Routing/Router->runRoute(Object(Illuminate/Http/Request), Object(Illuminate/Routing/Route))
#23 D:/caleb/api/safevoice-api/vendor/laravel/framework/src/Illuminate/Routing/Router.php(753): Illuminate/Routing/Router->dispatchToRoute(Object(Illuminate/Http/Request))
#24 D:/caleb/api/safevoice-api/vendor/laravel/framework/src/Illuminate/Foundation/Http/Kernel.php(200): Illuminate/Routing/Router->dispatch(Object(Illuminate/Http/Request))
#25 D:/caleb/api/safevoice-api/vendor/laravel/framework/src/Illuminate/Pipeline/Pipeline.php(180): Illuminate/Foundation/Http/Kernel->Illuminate/Foundation/Http/{closure}(Object(Illuminate/Http/Request))
#26 D:/caleb/api/safevoice-api/vendor/laravel/framework/src/Illuminate/Foundation/Http/Middleware/TransformsRequest.php(21): Illuminate/Pipeline/Pipeline->Illuminate/Pipeline/{closure}(Object(Illuminate/Http/Request))
#27 D:/caleb/api/safevoice-api/vendor/laravel/framework/src/Illuminate/Foundation/Http/Middleware/ConvertEmptyStringsToNull.php(31): Illuminate/Foundation/Http/Middleware/TransformsRequest->handle(Object(Illuminate/Http/Request), Object(Closure))
#28 D:/caleb/api/safevoice-api/vendor/laravel/framework/src/Illuminate/Pipeline/Pipeline.php(219): Illuminate/Foundation/Http/Middleware/ConvertEmptyStringsToNull->handle(Object(Illuminate/Http/Request), Object(Closure))
#29 D:/caleb/api/safevoice-api/vendor/laravel/framework/src/Illuminate/Foundation/Http/Middleware/TransformsRequest.php(21): Illuminate/Pipeline/Pipeline->Illuminate/Pipeline/{closure}(Object(Illuminate/Http/Request))
#30 D:/caleb/api/safevoice-api/vendor/laravel/framework/src/Illuminate/Foundation/Http/Middleware/TrimStrings.php(51): Illuminate/Foundation/Http/Middleware/TransformsRequest->handle(Object(Illuminate/Http/Request), Object(Closure))
#31 D:/caleb/api/safevoice-api/vendor/laravel/framework/src/Illuminate/Pipeline/Pipeline.php(219): Illuminate/Foundation/Http/Middleware/TrimStrings->handle(Object(Illuminate/Http/Request), Object(Closure))
#32 D:/caleb/api/safevoice-api/vendor/laravel/framework/src/Illuminate/Http/Middleware/ValidatePostSize.php(27): Illuminate/Pipeline/Pipeline->Illuminate/Pipeline/{closure}(Object(Illuminate/Http/Request))
#33 D:/caleb/api/safevoice-api/vendor/laravel/framework/src/Illuminate/Pipeline/Pipeline.php(219): Illuminate/Http/Middleware/ValidatePostSize->handle(Object(Illuminate/Http/Request), Object(Closure))
#34 D:/caleb/api/safevoice-api/vendor/laravel/framework/src/Illuminate/Foundation/Http/Middleware/PreventRequestsDuringMaintenance.php(109): Illuminate/Pipeline/Pipeline->Illuminate/Pipeline/{closure}(Object(Illuminate/Http/Request))
#35 D:/caleb/api/safevoice-api/vendor/laravel/framework/src/Illuminate/Pipeline/Pipeline.php(219): Illuminate/Foundation/Http/Middleware/PreventRequestsDuringMaintenance->handle(Object(Illuminate/Http/Request), Object(Closure))
#36 D:/caleb/api/safevoice-api/vendor/laravel/framework/src/Illuminate/Http/Middleware/HandleCors.php(74): Illuminate/Pipeline/Pipeline->Illuminate/Pipeline/{closure}(Object(Illuminate/Http/Request))
#37 D:/caleb/api/safevoice-api/vendor/laravel/framework/src/Illuminate/Pipeline/Pipeline.php(219): Illuminate/Http/Middleware/HandleCors->handle(Object(Illuminate/Http/Request), Object(Closure))
#38 D:/caleb/api/safevoice-api/vendor/laravel/framework/src/Illuminate/Http/Middleware/TrustProxies.php(58): Illuminate/Pipeline/Pipeline->Illuminate/Pipeline/{closure}(Object(Illuminate/Http/Request))
#39 D:/caleb/api/safevoice-api/vendor/laravel/framework/src/Illuminate/Pipeline/Pipeline.php(219): Illuminate/Http/Middleware/TrustProxies->handle(Object(Illuminate/Http/Request), Object(Closure))
#40 D:/caleb/api/safevoice-api/vendor/laravel/framework/src/Illuminate/Foundation/Http/Middleware/InvokeDeferredCallbacks.php(22): Illuminate/Pipeline/Pipeline->Illuminate/Pipeline/{closure}(Object(Illuminate/Http/Request))
#41 D:/caleb/api/safevoice-api/vendor/laravel/framework/src/Illuminate/Pipeline/Pipeline.php(219): Illuminate/Foundation/Http/Middleware/InvokeDeferredCallbacks->handle(Object(Illuminate/Http/Request), Object(Closure))
#42 D:/caleb/api/safevoice-api/vendor/laravel/framework/src/Illuminate/Http/Middleware/ValidatePathEncoding.php(26): Illuminate/Pipeline/Pipeline->Illuminate/Pipeline/{closure}(Object(Illuminate/Http/Request))
#43 D:/caleb/api/safevoice-api/vendor/laravel/framework/src/Illuminate/Pipeline/Pipeline.php(219): Illuminate/Http/Middleware/ValidatePathEncoding->handle(Object(Illuminate/Http/Request), Object(Closure))
#44 D:/caleb/api/safevoice-api/vendor/laravel/framework/src/Illuminate/Pipeline/Pipeline.php(137): Illuminate/Pipeline/Pipeline->Illuminate/Pipeline/{closure}(Object(Illuminate/Http/Request))
#45 D:/caleb/api/safevoice-api/vendor/laravel/framework/src/Illuminate/Foundation/Http/Kernel.php(175): Illuminate/Pipeline/Pipeline->then(Object(Closure))
#46 D:/caleb/api/safevoice-api/vendor/laravel/framework/src/Illuminate/Foundation/Http/Kernel.php(144): Illuminate/Foundation/Http/Kernel->sendRequestThroughRouter(Object(Illuminate/Http/Request))
#47 D:/caleb/api/safevoice-api/vendor/knuckleswtf/scribe/src/Extracting/Strategies/Responses/ResponseCalls.php(236): Illuminate/Foundation/Http/Kernel->handle(Object(Illuminate/Http/Request))
#48 D:/caleb/api/safevoice-api/vendor/knuckleswtf/scribe/src/Extracting/Strategies/Responses/ResponseCalls.php(229): Knuckles/Scribe/Extracting/Strategies/Responses/ResponseCalls->callLaravelRoute(Object(Illuminate/Http/Request))
#49 D:/caleb/api/safevoice-api/vendor/knuckleswtf/scribe/src/Extracting/Strategies/Responses/ResponseCalls.php(103): Knuckles/Scribe/Extracting/Strategies/Responses/ResponseCalls->makeApiCall(Object(Illuminate/Http/Request), Object(Illuminate/Routing/Route))
#50 D:/caleb/api/safevoice-api/vendor/knuckleswtf/scribe/src/Extracting/Strategies/Responses/ResponseCalls.php(39): Knuckles/Scribe/Extracting/Strategies/Responses/ResponseCalls->makeResponseCall(Object(Knuckles/Camel/Extraction/ExtractedEndpointData), Array)
#51 D:/caleb/api/safevoice-api/vendor/knuckleswtf/scribe/src/Extracting/Extractor.php(471): Knuckles/Scribe/Extracting/Strategies/Responses/ResponseCalls->__invoke(Object(Knuckles/Camel/Extraction/ExtractedEndpointData), Array)
#52 D:/caleb/api/safevoice-api/vendor/knuckleswtf/scribe/src/Extracting/Extractor.php(397): Knuckles/Scribe/Extracting/Extractor->iterateThroughStrategies('responses', Object(Knuckles/Camel/Extraction/ExtractedEndpointData), Array, Object(Closure))
#53 D:/caleb/api/safevoice-api/vendor/knuckleswtf/scribe/src/Extracting/Extractor.php(94): Knuckles/Scribe/Extracting/Extractor->fetchResponses(Object(Knuckles/Camel/Extraction/ExtractedEndpointData), Array)
#54 D:/caleb/api/safevoice-api/vendor/knuckleswtf/scribe/src/GroupedEndpoints/GroupedEndpointsFromApp.php(186): Knuckles/Scribe/Extracting/Extractor->processRoute(Object(Illuminate/Routing/Route), Array)
#55 D:/caleb/api/safevoice-api/vendor/laravel/framework/src/Illuminate/Console/View/Components/Task.php(41): Knuckles/Scribe/GroupedEndpoints/GroupedEndpointsFromApp->Knuckles/Scribe/GroupedEndpoints/{closure}()
#56 D:/caleb/api/safevoice-api/vendor/laravel/framework/src/Illuminate/Console/View/Components/Factory.php(59): Illuminate/Console/View/Components/Task->render('<options=bold>[...', Object(Closure))
#57 D:/caleb/api/safevoice-api/vendor/knuckleswtf/scribe/src/GroupedEndpoints/GroupedEndpointsFromApp.php(183): Illuminate/Console/View/Components/Factory->__call('task', Array)
#58 D:/caleb/api/safevoice-api/vendor/knuckleswtf/scribe/src/GroupedEndpoints/GroupedEndpointsFromApp.php(73): Knuckles/Scribe/GroupedEndpoints/GroupedEndpointsFromApp->extractEndpointsInfoFromLaravelApp(Array, Array, Array)
#59 D:/caleb/api/safevoice-api/vendor/knuckleswtf/scribe/src/GroupedEndpoints/GroupedEndpointsFromApp.php(51): Knuckles/Scribe/GroupedEndpoints/GroupedEndpointsFromApp->extractEndpointsInfoAndWriteToDisk(Object(Knuckles/Scribe/Matching/RouteMatcher), true)
#60 D:/caleb/api/safevoice-api/vendor/knuckleswtf/scribe/src/Commands/GenerateDocumentation.php(55): Knuckles/Scribe/GroupedEndpoints/GroupedEndpointsFromApp->get()
#61 D:/caleb/api/safevoice-api/vendor/laravel/framework/src/Illuminate/Container/BoundMethod.php(36): Knuckles/Scribe/Commands/GenerateDocumentation->handle(Object(Knuckles/Scribe/Matching/RouteMatcher), Object(Knuckles/Scribe/GroupedEndpoints/GroupedEndpointsFactory))
#62 D:/caleb/api/safevoice-api/vendor/laravel/framework/src/Illuminate/Container/Util.php(43): Illuminate/Container/BoundMethod::Illuminate/Container/{closure}()
#63 D:/caleb/api/safevoice-api/vendor/laravel/framework/src/Illuminate/Container/BoundMethod.php(96): Illuminate/Container/Util::unwrapIfClosure(Object(Closure))
#64 D:/caleb/api/safevoice-api/vendor/laravel/framework/src/Illuminate/Container/BoundMethod.php(35): Illuminate/Container/BoundMethod::callBoundMethod(Object(Illuminate/Foundation/Application), Array, Object(Closure))
#65 D:/caleb/api/safevoice-api/vendor/laravel/framework/src/Illuminate/Container/Container.php(799): Illuminate/Container/BoundMethod::call(Object(Illuminate/Foundation/Application), Array, Array, NULL)
#66 D:/caleb/api/safevoice-api/vendor/laravel/framework/src/Illuminate/Console/Command.php(211): Illuminate/Container/Container->call(Array)
#67 D:/caleb/api/safevoice-api/vendor/symfony/console/Command/Command.php(341): Illuminate/Console/Command->execute(Object(Symfony/Component/Console/Input/ArgvInput), Object(Illuminate/Console/OutputStyle))
#68 D:/caleb/api/safevoice-api/vendor/laravel/framework/src/Illuminate/Console/Command.php(180): Symfony/Component/Console/Command/Command->run(Object(Symfony/Component/Console/Input/ArgvInput), Object(Illuminate/Console/OutputStyle))
#69 D:/caleb/api/safevoice-api/vendor/symfony/console/Application.php(1117): Illuminate/Console/Command->run(Object(Symfony/Component/Console/Input/ArgvInput), Object(Symfony/Component/Console/Output/ConsoleOutput))
#70 D:/caleb/api/safevoice-api/vendor/symfony/console/Application.php(356): Symfony/Component/Console/Application->doRunCommand(Object(Knuckles/Scribe/Commands/GenerateDocumentation), Object(Symfony/Component/Console/Input/ArgvInput), Object(Symfony/Component/Console/Output/ConsoleOutput))
#71 D:/caleb/api/safevoice-api/vendor/symfony/console/Application.php(195): Symfony/Component/Console/Application->doRun(Object(Symfony/Component/Console/Input/ArgvInput), Object(Symfony/Component/Console/Output/ConsoleOutput))
#72 D:/caleb/api/safevoice-api/vendor/laravel/framework/src/Illuminate/Foundation/Console/Kernel.php(198): Symfony/Component/Console/Application->run(Object(Symfony/Component/Console/Input/ArgvInput), Object(Symfony/Component/Console/Output/ConsoleOutput))
#73 D:/caleb/api/safevoice-api/vendor/laravel/framework/src/Illuminate/Foundation/Application.php(1235): Illuminate/Foundation/Console/Kernel->handle(Object(Symfony/Component/Console/Input/ArgvInput), Object(Symfony/Component/Console/Output/ConsoleOutput))
#74 D:/caleb/api/safevoice-api/artisan(12): Illuminate/Foundation/Application->handleCommand(Object(Symfony/Component/Console/Input/ArgvInput))
#75 {main}

[previous exception] [object] (PDOException(code: 22P02): SQLSTATE[22P02]: Invalid text representation: 7 ERROR:  invalid input syntax for type uuid: \"consequatur\"
CONTEXT:  unnamed portal parameter $1 = '...' at D:/caleb/api/safevoice-api/vendor/laravel/framework/src/Illuminate/Database/Connection.php:425)
[stacktrace]
#0 D:/caleb/api/safevoice-api/vendor/laravel/framework/src/Illuminate/Database/Connection.php(425): PDOStatement->execute()
#1 D:/caleb/api/safevoice-api/vendor/laravel/framework/src/Illuminate/Database/Connection.php(827): Illuminate/Database/Connection->Illuminate/Database/{closure}('select * from \"...', Array)
#2 D:/caleb/api/safevoice-api/vendor/laravel/framework/src/Illuminate/Database/Connection.php(794): Illuminate/Database/Connection->runQueryCallback('select * from \"...', Array, Object(Closure))
#3 D:/caleb/api/safevoice-api/vendor/laravel/framework/src/Illuminate/Database/Connection.php(411): Illuminate/Database/Connection->run('select * from \"...', Array, Object(Closure))
#4 D:/caleb/api/safevoice-api/vendor/laravel/framework/src/Illuminate/Database/Query/Builder.php(3505): Illuminate/Database/Connection->select('select * from \"...', Array, true)
#5 D:/caleb/api/safevoice-api/vendor/laravel/framework/src/Illuminate/Database/Query/Builder.php(3490): Illuminate/Database/Query/Builder->runSelect()
#6 D:/caleb/api/safevoice-api/vendor/laravel/framework/src/Illuminate/Database/Query/Builder.php(4080): Illuminate/Database/Query/Builder->Illuminate/Database/Query/{closure}()
#7 D:/caleb/api/safevoice-api/vendor/laravel/framework/src/Illuminate/Database/Query/Builder.php(3489): Illuminate/Database/Query/Builder->onceWithColumns(Array, Object(Closure))
#8 D:/caleb/api/safevoice-api/vendor/laravel/framework/src/Illuminate/Database/Eloquent/Builder.php(902): Illuminate/Database/Query/Builder->get(Array)
#9 D:/caleb/api/safevoice-api/vendor/laravel/framework/src/Illuminate/Database/Eloquent/Builder.php(884): Illuminate/Database/Eloquent/Builder->getModels(Array)
#10 D:/caleb/api/safevoice-api/vendor/laravel/framework/src/Illuminate/Database/Concerns/BuildsQueries.php(366): Illuminate/Database/Eloquent/Builder->get(Array)
#11 D:/caleb/api/safevoice-api/vendor/laravel/framework/src/Illuminate/Database/Eloquent/Builder.php(568): Illuminate/Database/Eloquent/Builder->first(Array)
#12 D:/caleb/api/safevoice-api/vendor/laravel/framework/src/Illuminate/Support/Traits/ForwardsCalls.php(23): Illuminate/Database/Eloquent/Builder->find('consequatur')
#13 D:/caleb/api/safevoice-api/vendor/laravel/framework/src/Illuminate/Database/Eloquent/Model.php(2544): Illuminate/Database/Eloquent/Model->forwardCallTo(Object(Illuminate/Database/Eloquent/Builder), 'find', Array)
#14 D:/caleb/api/safevoice-api/vendor/laravel/framework/src/Illuminate/Database/Eloquent/Model.php(2560): Illuminate/Database/Eloquent/Model->__call('find', Array)
#15 D:/caleb/api/safevoice-api/app/Http/Middleware/ResolveDraftReport.php(26): Illuminate/Database/Eloquent/Model::__callStatic('find', Array)
#16 D:/caleb/api/safevoice-api/vendor/laravel/framework/src/Illuminate/Pipeline/Pipeline.php(219): App/Http/Middleware/ResolveDraftReport->handle(Object(Illuminate/Http/Request), Object(Closure))
#17 D:/caleb/api/safevoice-api/vendor/laravel/framework/src/Illuminate/Routing/Middleware/SubstituteBindings.php(50): Illuminate/Pipeline/Pipeline->Illuminate/Pipeline/{closure}(Object(Illuminate/Http/Request))
#18 D:/caleb/api/safevoice-api/vendor/laravel/framework/src/Illuminate/Pipeline/Pipeline.php(219): Illuminate/Routing/Middleware/SubstituteBindings->handle(Object(Illuminate/Http/Request), Object(Closure))
#19 D:/caleb/api/safevoice-api/app/Http/Middleware/SetLocale.php(36): Illuminate/Pipeline/Pipeline->Illuminate/Pipeline/{closure}(Object(Illuminate/Http/Request))
#20 D:/caleb/api/safevoice-api/vendor/laravel/framework/src/Illuminate/Pipeline/Pipeline.php(219): App/Http/Middleware/SetLocale->handle(Object(Illuminate/Http/Request), Object(Closure))
#21 D:/caleb/api/safevoice-api/vendor/laravel/framework/src/Illuminate/Pipeline/Pipeline.php(137): Illuminate/Pipeline/Pipeline->Illuminate/Pipeline/{closure}(Object(Illuminate/Http/Request))
#22 D:/caleb/api/safevoice-api/vendor/laravel/framework/src/Illuminate/Routing/Router.php(821): Illuminate/Pipeline/Pipeline->then(Object(Closure))
#23 D:/caleb/api/safevoice-api/vendor/laravel/framework/src/Illuminate/Routing/Router.php(800): Illuminate/Routing/Router->runRouteWithinStack(Object(Illuminate/Routing/Route), Object(Illuminate/Http/Request))
#24 D:/caleb/api/safevoice-api/vendor/laravel/framework/src/Illuminate/Routing/Router.php(764): Illuminate/Routing/Router->runRoute(Object(Illuminate/Http/Request), Object(Illuminate/Routing/Route))
#25 D:/caleb/api/safevoice-api/vendor/laravel/framework/src/Illuminate/Routing/Router.php(753): Illuminate/Routing/Router->dispatchToRoute(Object(Illuminate/Http/Request))
#26 D:/caleb/api/safevoice-api/vendor/laravel/framework/src/Illuminate/Foundation/Http/Kernel.php(200): Illuminate/Routing/Router->dispatch(Object(Illuminate/Http/Request))
#27 D:/caleb/api/safevoice-api/vendor/laravel/framework/src/Illuminate/Pipeline/Pipeline.php(180): Illuminate/Foundation/Http/Kernel->Illuminate/Foundation/Http/{closure}(Object(Illuminate/Http/Request))
#28 D:/caleb/api/safevoice-api/vendor/laravel/framework/src/Illuminate/Foundation/Http/Middleware/TransformsRequest.php(21): Illuminate/Pipeline/Pipeline->Illuminate/Pipeline/{closure}(Object(Illuminate/Http/Request))
#29 D:/caleb/api/safevoice-api/vendor/laravel/framework/src/Illuminate/Foundation/Http/Middleware/ConvertEmptyStringsToNull.php(31): Illuminate/Foundation/Http/Middleware/TransformsRequest->handle(Object(Illuminate/Http/Request), Object(Closure))
#30 D:/caleb/api/safevoice-api/vendor/laravel/framework/src/Illuminate/Pipeline/Pipeline.php(219): Illuminate/Foundation/Http/Middleware/ConvertEmptyStringsToNull->handle(Object(Illuminate/Http/Request), Object(Closure))
#31 D:/caleb/api/safevoice-api/vendor/laravel/framework/src/Illuminate/Foundation/Http/Middleware/TransformsRequest.php(21): Illuminate/Pipeline/Pipeline->Illuminate/Pipeline/{closure}(Object(Illuminate/Http/Request))
#32 D:/caleb/api/safevoice-api/vendor/laravel/framework/src/Illuminate/Foundation/Http/Middleware/TrimStrings.php(51): Illuminate/Foundation/Http/Middleware/TransformsRequest->handle(Object(Illuminate/Http/Request), Object(Closure))
#33 D:/caleb/api/safevoice-api/vendor/laravel/framework/src/Illuminate/Pipeline/Pipeline.php(219): Illuminate/Foundation/Http/Middleware/TrimStrings->handle(Object(Illuminate/Http/Request), Object(Closure))
#34 D:/caleb/api/safevoice-api/vendor/laravel/framework/src/Illuminate/Http/Middleware/ValidatePostSize.php(27): Illuminate/Pipeline/Pipeline->Illuminate/Pipeline/{closure}(Object(Illuminate/Http/Request))
#35 D:/caleb/api/safevoice-api/vendor/laravel/framework/src/Illuminate/Pipeline/Pipeline.php(219): Illuminate/Http/Middleware/ValidatePostSize->handle(Object(Illuminate/Http/Request), Object(Closure))
#36 D:/caleb/api/safevoice-api/vendor/laravel/framework/src/Illuminate/Foundation/Http/Middleware/PreventRequestsDuringMaintenance.php(109): Illuminate/Pipeline/Pipeline->Illuminate/Pipeline/{closure}(Object(Illuminate/Http/Request))
#37 D:/caleb/api/safevoice-api/vendor/laravel/framework/src/Illuminate/Pipeline/Pipeline.php(219): Illuminate/Foundation/Http/Middleware/PreventRequestsDuringMaintenance->handle(Object(Illuminate/Http/Request), Object(Closure))
#38 D:/caleb/api/safevoice-api/vendor/laravel/framework/src/Illuminate/Http/Middleware/HandleCors.php(74): Illuminate/Pipeline/Pipeline->Illuminate/Pipeline/{closure}(Object(Illuminate/Http/Request))
#39 D:/caleb/api/safevoice-api/vendor/laravel/framework/src/Illuminate/Pipeline/Pipeline.php(219): Illuminate/Http/Middleware/HandleCors->handle(Object(Illuminate/Http/Request), Object(Closure))
#40 D:/caleb/api/safevoice-api/vendor/laravel/framework/src/Illuminate/Http/Middleware/TrustProxies.php(58): Illuminate/Pipeline/Pipeline->Illuminate/Pipeline/{closure}(Object(Illuminate/Http/Request))
#41 D:/caleb/api/safevoice-api/vendor/laravel/framework/src/Illuminate/Pipeline/Pipeline.php(219): Illuminate/Http/Middleware/TrustProxies->handle(Object(Illuminate/Http/Request), Object(Closure))
#42 D:/caleb/api/safevoice-api/vendor/laravel/framework/src/Illuminate/Foundation/Http/Middleware/InvokeDeferredCallbacks.php(22): Illuminate/Pipeline/Pipeline->Illuminate/Pipeline/{closure}(Object(Illuminate/Http/Request))
#43 D:/caleb/api/safevoice-api/vendor/laravel/framework/src/Illuminate/Pipeline/Pipeline.php(219): Illuminate/Foundation/Http/Middleware/InvokeDeferredCallbacks->handle(Object(Illuminate/Http/Request), Object(Closure))
#44 D:/caleb/api/safevoice-api/vendor/laravel/framework/src/Illuminate/Http/Middleware/ValidatePathEncoding.php(26): Illuminate/Pipeline/Pipeline->Illuminate/Pipeline/{closure}(Object(Illuminate/Http/Request))
#45 D:/caleb/api/safevoice-api/vendor/laravel/framework/src/Illuminate/Pipeline/Pipeline.php(219): Illuminate/Http/Middleware/ValidatePathEncoding->handle(Object(Illuminate/Http/Request), Object(Closure))
#46 D:/caleb/api/safevoice-api/vendor/laravel/framework/src/Illuminate/Pipeline/Pipeline.php(137): Illuminate/Pipeline/Pipeline->Illuminate/Pipeline/{closure}(Object(Illuminate/Http/Request))
#47 D:/caleb/api/safevoice-api/vendor/laravel/framework/src/Illuminate/Foundation/Http/Kernel.php(175): Illuminate/Pipeline/Pipeline->then(Object(Closure))
#48 D:/caleb/api/safevoice-api/vendor/laravel/framework/src/Illuminate/Foundation/Http/Kernel.php(144): Illuminate/Foundation/Http/Kernel->sendRequestThroughRouter(Object(Illuminate/Http/Request))
#49 D:/caleb/api/safevoice-api/vendor/knuckleswtf/scribe/src/Extracting/Strategies/Responses/ResponseCalls.php(236): Illuminate/Foundation/Http/Kernel->handle(Object(Illuminate/Http/Request))
#50 D:/caleb/api/safevoice-api/vendor/knuckleswtf/scribe/src/Extracting/Strategies/Responses/ResponseCalls.php(229): Knuckles/Scribe/Extracting/Strategies/Responses/ResponseCalls->callLaravelRoute(Object(Illuminate/Http/Request))
#51 D:/caleb/api/safevoice-api/vendor/knuckleswtf/scribe/src/Extracting/Strategies/Responses/ResponseCalls.php(103): Knuckles/Scribe/Extracting/Strategies/Responses/ResponseCalls->makeApiCall(Object(Illuminate/Http/Request), Object(Illuminate/Routing/Route))
#52 D:/caleb/api/safevoice-api/vendor/knuckleswtf/scribe/src/Extracting/Strategies/Responses/ResponseCalls.php(39): Knuckles/Scribe/Extracting/Strategies/Responses/ResponseCalls->makeResponseCall(Object(Knuckles/Camel/Extraction/ExtractedEndpointData), Array)
#53 D:/caleb/api/safevoice-api/vendor/knuckleswtf/scribe/src/Extracting/Extractor.php(471): Knuckles/Scribe/Extracting/Strategies/Responses/ResponseCalls->__invoke(Object(Knuckles/Camel/Extraction/ExtractedEndpointData), Array)
#54 D:/caleb/api/safevoice-api/vendor/knuckleswtf/scribe/src/Extracting/Extractor.php(397): Knuckles/Scribe/Extracting/Extractor->iterateThroughStrategies('responses', Object(Knuckles/Camel/Extraction/ExtractedEndpointData), Array, Object(Closure))
#55 D:/caleb/api/safevoice-api/vendor/knuckleswtf/scribe/src/Extracting/Extractor.php(94): Knuckles/Scribe/Extracting/Extractor->fetchResponses(Object(Knuckles/Camel/Extraction/ExtractedEndpointData), Array)
#56 D:/caleb/api/safevoice-api/vendor/knuckleswtf/scribe/src/GroupedEndpoints/GroupedEndpointsFromApp.php(186): Knuckles/Scribe/Extracting/Extractor->processRoute(Object(Illuminate/Routing/Route), Array)
#57 D:/caleb/api/safevoice-api/vendor/laravel/framework/src/Illuminate/Console/View/Components/Task.php(41): Knuckles/Scribe/GroupedEndpoints/GroupedEndpointsFromApp->Knuckles/Scribe/GroupedEndpoints/{closure}()
#58 D:/caleb/api/safevoice-api/vendor/laravel/framework/src/Illuminate/Console/View/Components/Factory.php(59): Illuminate/Console/View/Components/Task->render('<options=bold>[...', Object(Closure))
#59 D:/caleb/api/safevoice-api/vendor/knuckleswtf/scribe/src/GroupedEndpoints/GroupedEndpointsFromApp.php(183): Illuminate/Console/View/Components/Factory->__call('task', Array)
#60 D:/caleb/api/safevoice-api/vendor/knuckleswtf/scribe/src/GroupedEndpoints/GroupedEndpointsFromApp.php(73): Knuckles/Scribe/GroupedEndpoints/GroupedEndpointsFromApp->extractEndpointsInfoFromLaravelApp(Array, Array, Array)
#61 D:/caleb/api/safevoice-api/vendor/knuckleswtf/scribe/src/GroupedEndpoints/GroupedEndpointsFromApp.php(51): Knuckles/Scribe/GroupedEndpoints/GroupedEndpointsFromApp->extractEndpointsInfoAndWriteToDisk(Object(Knuckles/Scribe/Matching/RouteMatcher), true)
#62 D:/caleb/api/safevoice-api/vendor/knuckleswtf/scribe/src/Commands/GenerateDocumentation.php(55): Knuckles/Scribe/GroupedEndpoints/GroupedEndpointsFromApp->get()
#63 D:/caleb/api/safevoice-api/vendor/laravel/framework/src/Illuminate/Container/BoundMethod.php(36): Knuckles/Scribe/Commands/GenerateDocumentation->handle(Object(Knuckles/Scribe/Matching/RouteMatcher), Object(Knuckles/Scribe/GroupedEndpoints/GroupedEndpointsFactory))
#64 D:/caleb/api/safevoice-api/vendor/laravel/framework/src/Illuminate/Container/Util.php(43): Illuminate/Container/BoundMethod::Illuminate/Container/{closure}()
#65 D:/caleb/api/safevoice-api/vendor/laravel/framework/src/Illuminate/Container/BoundMethod.php(96): Illuminate/Container/Util::unwrapIfClosure(Object(Closure))
#66 D:/caleb/api/safevoice-api/vendor/laravel/framework/src/Illuminate/Container/BoundMethod.php(35): Illuminate/Container/BoundMethod::callBoundMethod(Object(Illuminate/Foundation/Application), Array, Object(Closure))
#67 D:/caleb/api/safevoice-api/vendor/laravel/framework/src/Illuminate/Container/Container.php(799): Illuminate/Container/BoundMethod::call(Object(Illuminate/Foundation/Application), Array, Array, NULL)
#68 D:/caleb/api/safevoice-api/vendor/laravel/framework/src/Illuminate/Console/Command.php(211): Illuminate/Container/Container->call(Array)
#69 D:/caleb/api/safevoice-api/vendor/symfony/console/Command/Command.php(341): Illuminate/Console/Command->execute(Object(Symfony/Component/Console/Input/ArgvInput), Object(Illuminate/Console/OutputStyle))
#70 D:/caleb/api/safevoice-api/vendor/laravel/framework/src/Illuminate/Console/Command.php(180): Symfony/Component/Console/Command/Command->run(Object(Symfony/Component/Console/Input/ArgvInput), Object(Illuminate/Console/OutputStyle))
#71 D:/caleb/api/safevoice-api/vendor/symfony/console/Application.php(1117): Illuminate/Console/Command->run(Object(Symfony/Component/Console/Input/ArgvInput), Object(Symfony/Component/Console/Output/ConsoleOutput))
#72 D:/caleb/api/safevoice-api/vendor/symfony/console/Application.php(356): Symfony/Component/Console/Application->doRunCommand(Object(Knuckles/Scribe/Commands/GenerateDocumentation), Object(Symfony/Component/Console/Input/ArgvInput), Object(Symfony/Component/Console/Output/ConsoleOutput))
#73 D:/caleb/api/safevoice-api/vendor/symfony/console/Application.php(195): Symfony/Component/Console/Application->doRun(Object(Symfony/Component/Console/Input/ArgvInput), Object(Symfony/Component/Console/Output/ConsoleOutput))
#74 D:/caleb/api/safevoice-api/vendor/laravel/framework/src/Illuminate/Foundation/Console/Kernel.php(198): Symfony/Component/Console/Application->run(Object(Symfony/Component/Console/Input/ArgvInput), Object(Symfony/Component/Console/Output/ConsoleOutput))
#75 D:/caleb/api/safevoice-api/vendor/laravel/framework/src/Illuminate/Foundation/Application.php(1235): Illuminate/Foundation/Console/Kernel->handle(Object(Symfony/Component/Console/Input/ArgvInput), Object(Symfony/Component/Console/Output/ConsoleOutput))
#76 D:/caleb/api/safevoice-api/artisan(12): Illuminate/Foundation/Application->handleCommand(Object(Symfony/Component/Console/Input/ArgvInput))
#77 {main}
"} 
[2026-07-03 14:14:41] local.ERROR: App\Models\Cms\Page::translationForeignKey must return a relationship instance. {"exception":"[object] (LogicException(code: 0): App\\Models\\Cms\\Page::translationForeignKey must return a relationship instance. at D:/caleb/api/safevoice-api/vendor/laravel/framework/src/Illuminate/Database/Eloquent/Concerns/HasAttributes.php:632)
[stacktrace]
#0 D:/caleb/api/safevoice-api/vendor/laravel/framework/src/Illuminate/Database/Eloquent/Concerns/HasAttributes.php(575): Illuminate/Database/Eloquent/Model->getRelationshipFromMethod('translationFore...')
#1 D:/caleb/api/safevoice-api/vendor/laravel/framework/src/Illuminate/Database/Eloquent/Concerns/HasAttributes.php(494): Illuminate/Database/Eloquent/Model->getRelationValue('translationFore...')
#2 D:/caleb/api/safevoice-api/vendor/laravel/framework/src/Illuminate/Database/Eloquent/Model.php(2427): Illuminate/Database/Eloquent/Model->getAttribute('translationFore...')
#3 D:/caleb/api/safevoice-api/app/Traits/Translatable.php(84): Illuminate/Database/Eloquent/Model->__get('translationFore...')
#4 D:/caleb/api/safevoice-api/vendor/laravel/framework/src/Illuminate/Database/Eloquent/Concerns/HasAttributes.php(623): App/Models/Cms/Page->translationForeignKey()
#5 D:/caleb/api/safevoice-api/vendor/laravel/framework/src/Illuminate/Database/Eloquent/Concerns/HasAttributes.php(575): Illuminate/Database/Eloquent/Model->getRelationshipFromMethod('translationFore...')
#6 D:/caleb/api/safevoice-api/vendor/laravel/framework/src/Illuminate/Database/Eloquent/Concerns/HasAttributes.php(494): Illuminate/Database/Eloquent/Model->getRelationValue('translationFore...')
#7 D:/caleb/api/safevoice-api/vendor/laravel/framework/src/Illuminate/Database/Eloquent/Model.php(2455): Illuminate/Database/Eloquent/Model->getAttribute('translationFore...')
#8 D:/caleb/api/safevoice-api/vendor/laravel/framework/src/Illuminate/Database/Eloquent/Model.php(2508): Illuminate/Database/Eloquent/Model->offsetExists('translationFore...')
#9 D:/caleb/api/safevoice-api/app/Traits/Translatable.php(84): Illuminate/Database/Eloquent/Model->__isset('translationFore...')
#10 D:/caleb/api/safevoice-api/app/Traits/Translatable.php(29): App/Models/Cms/Page->translationForeignKey()
#11 D:/caleb/api/safevoice-api/vendor/laravel/framework/src/Illuminate/Database/Eloquent/Concerns/QueriesRelationships.php(1124): App/Models/Cms/Page->translations()
#12 D:/caleb/api/safevoice-api/vendor/laravel/framework/src/Illuminate/Database/Eloquent/Relations/Relation.php(119): Illuminate/Database/Eloquent/Builder->Illuminate/Database/Eloquent/Concerns/{closure}()
#13 D:/caleb/api/safevoice-api/vendor/laravel/framework/src/Illuminate/Database/Eloquent/Concerns/QueriesRelationships.php(1123): Illuminate/Database/Eloquent/Relations/Relation::noConstraints(Object(Closure))
#14 D:/caleb/api/safevoice-api/vendor/laravel/framework/src/Illuminate/Database/Eloquent/Concerns/QueriesRelationships.php(46): Illuminate/Database/Eloquent/Builder->getRelationWithoutConstraints('translations')
#15 D:/caleb/api/safevoice-api/vendor/laravel/framework/src/Illuminate/Database/Eloquent/Concerns/QueriesRelationships.php(205): Illuminate/Database/Eloquent/Builder->has('translations', '>=', 1, 'or', Object(Closure))
#16 D:/caleb/api/safevoice-api/app/Services/Cms/PageService.php(21): Illuminate/Database/Eloquent/Builder->orWhereHas('translations', Object(Closure))
#17 D:/caleb/api/safevoice-api/vendor/laravel/framework/src/Illuminate/Database/Eloquent/Builder.php(355): App/Services/Cms/PageService->App/Services/Cms/{closure}(Object(Illuminate/Database/Eloquent/Builder))
#18 D:/caleb/api/safevoice-api/app/Services/Cms/PageService.php(19): Illuminate/Database/Eloquent/Builder->where(Object(Closure))
#19 D:/caleb/api/safevoice-api/app/Http/Controllers/Api/V1/Cms/PageController.php(31): App/Services/Cms/PageService->publicBySlug('17')
#20 D:/caleb/api/safevoice-api/vendor/laravel/framework/src/Illuminate/Routing/ControllerDispatcher.php(46): App/Http/Controllers/Api/V1/Cms/PageController->showPublic('17')
#21 D:/caleb/api/safevoice-api/vendor/laravel/framework/src/Illuminate/Routing/Route.php(265): Illuminate/Routing/ControllerDispatcher->dispatch(Object(Illuminate/Routing/Route), Object(App/Http/Controllers/Api/V1/Cms/PageController), 'showPublic')
#22 D:/caleb/api/safevoice-api/vendor/laravel/framework/src/Illuminate/Routing/Route.php(211): Illuminate/Routing/Route->runController()
#23 D:/caleb/api/safevoice-api/vendor/laravel/framework/src/Illuminate/Routing/Router.php(822): Illuminate/Routing/Route->run()
#24 D:/caleb/api/safevoice-api/vendor/laravel/framework/src/Illuminate/Pipeline/Pipeline.php(180): Illuminate/Routing/Router->Illuminate/Routing/{closure}(Object(Illuminate/Http/Request))
#25 D:/caleb/api/safevoice-api/vendor/laravel/framework/src/Illuminate/Routing/Middleware/SubstituteBindings.php(50): Illuminate/Pipeline/Pipeline->Illuminate/Pipeline/{closure}(Object(Illuminate/Http/Request))
#26 D:/caleb/api/safevoice-api/vendor/laravel/framework/src/Illuminate/Pipeline/Pipeline.php(219): Illuminate/Routing/Middleware/SubstituteBindings->handle(Object(Illuminate/Http/Request), Object(Closure))
#27 D:/caleb/api/safevoice-api/app/Http/Middleware/SetLocale.php(36): Illuminate/Pipeline/Pipeline->Illuminate/Pipeline/{closure}(Object(Illuminate/Http/Request))
#28 D:/caleb/api/safevoice-api/vendor/laravel/framework/src/Illuminate/Pipeline/Pipeline.php(219): App/Http/Middleware/SetLocale->handle(Object(Illuminate/Http/Request), Object(Closure))
#29 D:/caleb/api/safevoice-api/vendor/laravel/framework/src/Illuminate/Pipeline/Pipeline.php(137): Illuminate/Pipeline/Pipeline->Illuminate/Pipeline/{closure}(Object(Illuminate/Http/Request))
#30 D:/caleb/api/safevoice-api/vendor/laravel/framework/src/Illuminate/Routing/Router.php(821): Illuminate/Pipeline/Pipeline->then(Object(Closure))
#31 D:/caleb/api/safevoice-api/vendor/laravel/framework/src/Illuminate/Routing/Router.php(800): Illuminate/Routing/Router->runRouteWithinStack(Object(Illuminate/Routing/Route), Object(Illuminate/Http/Request))
#32 D:/caleb/api/safevoice-api/vendor/laravel/framework/src/Illuminate/Routing/Router.php(764): Illuminate/Routing/Router->runRoute(Object(Illuminate/Http/Request), Object(Illuminate/Routing/Route))
#33 D:/caleb/api/safevoice-api/vendor/laravel/framework/src/Illuminate/Routing/Router.php(753): Illuminate/Routing/Router->dispatchToRoute(Object(Illuminate/Http/Request))
#34 D:/caleb/api/safevoice-api/vendor/laravel/framework/src/Illuminate/Foundation/Http/Kernel.php(200): Illuminate/Routing/Router->dispatch(Object(Illuminate/Http/Request))
#35 D:/caleb/api/safevoice-api/vendor/laravel/framework/src/Illuminate/Pipeline/Pipeline.php(180): Illuminate/Foundation/Http/Kernel->Illuminate/Foundation/Http/{closure}(Object(Illuminate/Http/Request))
#36 D:/caleb/api/safevoice-api/vendor/laravel/framework/src/Illuminate/Foundation/Http/Middleware/TransformsRequest.php(21): Illuminate/Pipeline/Pipeline->Illuminate/Pipeline/{closure}(Object(Illuminate/Http/Request))
#37 D:/caleb/api/safevoice-api/vendor/laravel/framework/src/Illuminate/Foundation/Http/Middleware/ConvertEmptyStringsToNull.php(31): Illuminate/Foundation/Http/Middleware/TransformsRequest->handle(Object(Illuminate/Http/Request), Object(Closure))
#38 D:/caleb/api/safevoice-api/vendor/laravel/framework/src/Illuminate/Pipeline/Pipeline.php(219): Illuminate/Foundation/Http/Middleware/ConvertEmptyStringsToNull->handle(Object(Illuminate/Http/Request), Object(Closure))
#39 D:/caleb/api/safevoice-api/vendor/laravel/framework/src/Illuminate/Foundation/Http/Middleware/TransformsRequest.php(21): Illuminate/Pipeline/Pipeline->Illuminate/Pipeline/{closure}(Object(Illuminate/Http/Request))
#40 D:/caleb/api/safevoice-api/vendor/laravel/framework/src/Illuminate/Foundation/Http/Middleware/TrimStrings.php(51): Illuminate/Foundation/Http/Middleware/TransformsRequest->handle(Object(Illuminate/Http/Request), Object(Closure))
#41 D:/caleb/api/safevoice-api/vendor/laravel/framework/src/Illuminate/Pipeline/Pipeline.php(219): Illuminate/Foundation/Http/Middleware/TrimStrings->handle(Object(Illuminate/Http/Request), Object(Closure))
#42 D:/caleb/api/safevoice-api/vendor/laravel/framework/src/Illuminate/Http/Middleware/ValidatePostSize.php(27): Illuminate/Pipeline/Pipeline->Illuminate/Pipeline/{closure}(Object(Illuminate/Http/Request))
#43 D:/caleb/api/safevoice-api/vendor/laravel/framework/src/Illuminate/Pipeline/Pipeline.php(219): Illuminate/Http/Middleware/ValidatePostSize->handle(Object(Illuminate/Http/Request), Object(Closure))
#44 D:/caleb/api/safevoice-api/vendor/laravel/framework/src/Illuminate/Foundation/Http/Middleware/PreventRequestsDuringMaintenance.php(109): Illuminate/Pipeline/Pipeline->Illuminate/Pipeline/{closure}(Object(Illuminate/Http/Request))
#45 D:/caleb/api/safevoice-api/vendor/laravel/framework/src/Illuminate/Pipeline/Pipeline.php(219): Illuminate/Foundation/Http/Middleware/PreventRequestsDuringMaintenance->handle(Object(Illuminate/Http/Request), Object(Closure))
#46 D:/caleb/api/safevoice-api/vendor/laravel/framework/src/Illuminate/Http/Middleware/HandleCors.php(74): Illuminate/Pipeline/Pipeline->Illuminate/Pipeline/{closure}(Object(Illuminate/Http/Request))
#47 D:/caleb/api/safevoice-api/vendor/laravel/framework/src/Illuminate/Pipeline/Pipeline.php(219): Illuminate/Http/Middleware/HandleCors->handle(Object(Illuminate/Http/Request), Object(Closure))
#48 D:/caleb/api/safevoice-api/vendor/laravel/framework/src/Illuminate/Http/Middleware/TrustProxies.php(58): Illuminate/Pipeline/Pipeline->Illuminate/Pipeline/{closure}(Object(Illuminate/Http/Request))
#49 D:/caleb/api/safevoice-api/vendor/laravel/framework/src/Illuminate/Pipeline/Pipeline.php(219): Illuminate/Http/Middleware/TrustProxies->handle(Object(Illuminate/Http/Request), Object(Closure))
#50 D:/caleb/api/safevoice-api/vendor/laravel/framework/src/Illuminate/Foundation/Http/Middleware/InvokeDeferredCallbacks.php(22): Illuminate/Pipeline/Pipeline->Illuminate/Pipeline/{closure}(Object(Illuminate/Http/Request))
#51 D:/caleb/api/safevoice-api/vendor/laravel/framework/src/Illuminate/Pipeline/Pipeline.php(219): Illuminate/Foundation/Http/Middleware/InvokeDeferredCallbacks->handle(Object(Illuminate/Http/Request), Object(Closure))
#52 D:/caleb/api/safevoice-api/vendor/laravel/framework/src/Illuminate/Http/Middleware/ValidatePathEncoding.php(26): Illuminate/Pipeline/Pipeline->Illuminate/Pipeline/{closure}(Object(Illuminate/Http/Request))
#53 D:/caleb/api/safevoice-api/vendor/laravel/framework/src/Illuminate/Pipeline/Pipeline.php(219): Illuminate/Http/Middleware/ValidatePathEncoding->handle(Object(Illuminate/Http/Request), Object(Closure))
#54 D:/caleb/api/safevoice-api/vendor/laravel/framework/src/Illuminate/Pipeline/Pipeline.php(137): Illuminate/Pipeline/Pipeline->Illuminate/Pipeline/{closure}(Object(Illuminate/Http/Request))
#55 D:/caleb/api/safevoice-api/vendor/laravel/framework/src/Illuminate/Foundation/Http/Kernel.php(175): Illuminate/Pipeline/Pipeline->then(Object(Closure))
#56 D:/caleb/api/safevoice-api/vendor/laravel/framework/src/Illuminate/Foundation/Http/Kernel.php(144): Illuminate/Foundation/Http/Kernel->sendRequestThroughRouter(Object(Illuminate/Http/Request))
#57 D:/caleb/api/safevoice-api/vendor/knuckleswtf/scribe/src/Extracting/Strategies/Responses/ResponseCalls.php(236): Illuminate/Foundation/Http/Kernel->handle(Object(Illuminate/Http/Request))
#58 D:/caleb/api/safevoice-api/vendor/knuckleswtf/scribe/src/Extracting/Strategies/Responses/ResponseCalls.php(229): Knuckles/Scribe/Extracting/Strategies/Responses/ResponseCalls->callLaravelRoute(Object(Illuminate/Http/Request))
#59 D:/caleb/api/safevoice-api/vendor/knuckleswtf/scribe/src/Extracting/Strategies/Responses/ResponseCalls.php(103): Knuckles/Scribe/Extracting/Strategies/Responses/ResponseCalls->makeApiCall(Object(Illuminate/Http/Request), Object(Illuminate/Routing/Route))
#60 D:/caleb/api/safevoice-api/vendor/knuckleswtf/scribe/src/Extracting/Strategies/Responses/ResponseCalls.php(39): Knuckles/Scribe/Extracting/Strategies/Responses/ResponseCalls->makeResponseCall(Object(Knuckles/Camel/Extraction/ExtractedEndpointData), Array)
#61 D:/caleb/api/safevoice-api/vendor/knuckleswtf/scribe/src/Extracting/Extractor.php(471): Knuckles/Scribe/Extracting/Strategies/Responses/ResponseCalls->__invoke(Object(Knuckles/Camel/Extraction/ExtractedEndpointData), Array)
#62 D:/caleb/api/safevoice-api/vendor/knuckleswtf/scribe/src/Extracting/Extractor.php(397): Knuckles/Scribe/Extracting/Extractor->iterateThroughStrategies('responses', Object(Knuckles/Camel/Extraction/ExtractedEndpointData), Array, Object(Closure))
#63 D:/caleb/api/safevoice-api/vendor/knuckleswtf/scribe/src/Extracting/Extractor.php(94): Knuckles/Scribe/Extracting/Extractor->fetchResponses(Object(Knuckles/Camel/Extraction/ExtractedEndpointData), Array)
#64 D:/caleb/api/safevoice-api/vendor/knuckleswtf/scribe/src/GroupedEndpoints/GroupedEndpointsFromApp.php(186): Knuckles/Scribe/Extracting/Extractor->processRoute(Object(Illuminate/Routing/Route), Array)
#65 D:/caleb/api/safevoice-api/vendor/laravel/framework/src/Illuminate/Console/View/Components/Task.php(41): Knuckles/Scribe/GroupedEndpoints/GroupedEndpointsFromApp->Knuckles/Scribe/GroupedEndpoints/{closure}()
#66 D:/caleb/api/safevoice-api/vendor/laravel/framework/src/Illuminate/Console/View/Components/Factory.php(59): Illuminate/Console/View/Components/Task->render('<options=bold>[...', Object(Closure))
#67 D:/caleb/api/safevoice-api/vendor/knuckleswtf/scribe/src/GroupedEndpoints/GroupedEndpointsFromApp.php(183): Illuminate/Console/View/Components/Factory->__call('task', Array)
#68 D:/caleb/api/safevoice-api/vendor/knuckleswtf/scribe/src/GroupedEndpoints/GroupedEndpointsFromApp.php(73): Knuckles/Scribe/GroupedEndpoints/GroupedEndpointsFromApp->extractEndpointsInfoFromLaravelApp(Array, Array, Array)
#69 D:/caleb/api/safevoice-api/vendor/knuckleswtf/scribe/src/GroupedEndpoints/GroupedEndpointsFromApp.php(51): Knuckles/Scribe/GroupedEndpoints/GroupedEndpointsFromApp->extractEndpointsInfoAndWriteToDisk(Object(Knuckles/Scribe/Matching/RouteMatcher), true)
#70 D:/caleb/api/safevoice-api/vendor/knuckleswtf/scribe/src/Commands/GenerateDocumentation.php(55): Knuckles/Scribe/GroupedEndpoints/GroupedEndpointsFromApp->get()
#71 D:/caleb/api/safevoice-api/vendor/laravel/framework/src/Illuminate/Container/BoundMethod.php(36): Knuckles/Scribe/Commands/GenerateDocumentation->handle(Object(Knuckles/Scribe/Matching/RouteMatcher), Object(Knuckles/Scribe/GroupedEndpoints/GroupedEndpointsFactory))
#72 D:/caleb/api/safevoice-api/vendor/laravel/framework/src/Illuminate/Container/Util.php(43): Illuminate/Container/BoundMethod::Illuminate/Container/{closure}()
#73 D:/caleb/api/safevoice-api/vendor/laravel/framework/src/Illuminate/Container/BoundMethod.php(96): Illuminate/Container/Util::unwrapIfClosure(Object(Closure))
#74 D:/caleb/api/safevoice-api/vendor/laravel/framework/src/Illuminate/Container/BoundMethod.php(35): Illuminate/Container/BoundMethod::callBoundMethod(Object(Illuminate/Foundation/Application), Array, Object(Closure))
#75 D:/caleb/api/safevoice-api/vendor/laravel/framework/src/Illuminate/Container/Container.php(799): Illuminate/Container/BoundMethod::call(Object(Illuminate/Foundation/Application), Array, Array, NULL)
#76 D:/caleb/api/safevoice-api/vendor/laravel/framework/src/Illuminate/Console/Command.php(211): Illuminate/Container/Container->call(Array)
#77 D:/caleb/api/safevoice-api/vendor/symfony/console/Command/Command.php(341): Illuminate/Console/Command->execute(Object(Symfony/Component/Console/Input/ArgvInput), Object(Illuminate/Console/OutputStyle))
#78 D:/caleb/api/safevoice-api/vendor/laravel/framework/src/Illuminate/Console/Command.php(180): Symfony/Component/Console/Command/Command->run(Object(Symfony/Component/Console/Input/ArgvInput), Object(Illuminate/Console/OutputStyle))
#79 D:/caleb/api/safevoice-api/vendor/symfony/console/Application.php(1117): Illuminate/Console/Command->run(Object(Symfony/Component/Console/Input/ArgvInput), Object(Symfony/Component/Console/Output/ConsoleOutput))
#80 D:/caleb/api/safevoice-api/vendor/symfony/console/Application.php(356): Symfony/Component/Console/Application->doRunCommand(Object(Knuckles/Scribe/Commands/GenerateDocumentation), Object(Symfony/Component/Console/Input/ArgvInput), Object(Symfony/Component/Console/Output/ConsoleOutput))
#81 D:/caleb/api/safevoice-api/vendor/symfony/console/Application.php(195): Symfony/Component/Console/Application->doRun(Object(Symfony/Component/Console/Input/ArgvInput), Object(Symfony/Component/Console/Output/ConsoleOutput))
#82 D:/caleb/api/safevoice-api/vendor/laravel/framework/src/Illuminate/Foundation/Console/Kernel.php(198): Symfony/Component/Console/Application->run(Object(Symfony/Component/Console/Input/ArgvInput), Object(Symfony/Component/Console/Output/ConsoleOutput))
#83 D:/caleb/api/safevoice-api/vendor/laravel/framework/src/Illuminate/Foundation/Application.php(1235): Illuminate/Foundation/Console/Kernel->handle(Object(Symfony/Component/Console/Input/ArgvInput), Object(Symfony/Component/Console/Output/ConsoleOutput))
#84 D:/caleb/api/safevoice-api/artisan(12): Illuminate/Foundation/Application->handleCommand(Object(Symfony/Component/Console/Input/ArgvInput))
#85 {main}
"} 
[2026-07-03 14:14:57] local.ERROR: App\Models\Cms\Page::translationForeignKey must return a relationship instance. {"exception":"[object] (LogicException(code: 0): App\\Models\\Cms\\Page::translationForeignKey must return a relationship instance. at D:/caleb/api/safevoice-api/vendor/laravel/framework/src/Illuminate/Database/Eloquent/Concerns/HasAttributes.php:632)
[stacktrace]
#0 D:/caleb/api/safevoice-api/vendor/laravel/framework/src/Illuminate/Database/Eloquent/Concerns/HasAttributes.php(575): Illuminate/Database/Eloquent/Model->getRelationshipFromMethod('translationFore...')
#1 D:/caleb/api/safevoice-api/vendor/laravel/framework/src/Illuminate/Database/Eloquent/Concerns/HasAttributes.php(494): Illuminate/Database/Eloquent/Model->getRelationValue('translationFore...')
#2 D:/caleb/api/safevoice-api/vendor/laravel/framework/src/Illuminate/Database/Eloquent/Model.php(2427): Illuminate/Database/Eloquent/Model->getAttribute('translationFore...')
#3 D:/caleb/api/safevoice-api/app/Traits/Translatable.php(84): Illuminate/Database/Eloquent/Model->__get('translationFore...')
#4 D:/caleb/api/safevoice-api/vendor/laravel/framework/src/Illuminate/Database/Eloquent/Concerns/HasAttributes.php(623): App/Models/Cms/Page->translationForeignKey()
#5 D:/caleb/api/safevoice-api/vendor/laravel/framework/src/Illuminate/Database/Eloquent/Concerns/HasAttributes.php(575): Illuminate/Database/Eloquent/Model->getRelationshipFromMethod('translationFore...')
#6 D:/caleb/api/safevoice-api/vendor/laravel/framework/src/Illuminate/Database/Eloquent/Concerns/HasAttributes.php(494): Illuminate/Database/Eloquent/Model->getRelationValue('translationFore...')
#7 D:/caleb/api/safevoice-api/vendor/laravel/framework/src/Illuminate/Database/Eloquent/Model.php(2455): Illuminate/Database/Eloquent/Model->getAttribute('translationFore...')
#8 D:/caleb/api/safevoice-api/vendor/laravel/framework/src/Illuminate/Database/Eloquent/Model.php(2508): Illuminate/Database/Eloquent/Model->offsetExists('translationFore...')
#9 D:/caleb/api/safevoice-api/app/Traits/Translatable.php(84): Illuminate/Database/Eloquent/Model->__isset('translationFore...')
#10 D:/caleb/api/safevoice-api/app/Traits/Translatable.php(29): App/Models/Cms/Page->translationForeignKey()
#11 D:/caleb/api/safevoice-api/vendor/laravel/framework/src/Illuminate/Database/Eloquent/Concerns/QueriesRelationships.php(1124): App/Models/Cms/Page->translations()
#12 D:/caleb/api/safevoice-api/vendor/laravel/framework/src/Illuminate/Database/Eloquent/Relations/Relation.php(119): Illuminate/Database/Eloquent/Builder->Illuminate/Database/Eloquent/Concerns/{closure}()
#13 D:/caleb/api/safevoice-api/vendor/laravel/framework/src/Illuminate/Database/Eloquent/Concerns/QueriesRelationships.php(1123): Illuminate/Database/Eloquent/Relations/Relation::noConstraints(Object(Closure))
#14 D:/caleb/api/safevoice-api/vendor/laravel/framework/src/Illuminate/Database/Eloquent/Concerns/QueriesRelationships.php(46): Illuminate/Database/Eloquent/Builder->getRelationWithoutConstraints('translations')
#15 D:/caleb/api/safevoice-api/vendor/laravel/framework/src/Illuminate/Database/Eloquent/Concerns/QueriesRelationships.php(205): Illuminate/Database/Eloquent/Builder->has('translations', '>=', 1, 'or', Object(Closure))
#16 D:/caleb/api/safevoice-api/app/Services/Cms/PageService.php(21): Illuminate/Database/Eloquent/Builder->orWhereHas('translations', Object(Closure))
#17 D:/caleb/api/safevoice-api/vendor/laravel/framework/src/Illuminate/Database/Eloquent/Builder.php(355): App/Services/Cms/PageService->App/Services/Cms/{closure}(Object(Illuminate/Database/Eloquent/Builder))
#18 D:/caleb/api/safevoice-api/app/Services/Cms/PageService.php(19): Illuminate/Database/Eloquent/Builder->where(Object(Closure))
#19 D:/caleb/api/safevoice-api/app/Http/Controllers/Api/V1/Cms/PageController.php(31): App/Services/Cms/PageService->publicBySlug('how-it-works')
#20 D:/caleb/api/safevoice-api/vendor/laravel/framework/src/Illuminate/Routing/ControllerDispatcher.php(46): App/Http/Controllers/Api/V1/Cms/PageController->showPublic('how-it-works')
#21 D:/caleb/api/safevoice-api/vendor/laravel/framework/src/Illuminate/Routing/Route.php(265): Illuminate/Routing/ControllerDispatcher->dispatch(Object(Illuminate/Routing/Route), Object(App/Http/Controllers/Api/V1/Cms/PageController), 'showPublic')
#22 D:/caleb/api/safevoice-api/vendor/laravel/framework/src/Illuminate/Routing/Route.php(211): Illuminate/Routing/Route->runController()
#23 D:/caleb/api/safevoice-api/vendor/laravel/framework/src/Illuminate/Routing/Router.php(822): Illuminate/Routing/Route->run()
#24 D:/caleb/api/safevoice-api/vendor/laravel/framework/src/Illuminate/Pipeline/Pipeline.php(180): Illuminate/Routing/Router->Illuminate/Routing/{closure}(Object(Illuminate/Http/Request))
#25 D:/caleb/api/safevoice-api/vendor/laravel/framework/src/Illuminate/Routing/Middleware/SubstituteBindings.php(50): Illuminate/Pipeline/Pipeline->Illuminate/Pipeline/{closure}(Object(Illuminate/Http/Request))
#26 D:/caleb/api/safevoice-api/vendor/laravel/framework/src/Illuminate/Pipeline/Pipeline.php(219): Illuminate/Routing/Middleware/SubstituteBindings->handle(Object(Illuminate/Http/Request), Object(Closure))
#27 D:/caleb/api/safevoice-api/app/Http/Middleware/SetLocale.php(36): Illuminate/Pipeline/Pipeline->Illuminate/Pipeline/{closure}(Object(Illuminate/Http/Request))
#28 D:/caleb/api/safevoice-api/vendor/laravel/framework/src/Illuminate/Pipeline/Pipeline.php(219): App/Http/Middleware/SetLocale->handle(Object(Illuminate/Http/Request), Object(Closure))
#29 D:/caleb/api/safevoice-api/vendor/laravel/framework/src/Illuminate/Pipeline/Pipeline.php(137): Illuminate/Pipeline/Pipeline->Illuminate/Pipeline/{closure}(Object(Illuminate/Http/Request))
#30 D:/caleb/api/safevoice-api/vendor/laravel/framework/src/Illuminate/Routing/Router.php(821): Illuminate/Pipeline/Pipeline->then(Object(Closure))
#31 D:/caleb/api/safevoice-api/vendor/laravel/framework/src/Illuminate/Routing/Router.php(800): Illuminate/Routing/Router->runRouteWithinStack(Object(Illuminate/Routing/Route), Object(Illuminate/Http/Request))
#32 D:/caleb/api/safevoice-api/vendor/laravel/framework/src/Illuminate/Routing/Router.php(764): Illuminate/Routing/Router->runRoute(Object(Illuminate/Http/Request), Object(Illuminate/Routing/Route))
#33 D:/caleb/api/safevoice-api/vendor/laravel/framework/src/Illuminate/Routing/Router.php(753): Illuminate/Routing/Router->dispatchToRoute(Object(Illuminate/Http/Request))
#34 D:/caleb/api/safevoice-api/vendor/laravel/framework/src/Illuminate/Foundation/Http/Kernel.php(200): Illuminate/Routing/Router->dispatch(Object(Illuminate/Http/Request))
#35 D:/caleb/api/safevoice-api/vendor/laravel/framework/src/Illuminate/Pipeline/Pipeline.php(180): Illuminate/Foundation/Http/Kernel->Illuminate/Foundation/Http/{closure}(Object(Illuminate/Http/Request))
#36 D:/caleb/api/safevoice-api/vendor/laravel/framework/src/Illuminate/Foundation/Http/Middleware/TransformsRequest.php(21): Illuminate/Pipeline/Pipeline->Illuminate/Pipeline/{closure}(Object(Illuminate/Http/Request))
#37 D:/caleb/api/safevoice-api/vendor/laravel/framework/src/Illuminate/Foundation/Http/Middleware/ConvertEmptyStringsToNull.php(31): Illuminate/Foundation/Http/Middleware/TransformsRequest->handle(Object(Illuminate/Http/Request), Object(Closure))
#38 D:/caleb/api/safevoice-api/vendor/laravel/framework/src/Illuminate/Pipeline/Pipeline.php(219): Illuminate/Foundation/Http/Middleware/ConvertEmptyStringsToNull->handle(Object(Illuminate/Http/Request), Object(Closure))
#39 D:/caleb/api/safevoice-api/vendor/laravel/framework/src/Illuminate/Foundation/Http/Middleware/TransformsRequest.php(21): Illuminate/Pipeline/Pipeline->Illuminate/Pipeline/{closure}(Object(Illuminate/Http/Request))
#40 D:/caleb/api/safevoice-api/vendor/laravel/framework/src/Illuminate/Foundation/Http/Middleware/TrimStrings.php(51): Illuminate/Foundation/Http/Middleware/TransformsRequest->handle(Object(Illuminate/Http/Request), Object(Closure))
#41 D:/caleb/api/safevoice-api/vendor/laravel/framework/src/Illuminate/Pipeline/Pipeline.php(219): Illuminate/Foundation/Http/Middleware/TrimStrings->handle(Object(Illuminate/Http/Request), Object(Closure))
#42 D:/caleb/api/safevoice-api/vendor/laravel/framework/src/Illuminate/Http/Middleware/ValidatePostSize.php(27): Illuminate/Pipeline/Pipeline->Illuminate/Pipeline/{closure}(Object(Illuminate/Http/Request))
#43 D:/caleb/api/safevoice-api/vendor/laravel/framework/src/Illuminate/Pipeline/Pipeline.php(219): Illuminate/Http/Middleware/ValidatePostSize->handle(Object(Illuminate/Http/Request), Object(Closure))
#44 D:/caleb/api/safevoice-api/vendor/laravel/framework/src/Illuminate/Foundation/Http/Middleware/PreventRequestsDuringMaintenance.php(109): Illuminate/Pipeline/Pipeline->Illuminate/Pipeline/{closure}(Object(Illuminate/Http/Request))
#45 D:/caleb/api/safevoice-api/vendor/laravel/framework/src/Illuminate/Pipeline/Pipeline.php(219): Illuminate/Foundation/Http/Middleware/PreventRequestsDuringMaintenance->handle(Object(Illuminate/Http/Request), Object(Closure))
#46 D:/caleb/api/safevoice-api/vendor/laravel/framework/src/Illuminate/Http/Middleware/HandleCors.php(74): Illuminate/Pipeline/Pipeline->Illuminate/Pipeline/{closure}(Object(Illuminate/Http/Request))
#47 D:/caleb/api/safevoice-api/vendor/laravel/framework/src/Illuminate/Pipeline/Pipeline.php(219): Illuminate/Http/Middleware/HandleCors->handle(Object(Illuminate/Http/Request), Object(Closure))
#48 D:/caleb/api/safevoice-api/vendor/laravel/framework/src/Illuminate/Http/Middleware/TrustProxies.php(58): Illuminate/Pipeline/Pipeline->Illuminate/Pipeline/{closure}(Object(Illuminate/Http/Request))
#49 D:/caleb/api/safevoice-api/vendor/laravel/framework/src/Illuminate/Pipeline/Pipeline.php(219): Illuminate/Http/Middleware/TrustProxies->handle(Object(Illuminate/Http/Request), Object(Closure))
#50 D:/caleb/api/safevoice-api/vendor/laravel/framework/src/Illuminate/Foundation/Http/Middleware/InvokeDeferredCallbacks.php(22): Illuminate/Pipeline/Pipeline->Illuminate/Pipeline/{closure}(Object(Illuminate/Http/Request))
#51 D:/caleb/api/safevoice-api/vendor/laravel/framework/src/Illuminate/Pipeline/Pipeline.php(219): Illuminate/Foundation/Http/Middleware/InvokeDeferredCallbacks->handle(Object(Illuminate/Http/Request), Object(Closure))
#52 D:/caleb/api/safevoice-api/vendor/laravel/framework/src/Illuminate/Http/Middleware/ValidatePathEncoding.php(26): Illuminate/Pipeline/Pipeline->Illuminate/Pipeline/{closure}(Object(Illuminate/Http/Request))
#53 D:/caleb/api/safevoice-api/vendor/laravel/framework/src/Illuminate/Pipeline/Pipeline.php(219): Illuminate/Http/Middleware/ValidatePathEncoding->handle(Object(Illuminate/Http/Request), Object(Closure))
#54 D:/caleb/api/safevoice-api/vendor/laravel/framework/src/Illuminate/Pipeline/Pipeline.php(137): Illuminate/Pipeline/Pipeline->Illuminate/Pipeline/{closure}(Object(Illuminate/Http/Request))
#55 D:/caleb/api/safevoice-api/vendor/laravel/framework/src/Illuminate/Foundation/Http/Kernel.php(175): Illuminate/Pipeline/Pipeline->then(Object(Closure))
#56 D:/caleb/api/safevoice-api/vendor/laravel/framework/src/Illuminate/Foundation/Http/Kernel.php(144): Illuminate/Foundation/Http/Kernel->sendRequestThroughRouter(Object(Illuminate/Http/Request))
#57 D:/caleb/api/safevoice-api/vendor/knuckleswtf/scribe/src/Extracting/Strategies/Responses/ResponseCalls.php(236): Illuminate/Foundation/Http/Kernel->handle(Object(Illuminate/Http/Request))
#58 D:/caleb/api/safevoice-api/vendor/knuckleswtf/scribe/src/Extracting/Strategies/Responses/ResponseCalls.php(229): Knuckles/Scribe/Extracting/Strategies/Responses/ResponseCalls->callLaravelRoute(Object(Illuminate/Http/Request))
#59 D:/caleb/api/safevoice-api/vendor/knuckleswtf/scribe/src/Extracting/Strategies/Responses/ResponseCalls.php(103): Knuckles/Scribe/Extracting/Strategies/Responses/ResponseCalls->makeApiCall(Object(Illuminate/Http/Request), Object(Illuminate/Routing/Route))
#60 D:/caleb/api/safevoice-api/vendor/knuckleswtf/scribe/src/Extracting/Strategies/Responses/ResponseCalls.php(39): Knuckles/Scribe/Extracting/Strategies/Responses/ResponseCalls->makeResponseCall(Object(Knuckles/Camel/Extraction/ExtractedEndpointData), Array)
#61 D:/caleb/api/safevoice-api/vendor/knuckleswtf/scribe/src/Extracting/Extractor.php(471): Knuckles/Scribe/Extracting/Strategies/Responses/ResponseCalls->__invoke(Object(Knuckles/Camel/Extraction/ExtractedEndpointData), Array)
#62 D:/caleb/api/safevoice-api/vendor/knuckleswtf/scribe/src/Extracting/Extractor.php(397): Knuckles/Scribe/Extracting/Extractor->iterateThroughStrategies('responses', Object(Knuckles/Camel/Extraction/ExtractedEndpointData), Array, Object(Closure))
#63 D:/caleb/api/safevoice-api/vendor/knuckleswtf/scribe/src/Extracting/Extractor.php(94): Knuckles/Scribe/Extracting/Extractor->fetchResponses(Object(Knuckles/Camel/Extraction/ExtractedEndpointData), Array)
#64 D:/caleb/api/safevoice-api/vendor/knuckleswtf/scribe/src/GroupedEndpoints/GroupedEndpointsFromApp.php(186): Knuckles/Scribe/Extracting/Extractor->processRoute(Object(Illuminate/Routing/Route), Array)
#65 D:/caleb/api/safevoice-api/vendor/laravel/framework/src/Illuminate/Console/View/Components/Task.php(41): Knuckles/Scribe/GroupedEndpoints/GroupedEndpointsFromApp->Knuckles/Scribe/GroupedEndpoints/{closure}()
#66 D:/caleb/api/safevoice-api/vendor/laravel/framework/src/Illuminate/Console/View/Components/Factory.php(59): Illuminate/Console/View/Components/Task->render('<options=bold>[...', Object(Closure))
#67 D:/caleb/api/safevoice-api/vendor/knuckleswtf/scribe/src/GroupedEndpoints/GroupedEndpointsFromApp.php(183): Illuminate/Console/View/Components/Factory->__call('task', Array)
#68 D:/caleb/api/safevoice-api/vendor/knuckleswtf/scribe/src/GroupedEndpoints/GroupedEndpointsFromApp.php(73): Knuckles/Scribe/GroupedEndpoints/GroupedEndpointsFromApp->extractEndpointsInfoFromLaravelApp(Array, Array, Array)
#69 D:/caleb/api/safevoice-api/vendor/knuckleswtf/scribe/src/GroupedEndpoints/GroupedEndpointsFromApp.php(51): Knuckles/Scribe/GroupedEndpoints/GroupedEndpointsFromApp->extractEndpointsInfoAndWriteToDisk(Object(Knuckles/Scribe/Matching/RouteMatcher), true)
#70 D:/caleb/api/safevoice-api/vendor/knuckleswtf/scribe/src/Commands/GenerateDocumentation.php(55): Knuckles/Scribe/GroupedEndpoints/GroupedEndpointsFromApp->get()
#71 D:/caleb/api/safevoice-api/vendor/laravel/framework/src/Illuminate/Container/BoundMethod.php(36): Knuckles/Scribe/Commands/GenerateDocumentation->handle(Object(Knuckles/Scribe/Matching/RouteMatcher), Object(Knuckles/Scribe/GroupedEndpoints/GroupedEndpointsFactory))
#72 D:/caleb/api/safevoice-api/vendor/laravel/framework/src/Illuminate/Container/Util.php(43): Illuminate/Container/BoundMethod::Illuminate/Container/{closure}()
#73 D:/caleb/api/safevoice-api/vendor/laravel/framework/src/Illuminate/Container/BoundMethod.php(96): Illuminate/Container/Util::unwrapIfClosure(Object(Closure))
#74 D:/caleb/api/safevoice-api/vendor/laravel/framework/src/Illuminate/Container/BoundMethod.php(35): Illuminate/Container/BoundMethod::callBoundMethod(Object(Illuminate/Foundation/Application), Array, Object(Closure))
#75 D:/caleb/api/safevoice-api/vendor/laravel/framework/src/Illuminate/Container/Container.php(799): Illuminate/Container/BoundMethod::call(Object(Illuminate/Foundation/Application), Array, Array, NULL)
#76 D:/caleb/api/safevoice-api/vendor/laravel/framework/src/Illuminate/Console/Command.php(211): Illuminate/Container/Container->call(Array)
#77 D:/caleb/api/safevoice-api/vendor/symfony/console/Command/Command.php(341): Illuminate/Console/Command->execute(Object(Symfony/Component/Console/Input/ArgvInput), Object(Illuminate/Console/OutputStyle))
#78 D:/caleb/api/safevoice-api/vendor/laravel/framework/src/Illuminate/Console/Command.php(180): Symfony/Component/Console/Command/Command->run(Object(Symfony/Component/Console/Input/ArgvInput), Object(Illuminate/Console/OutputStyle))
#79 D:/caleb/api/safevoice-api/vendor/symfony/console/Application.php(1117): Illuminate/Console/Command->run(Object(Symfony/Component/Console/Input/ArgvInput), Object(Symfony/Component/Console/Output/ConsoleOutput))
#80 D:/caleb/api/safevoice-api/vendor/symfony/console/Application.php(356): Symfony/Component/Console/Application->doRunCommand(Object(Knuckles/Scribe/Commands/GenerateDocumentation), Object(Symfony/Component/Console/Input/ArgvInput), Object(Symfony/Component/Console/Output/ConsoleOutput))
#81 D:/caleb/api/safevoice-api/vendor/symfony/console/Application.php(195): Symfony/Component/Console/Application->doRun(Object(Symfony/Component/Console/Input/ArgvInput), Object(Symfony/Component/Console/Output/ConsoleOutput))
#82 D:/caleb/api/safevoice-api/vendor/laravel/framework/src/Illuminate/Foundation/Console/Kernel.php(198): Symfony/Component/Console/Application->run(Object(Symfony/Component/Console/Input/ArgvInput), Object(Symfony/Component/Console/Output/ConsoleOutput))
#83 D:/caleb/api/safevoice-api/vendor/laravel/framework/src/Illuminate/Foundation/Application.php(1235): Illuminate/Foundation/Console/Kernel->handle(Object(Symfony/Component/Console/Input/ArgvInput), Object(Symfony/Component/Console/Output/ConsoleOutput))
#84 D:/caleb/api/safevoice-api/artisan(12): Illuminate/Foundation/Application->handleCommand(Object(Symfony/Component/Console/Input/ArgvInput))
#85 {main}
"} 
[2026-07-03 14:14:57] local.ERROR: SQLSTATE[22P02]: Invalid text representation: 7 ERROR:  invalid input syntax for type uuid: "consequatur"
CONTEXT:  unnamed portal parameter $1 = '...' (Connection: pgsql, Host: 127.0.0.1, Port: 5432, Database: safe_voices, SQL: select * from "reports" where "reports"."id" = consequatur and "reports"."deleted_at" is null limit 1) {"exception":"[object] (Illuminate\\Database\\QueryException(code: 22P02): SQLSTATE[22P02]: Invalid text representation: 7 ERROR:  invalid input syntax for type uuid: \"consequatur\"
CONTEXT:  unnamed portal parameter $1 = '...' (Connection: pgsql, Host: 127.0.0.1, Port: 5432, Database: safe_voices, SQL: select * from \"reports\" where \"reports\".\"id\" = consequatur and \"reports\".\"deleted_at\" is null limit 1) at D:/caleb/api/safevoice-api/vendor/laravel/framework/src/Illuminate/Database/Connection.php:838)
[stacktrace]
#0 D:/caleb/api/safevoice-api/vendor/laravel/framework/src/Illuminate/Database/Connection.php(794): Illuminate/Database/Connection->runQueryCallback('select * from \"...', Array, Object(Closure))
#1 D:/caleb/api/safevoice-api/vendor/laravel/framework/src/Illuminate/Database/Connection.php(411): Illuminate/Database/Connection->run('select * from \"...', Array, Object(Closure))
#2 D:/caleb/api/safevoice-api/vendor/laravel/framework/src/Illuminate/Database/Query/Builder.php(3505): Illuminate/Database/Connection->select('select * from \"...', Array, true)
#3 D:/caleb/api/safevoice-api/vendor/laravel/framework/src/Illuminate/Database/Query/Builder.php(3490): Illuminate/Database/Query/Builder->runSelect()
#4 D:/caleb/api/safevoice-api/vendor/laravel/framework/src/Illuminate/Database/Query/Builder.php(4080): Illuminate/Database/Query/Builder->Illuminate/Database/Query/{closure}()
#5 D:/caleb/api/safevoice-api/vendor/laravel/framework/src/Illuminate/Database/Query/Builder.php(3489): Illuminate/Database/Query/Builder->onceWithColumns(Array, Object(Closure))
#6 D:/caleb/api/safevoice-api/vendor/laravel/framework/src/Illuminate/Database/Eloquent/Builder.php(902): Illuminate/Database/Query/Builder->get(Array)
#7 D:/caleb/api/safevoice-api/vendor/laravel/framework/src/Illuminate/Database/Eloquent/Builder.php(884): Illuminate/Database/Eloquent/Builder->getModels(Array)
#8 D:/caleb/api/safevoice-api/vendor/laravel/framework/src/Illuminate/Database/Concerns/BuildsQueries.php(366): Illuminate/Database/Eloquent/Builder->get(Array)
#9 D:/caleb/api/safevoice-api/vendor/laravel/framework/src/Illuminate/Database/Eloquent/Builder.php(568): Illuminate/Database/Eloquent/Builder->first(Array)
#10 D:/caleb/api/safevoice-api/vendor/laravel/framework/src/Illuminate/Support/Traits/ForwardsCalls.php(23): Illuminate/Database/Eloquent/Builder->find('consequatur')
#11 D:/caleb/api/safevoice-api/vendor/laravel/framework/src/Illuminate/Database/Eloquent/Model.php(2544): Illuminate/Database/Eloquent/Model->forwardCallTo(Object(Illuminate/Database/Eloquent/Builder), 'find', Array)
#12 D:/caleb/api/safevoice-api/vendor/laravel/framework/src/Illuminate/Database/Eloquent/Model.php(2560): Illuminate/Database/Eloquent/Model->__call('find', Array)
#13 D:/caleb/api/safevoice-api/app/Http/Middleware/ResolveDraftReport.php(26): Illuminate/Database/Eloquent/Model::__callStatic('find', Array)
#14 D:/caleb/api/safevoice-api/vendor/laravel/framework/src/Illuminate/Pipeline/Pipeline.php(219): App/Http/Middleware/ResolveDraftReport->handle(Object(Illuminate/Http/Request), Object(Closure))
#15 D:/caleb/api/safevoice-api/vendor/laravel/framework/src/Illuminate/Routing/Middleware/SubstituteBindings.php(50): Illuminate/Pipeline/Pipeline->Illuminate/Pipeline/{closure}(Object(Illuminate/Http/Request))
#16 D:/caleb/api/safevoice-api/vendor/laravel/framework/src/Illuminate/Pipeline/Pipeline.php(219): Illuminate/Routing/Middleware/SubstituteBindings->handle(Object(Illuminate/Http/Request), Object(Closure))
#17 D:/caleb/api/safevoice-api/app/Http/Middleware/SetLocale.php(36): Illuminate/Pipeline/Pipeline->Illuminate/Pipeline/{closure}(Object(Illuminate/Http/Request))
#18 D:/caleb/api/safevoice-api/vendor/laravel/framework/src/Illuminate/Pipeline/Pipeline.php(219): App/Http/Middleware/SetLocale->handle(Object(Illuminate/Http/Request), Object(Closure))
#19 D:/caleb/api/safevoice-api/vendor/laravel/framework/src/Illuminate/Pipeline/Pipeline.php(137): Illuminate/Pipeline/Pipeline->Illuminate/Pipeline/{closure}(Object(Illuminate/Http/Request))
#20 D:/caleb/api/safevoice-api/vendor/laravel/framework/src/Illuminate/Routing/Router.php(821): Illuminate/Pipeline/Pipeline->then(Object(Closure))
#21 D:/caleb/api/safevoice-api/vendor/laravel/framework/src/Illuminate/Routing/Router.php(800): Illuminate/Routing/Router->runRouteWithinStack(Object(Illuminate/Routing/Route), Object(Illuminate/Http/Request))
#22 D:/caleb/api/safevoice-api/vendor/laravel/framework/src/Illuminate/Routing/Router.php(764): Illuminate/Routing/Router->runRoute(Object(Illuminate/Http/Request), Object(Illuminate/Routing/Route))
#23 D:/caleb/api/safevoice-api/vendor/laravel/framework/src/Illuminate/Routing/Router.php(753): Illuminate/Routing/Router->dispatchToRoute(Object(Illuminate/Http/Request))
#24 D:/caleb/api/safevoice-api/vendor/laravel/framework/src/Illuminate/Foundation/Http/Kernel.php(200): Illuminate/Routing/Router->dispatch(Object(Illuminate/Http/Request))
#25 D:/caleb/api/safevoice-api/vendor/laravel/framework/src/Illuminate/Pipeline/Pipeline.php(180): Illuminate/Foundation/Http/Kernel->Illuminate/Foundation/Http/{closure}(Object(Illuminate/Http/Request))
#26 D:/caleb/api/safevoice-api/vendor/laravel/framework/src/Illuminate/Foundation/Http/Middleware/TransformsRequest.php(21): Illuminate/Pipeline/Pipeline->Illuminate/Pipeline/{closure}(Object(Illuminate/Http/Request))
#27 D:/caleb/api/safevoice-api/vendor/laravel/framework/src/Illuminate/Foundation/Http/Middleware/ConvertEmptyStringsToNull.php(31): Illuminate/Foundation/Http/Middleware/TransformsRequest->handle(Object(Illuminate/Http/Request), Object(Closure))
#28 D:/caleb/api/safevoice-api/vendor/laravel/framework/src/Illuminate/Pipeline/Pipeline.php(219): Illuminate/Foundation/Http/Middleware/ConvertEmptyStringsToNull->handle(Object(Illuminate/Http/Request), Object(Closure))
#29 D:/caleb/api/safevoice-api/vendor/laravel/framework/src/Illuminate/Foundation/Http/Middleware/TransformsRequest.php(21): Illuminate/Pipeline/Pipeline->Illuminate/Pipeline/{closure}(Object(Illuminate/Http/Request))
#30 D:/caleb/api/safevoice-api/vendor/laravel/framework/src/Illuminate/Foundation/Http/Middleware/TrimStrings.php(51): Illuminate/Foundation/Http/Middleware/TransformsRequest->handle(Object(Illuminate/Http/Request), Object(Closure))
#31 D:/caleb/api/safevoice-api/vendor/laravel/framework/src/Illuminate/Pipeline/Pipeline.php(219): Illuminate/Foundation/Http/Middleware/TrimStrings->handle(Object(Illuminate/Http/Request), Object(Closure))
#32 D:/caleb/api/safevoice-api/vendor/laravel/framework/src/Illuminate/Http/Middleware/ValidatePostSize.php(27): Illuminate/Pipeline/Pipeline->Illuminate/Pipeline/{closure}(Object(Illuminate/Http/Request))
#33 D:/caleb/api/safevoice-api/vendor/laravel/framework/src/Illuminate/Pipeline/Pipeline.php(219): Illuminate/Http/Middleware/ValidatePostSize->handle(Object(Illuminate/Http/Request), Object(Closure))
#34 D:/caleb/api/safevoice-api/vendor/laravel/framework/src/Illuminate/Foundation/Http/Middleware/PreventRequestsDuringMaintenance.php(109): Illuminate/Pipeline/Pipeline->Illuminate/Pipeline/{closure}(Object(Illuminate/Http/Request))
#35 D:/caleb/api/safevoice-api/vendor/laravel/framework/src/Illuminate/Pipeline/Pipeline.php(219): Illuminate/Foundation/Http/Middleware/PreventRequestsDuringMaintenance->handle(Object(Illuminate/Http/Request), Object(Closure))
#36 D:/caleb/api/safevoice-api/vendor/laravel/framework/src/Illuminate/Http/Middleware/HandleCors.php(74): Illuminate/Pipeline/Pipeline->Illuminate/Pipeline/{closure}(Object(Illuminate/Http/Request))
#37 D:/caleb/api/safevoice-api/vendor/laravel/framework/src/Illuminate/Pipeline/Pipeline.php(219): Illuminate/Http/Middleware/HandleCors->handle(Object(Illuminate/Http/Request), Object(Closure))
#38 D:/caleb/api/safevoice-api/vendor/laravel/framework/src/Illuminate/Http/Middleware/TrustProxies.php(58): Illuminate/Pipeline/Pipeline->Illuminate/Pipeline/{closure}(Object(Illuminate/Http/Request))
#39 D:/caleb/api/safevoice-api/vendor/laravel/framework/src/Illuminate/Pipeline/Pipeline.php(219): Illuminate/Http/Middleware/TrustProxies->handle(Object(Illuminate/Http/Request), Object(Closure))
#40 D:/caleb/api/safevoice-api/vendor/laravel/framework/src/Illuminate/Foundation/Http/Middleware/InvokeDeferredCallbacks.php(22): Illuminate/Pipeline/Pipeline->Illuminate/Pipeline/{closure}(Object(Illuminate/Http/Request))
#41 D:/caleb/api/safevoice-api/vendor/laravel/framework/src/Illuminate/Pipeline/Pipeline.php(219): Illuminate/Foundation/Http/Middleware/InvokeDeferredCallbacks->handle(Object(Illuminate/Http/Request), Object(Closure))
#42 D:/caleb/api/safevoice-api/vendor/laravel/framework/src/Illuminate/Http/Middleware/ValidatePathEncoding.php(26): Illuminate/Pipeline/Pipeline->Illuminate/Pipeline/{closure}(Object(Illuminate/Http/Request))
#43 D:/caleb/api/safevoice-api/vendor/laravel/framework/src/Illuminate/Pipeline/Pipeline.php(219): Illuminate/Http/Middleware/ValidatePathEncoding->handle(Object(Illuminate/Http/Request), Object(Closure))
#44 D:/caleb/api/safevoice-api/vendor/laravel/framework/src/Illuminate/Pipeline/Pipeline.php(137): Illuminate/Pipeline/Pipeline->Illuminate/Pipeline/{closure}(Object(Illuminate/Http/Request))
#45 D:/caleb/api/safevoice-api/vendor/laravel/framework/src/Illuminate/Foundation/Http/Kernel.php(175): Illuminate/Pipeline/Pipeline->then(Object(Closure))
#46 D:/caleb/api/safevoice-api/vendor/laravel/framework/src/Illuminate/Foundation/Http/Kernel.php(144): Illuminate/Foundation/Http/Kernel->sendRequestThroughRouter(Object(Illuminate/Http/Request))
#47 D:/caleb/api/safevoice-api/vendor/knuckleswtf/scribe/src/Extracting/Strategies/Responses/ResponseCalls.php(236): Illuminate/Foundation/Http/Kernel->handle(Object(Illuminate/Http/Request))
#48 D:/caleb/api/safevoice-api/vendor/knuckleswtf/scribe/src/Extracting/Strategies/Responses/ResponseCalls.php(229): Knuckles/Scribe/Extracting/Strategies/Responses/ResponseCalls->callLaravelRoute(Object(Illuminate/Http/Request))
#49 D:/caleb/api/safevoice-api/vendor/knuckleswtf/scribe/src/Extracting/Strategies/Responses/ResponseCalls.php(103): Knuckles/Scribe/Extracting/Strategies/Responses/ResponseCalls->makeApiCall(Object(Illuminate/Http/Request), Object(Illuminate/Routing/Route))
#50 D:/caleb/api/safevoice-api/vendor/knuckleswtf/scribe/src/Extracting/Strategies/Responses/ResponseCalls.php(39): Knuckles/Scribe/Extracting/Strategies/Responses/ResponseCalls->makeResponseCall(Object(Knuckles/Camel/Extraction/ExtractedEndpointData), Array)
#51 D:/caleb/api/safevoice-api/vendor/knuckleswtf/scribe/src/Extracting/Extractor.php(471): Knuckles/Scribe/Extracting/Strategies/Responses/ResponseCalls->__invoke(Object(Knuckles/Camel/Extraction/ExtractedEndpointData), Array)
#52 D:/caleb/api/safevoice-api/vendor/knuckleswtf/scribe/src/Extracting/Extractor.php(397): Knuckles/Scribe/Extracting/Extractor->iterateThroughStrategies('responses', Object(Knuckles/Camel/Extraction/ExtractedEndpointData), Array, Object(Closure))
#53 D:/caleb/api/safevoice-api/vendor/knuckleswtf/scribe/src/Extracting/Extractor.php(94): Knuckles/Scribe/Extracting/Extractor->fetchResponses(Object(Knuckles/Camel/Extraction/ExtractedEndpointData), Array)
#54 D:/caleb/api/safevoice-api/vendor/knuckleswtf/scribe/src/GroupedEndpoints/GroupedEndpointsFromApp.php(186): Knuckles/Scribe/Extracting/Extractor->processRoute(Object(Illuminate/Routing/Route), Array)
#55 D:/caleb/api/safevoice-api/vendor/laravel/framework/src/Illuminate/Console/View/Components/Task.php(41): Knuckles/Scribe/GroupedEndpoints/GroupedEndpointsFromApp->Knuckles/Scribe/GroupedEndpoints/{closure}()
#56 D:/caleb/api/safevoice-api/vendor/laravel/framework/src/Illuminate/Console/View/Components/Factory.php(59): Illuminate/Console/View/Components/Task->render('<options=bold>[...', Object(Closure))
#57 D:/caleb/api/safevoice-api/vendor/knuckleswtf/scribe/src/GroupedEndpoints/GroupedEndpointsFromApp.php(183): Illuminate/Console/View/Components/Factory->__call('task', Array)
#58 D:/caleb/api/safevoice-api/vendor/knuckleswtf/scribe/src/GroupedEndpoints/GroupedEndpointsFromApp.php(73): Knuckles/Scribe/GroupedEndpoints/GroupedEndpointsFromApp->extractEndpointsInfoFromLaravelApp(Array, Array, Array)
#59 D:/caleb/api/safevoice-api/vendor/knuckleswtf/scribe/src/GroupedEndpoints/GroupedEndpointsFromApp.php(51): Knuckles/Scribe/GroupedEndpoints/GroupedEndpointsFromApp->extractEndpointsInfoAndWriteToDisk(Object(Knuckles/Scribe/Matching/RouteMatcher), true)
#60 D:/caleb/api/safevoice-api/vendor/knuckleswtf/scribe/src/Commands/GenerateDocumentation.php(55): Knuckles/Scribe/GroupedEndpoints/GroupedEndpointsFromApp->get()
#61 D:/caleb/api/safevoice-api/vendor/laravel/framework/src/Illuminate/Container/BoundMethod.php(36): Knuckles/Scribe/Commands/GenerateDocumentation->handle(Object(Knuckles/Scribe/Matching/RouteMatcher), Object(Knuckles/Scribe/GroupedEndpoints/GroupedEndpointsFactory))
#62 D:/caleb/api/safevoice-api/vendor/laravel/framework/src/Illuminate/Container/Util.php(43): Illuminate/Container/BoundMethod::Illuminate/Container/{closure}()
#63 D:/caleb/api/safevoice-api/vendor/laravel/framework/src/Illuminate/Container/BoundMethod.php(96): Illuminate/Container/Util::unwrapIfClosure(Object(Closure))
#64 D:/caleb/api/safevoice-api/vendor/laravel/framework/src/Illuminate/Container/BoundMethod.php(35): Illuminate/Container/BoundMethod::callBoundMethod(Object(Illuminate/Foundation/Application), Array, Object(Closure))
#65 D:/caleb/api/safevoice-api/vendor/laravel/framework/src/Illuminate/Container/Container.php(799): Illuminate/Container/BoundMethod::call(Object(Illuminate/Foundation/Application), Array, Array, NULL)
#66 D:/caleb/api/safevoice-api/vendor/laravel/framework/src/Illuminate/Console/Command.php(211): Illuminate/Container/Container->call(Array)
#67 D:/caleb/api/safevoice-api/vendor/symfony/console/Command/Command.php(341): Illuminate/Console/Command->execute(Object(Symfony/Component/Console/Input/ArgvInput), Object(Illuminate/Console/OutputStyle))
#68 D:/caleb/api/safevoice-api/vendor/laravel/framework/src/Illuminate/Console/Command.php(180): Symfony/Component/Console/Command/Command->run(Object(Symfony/Component/Console/Input/ArgvInput), Object(Illuminate/Console/OutputStyle))
#69 D:/caleb/api/safevoice-api/vendor/symfony/console/Application.php(1117): Illuminate/Console/Command->run(Object(Symfony/Component/Console/Input/ArgvInput), Object(Symfony/Component/Console/Output/ConsoleOutput))
#70 D:/caleb/api/safevoice-api/vendor/symfony/console/Application.php(356): Symfony/Component/Console/Application->doRunCommand(Object(Knuckles/Scribe/Commands/GenerateDocumentation), Object(Symfony/Component/Console/Input/ArgvInput), Object(Symfony/Component/Console/Output/ConsoleOutput))
#71 D:/caleb/api/safevoice-api/vendor/symfony/console/Application.php(195): Symfony/Component/Console/Application->doRun(Object(Symfony/Component/Console/Input/ArgvInput), Object(Symfony/Component/Console/Output/ConsoleOutput))
#72 D:/caleb/api/safevoice-api/vendor/laravel/framework/src/Illuminate/Foundation/Console/Kernel.php(198): Symfony/Component/Console/Application->run(Object(Symfony/Component/Console/Input/ArgvInput), Object(Symfony/Component/Console/Output/ConsoleOutput))
#73 D:/caleb/api/safevoice-api/vendor/laravel/framework/src/Illuminate/Foundation/Application.php(1235): Illuminate/Foundation/Console/Kernel->handle(Object(Symfony/Component/Console/Input/ArgvInput), Object(Symfony/Component/Console/Output/ConsoleOutput))
#74 D:/caleb/api/safevoice-api/artisan(12): Illuminate/Foundation/Application->handleCommand(Object(Symfony/Component/Console/Input/ArgvInput))
#75 {main}

[previous exception] [object] (PDOException(code: 22P02): SQLSTATE[22P02]: Invalid text representation: 7 ERROR:  invalid input syntax for type uuid: \"consequatur\"
CONTEXT:  unnamed portal parameter $1 = '...' at D:/caleb/api/safevoice-api/vendor/laravel/framework/src/Illuminate/Database/Connection.php:425)
[stacktrace]
#0 D:/caleb/api/safevoice-api/vendor/laravel/framework/src/Illuminate/Database/Connection.php(425): PDOStatement->execute()
#1 D:/caleb/api/safevoice-api/vendor/laravel/framework/src/Illuminate/Database/Connection.php(827): Illuminate/Database/Connection->Illuminate/Database/{closure}('select * from \"...', Array)
#2 D:/caleb/api/safevoice-api/vendor/laravel/framework/src/Illuminate/Database/Connection.php(794): Illuminate/Database/Connection->runQueryCallback('select * from \"...', Array, Object(Closure))
#3 D:/caleb/api/safevoice-api/vendor/laravel/framework/src/Illuminate/Database/Connection.php(411): Illuminate/Database/Connection->run('select * from \"...', Array, Object(Closure))
#4 D:/caleb/api/safevoice-api/vendor/laravel/framework/src/Illuminate/Database/Query/Builder.php(3505): Illuminate/Database/Connection->select('select * from \"...', Array, true)
#5 D:/caleb/api/safevoice-api/vendor/laravel/framework/src/Illuminate/Database/Query/Builder.php(3490): Illuminate/Database/Query/Builder->runSelect()
#6 D:/caleb/api/safevoice-api/vendor/laravel/framework/src/Illuminate/Database/Query/Builder.php(4080): Illuminate/Database/Query/Builder->Illuminate/Database/Query/{closure}()
#7 D:/caleb/api/safevoice-api/vendor/laravel/framework/src/Illuminate/Database/Query/Builder.php(3489): Illuminate/Database/Query/Builder->onceWithColumns(Array, Object(Closure))
#8 D:/caleb/api/safevoice-api/vendor/laravel/framework/src/Illuminate/Database/Eloquent/Builder.php(902): Illuminate/Database/Query/Builder->get(Array)
#9 D:/caleb/api/safevoice-api/vendor/laravel/framework/src/Illuminate/Database/Eloquent/Builder.php(884): Illuminate/Database/Eloquent/Builder->getModels(Array)
#10 D:/caleb/api/safevoice-api/vendor/laravel/framework/src/Illuminate/Database/Concerns/BuildsQueries.php(366): Illuminate/Database/Eloquent/Builder->get(Array)
#11 D:/caleb/api/safevoice-api/vendor/laravel/framework/src/Illuminate/Database/Eloquent/Builder.php(568): Illuminate/Database/Eloquent/Builder->first(Array)
#12 D:/caleb/api/safevoice-api/vendor/laravel/framework/src/Illuminate/Support/Traits/ForwardsCalls.php(23): Illuminate/Database/Eloquent/Builder->find('consequatur')
#13 D:/caleb/api/safevoice-api/vendor/laravel/framework/src/Illuminate/Database/Eloquent/Model.php(2544): Illuminate/Database/Eloquent/Model->forwardCallTo(Object(Illuminate/Database/Eloquent/Builder), 'find', Array)
#14 D:/caleb/api/safevoice-api/vendor/laravel/framework/src/Illuminate/Database/Eloquent/Model.php(2560): Illuminate/Database/Eloquent/Model->__call('find', Array)
#15 D:/caleb/api/safevoice-api/app/Http/Middleware/ResolveDraftReport.php(26): Illuminate/Database/Eloquent/Model::__callStatic('find', Array)
#16 D:/caleb/api/safevoice-api/vendor/laravel/framework/src/Illuminate/Pipeline/Pipeline.php(219): App/Http/Middleware/ResolveDraftReport->handle(Object(Illuminate/Http/Request), Object(Closure))
#17 D:/caleb/api/safevoice-api/vendor/laravel/framework/src/Illuminate/Routing/Middleware/SubstituteBindings.php(50): Illuminate/Pipeline/Pipeline->Illuminate/Pipeline/{closure}(Object(Illuminate/Http/Request))
#18 D:/caleb/api/safevoice-api/vendor/laravel/framework/src/Illuminate/Pipeline/Pipeline.php(219): Illuminate/Routing/Middleware/SubstituteBindings->handle(Object(Illuminate/Http/Request), Object(Closure))
#19 D:/caleb/api/safevoice-api/app/Http/Middleware/SetLocale.php(36): Illuminate/Pipeline/Pipeline->Illuminate/Pipeline/{closure}(Object(Illuminate/Http/Request))
#20 D:/caleb/api/safevoice-api/vendor/laravel/framework/src/Illuminate/Pipeline/Pipeline.php(219): App/Http/Middleware/SetLocale->handle(Object(Illuminate/Http/Request), Object(Closure))
#21 D:/caleb/api/safevoice-api/vendor/laravel/framework/src/Illuminate/Pipeline/Pipeline.php(137): Illuminate/Pipeline/Pipeline->Illuminate/Pipeline/{closure}(Object(Illuminate/Http/Request))
#22 D:/caleb/api/safevoice-api/vendor/laravel/framework/src/Illuminate/Routing/Router.php(821): Illuminate/Pipeline/Pipeline->then(Object(Closure))
#23 D:/caleb/api/safevoice-api/vendor/laravel/framework/src/Illuminate/Routing/Router.php(800): Illuminate/Routing/Router->runRouteWithinStack(Object(Illuminate/Routing/Route), Object(Illuminate/Http/Request))
#24 D:/caleb/api/safevoice-api/vendor/laravel/framework/src/Illuminate/Routing/Router.php(764): Illuminate/Routing/Router->runRoute(Object(Illuminate/Http/Request), Object(Illuminate/Routing/Route))
#25 D:/caleb/api/safevoice-api/vendor/laravel/framework/src/Illuminate/Routing/Router.php(753): Illuminate/Routing/Router->dispatchToRoute(Object(Illuminate/Http/Request))
#26 D:/caleb/api/safevoice-api/vendor/laravel/framework/src/Illuminate/Foundation/Http/Kernel.php(200): Illuminate/Routing/Router->dispatch(Object(Illuminate/Http/Request))
#27 D:/caleb/api/safevoice-api/vendor/laravel/framework/src/Illuminate/Pipeline/Pipeline.php(180): Illuminate/Foundation/Http/Kernel->Illuminate/Foundation/Http/{closure}(Object(Illuminate/Http/Request))
#28 D:/caleb/api/safevoice-api/vendor/laravel/framework/src/Illuminate/Foundation/Http/Middleware/TransformsRequest.php(21): Illuminate/Pipeline/Pipeline->Illuminate/Pipeline/{closure}(Object(Illuminate/Http/Request))
#29 D:/caleb/api/safevoice-api/vendor/laravel/framework/src/Illuminate/Foundation/Http/Middleware/ConvertEmptyStringsToNull.php(31): Illuminate/Foundation/Http/Middleware/TransformsRequest->handle(Object(Illuminate/Http/Request), Object(Closure))
#30 D:/caleb/api/safevoice-api/vendor/laravel/framework/src/Illuminate/Pipeline/Pipeline.php(219): Illuminate/Foundation/Http/Middleware/ConvertEmptyStringsToNull->handle(Object(Illuminate/Http/Request), Object(Closure))
#31 D:/caleb/api/safevoice-api/vendor/laravel/framework/src/Illuminate/Foundation/Http/Middleware/TransformsRequest.php(21): Illuminate/Pipeline/Pipeline->Illuminate/Pipeline/{closure}(Object(Illuminate/Http/Request))
#32 D:/caleb/api/safevoice-api/vendor/laravel/framework/src/Illuminate/Foundation/Http/Middleware/TrimStrings.php(51): Illuminate/Foundation/Http/Middleware/TransformsRequest->handle(Object(Illuminate/Http/Request), Object(Closure))
#33 D:/caleb/api/safevoice-api/vendor/laravel/framework/src/Illuminate/Pipeline/Pipeline.php(219): Illuminate/Foundation/Http/Middleware/TrimStrings->handle(Object(Illuminate/Http/Request), Object(Closure))
#34 D:/caleb/api/safevoice-api/vendor/laravel/framework/src/Illuminate/Http/Middleware/ValidatePostSize.php(27): Illuminate/Pipeline/Pipeline->Illuminate/Pipeline/{closure}(Object(Illuminate/Http/Request))
#35 D:/caleb/api/safevoice-api/vendor/laravel/framework/src/Illuminate/Pipeline/Pipeline.php(219): Illuminate/Http/Middleware/ValidatePostSize->handle(Object(Illuminate/Http/Request), Object(Closure))
#36 D:/caleb/api/safevoice-api/vendor/laravel/framework/src/Illuminate/Foundation/Http/Middleware/PreventRequestsDuringMaintenance.php(109): Illuminate/Pipeline/Pipeline->Illuminate/Pipeline/{closure}(Object(Illuminate/Http/Request))
#37 D:/caleb/api/safevoice-api/vendor/laravel/framework/src/Illuminate/Pipeline/Pipeline.php(219): Illuminate/Foundation/Http/Middleware/PreventRequestsDuringMaintenance->handle(Object(Illuminate/Http/Request), Object(Closure))
#38 D:/caleb/api/safevoice-api/vendor/laravel/framework/src/Illuminate/Http/Middleware/HandleCors.php(74): Illuminate/Pipeline/Pipeline->Illuminate/Pipeline/{closure}(Object(Illuminate/Http/Request))
#39 D:/caleb/api/safevoice-api/vendor/laravel/framework/src/Illuminate/Pipeline/Pipeline.php(219): Illuminate/Http/Middleware/HandleCors->handle(Object(Illuminate/Http/Request), Object(Closure))
#40 D:/caleb/api/safevoice-api/vendor/laravel/framework/src/Illuminate/Http/Middleware/TrustProxies.php(58): Illuminate/Pipeline/Pipeline->Illuminate/Pipeline/{closure}(Object(Illuminate/Http/Request))
#41 D:/caleb/api/safevoice-api/vendor/laravel/framework/src/Illuminate/Pipeline/Pipeline.php(219): Illuminate/Http/Middleware/TrustProxies->handle(Object(Illuminate/Http/Request), Object(Closure))
#42 D:/caleb/api/safevoice-api/vendor/laravel/framework/src/Illuminate/Foundation/Http/Middleware/InvokeDeferredCallbacks.php(22): Illuminate/Pipeline/Pipeline->Illuminate/Pipeline/{closure}(Object(Illuminate/Http/Request))
#43 D:/caleb/api/safevoice-api/vendor/laravel/framework/src/Illuminate/Pipeline/Pipeline.php(219): Illuminate/Foundation/Http/Middleware/InvokeDeferredCallbacks->handle(Object(Illuminate/Http/Request), Object(Closure))
#44 D:/caleb/api/safevoice-api/vendor/laravel/framework/src/Illuminate/Http/Middleware/ValidatePathEncoding.php(26): Illuminate/Pipeline/Pipeline->Illuminate/Pipeline/{closure}(Object(Illuminate/Http/Request))
#45 D:/caleb/api/safevoice-api/vendor/laravel/framework/src/Illuminate/Pipeline/Pipeline.php(219): Illuminate/Http/Middleware/ValidatePathEncoding->handle(Object(Illuminate/Http/Request), Object(Closure))
#46 D:/caleb/api/safevoice-api/vendor/laravel/framework/src/Illuminate/Pipeline/Pipeline.php(137): Illuminate/Pipeline/Pipeline->Illuminate/Pipeline/{closure}(Object(Illuminate/Http/Request))
#47 D:/caleb/api/safevoice-api/vendor/laravel/framework/src/Illuminate/Foundation/Http/Kernel.php(175): Illuminate/Pipeline/Pipeline->then(Object(Closure))
#48 D:/caleb/api/safevoice-api/vendor/laravel/framework/src/Illuminate/Foundation/Http/Kernel.php(144): Illuminate/Foundation/Http/Kernel->sendRequestThroughRouter(Object(Illuminate/Http/Request))
#49 D:/caleb/api/safevoice-api/vendor/knuckleswtf/scribe/src/Extracting/Strategies/Responses/ResponseCalls.php(236): Illuminate/Foundation/Http/Kernel->handle(Object(Illuminate/Http/Request))
#50 D:/caleb/api/safevoice-api/vendor/knuckleswtf/scribe/src/Extracting/Strategies/Responses/ResponseCalls.php(229): Knuckles/Scribe/Extracting/Strategies/Responses/ResponseCalls->callLaravelRoute(Object(Illuminate/Http/Request))
#51 D:/caleb/api/safevoice-api/vendor/knuckleswtf/scribe/src/Extracting/Strategies/Responses/ResponseCalls.php(103): Knuckles/Scribe/Extracting/Strategies/Responses/ResponseCalls->makeApiCall(Object(Illuminate/Http/Request), Object(Illuminate/Routing/Route))
#52 D:/caleb/api/safevoice-api/vendor/knuckleswtf/scribe/src/Extracting/Strategies/Responses/ResponseCalls.php(39): Knuckles/Scribe/Extracting/Strategies/Responses/ResponseCalls->makeResponseCall(Object(Knuckles/Camel/Extraction/ExtractedEndpointData), Array)
#53 D:/caleb/api/safevoice-api/vendor/knuckleswtf/scribe/src/Extracting/Extractor.php(471): Knuckles/Scribe/Extracting/Strategies/Responses/ResponseCalls->__invoke(Object(Knuckles/Camel/Extraction/ExtractedEndpointData), Array)
#54 D:/caleb/api/safevoice-api/vendor/knuckleswtf/scribe/src/Extracting/Extractor.php(397): Knuckles/Scribe/Extracting/Extractor->iterateThroughStrategies('responses', Object(Knuckles/Camel/Extraction/ExtractedEndpointData), Array, Object(Closure))
#55 D:/caleb/api/safevoice-api/vendor/knuckleswtf/scribe/src/Extracting/Extractor.php(94): Knuckles/Scribe/Extracting/Extractor->fetchResponses(Object(Knuckles/Camel/Extraction/ExtractedEndpointData), Array)
#56 D:/caleb/api/safevoice-api/vendor/knuckleswtf/scribe/src/GroupedEndpoints/GroupedEndpointsFromApp.php(186): Knuckles/Scribe/Extracting/Extractor->processRoute(Object(Illuminate/Routing/Route), Array)
#57 D:/caleb/api/safevoice-api/vendor/laravel/framework/src/Illuminate/Console/View/Components/Task.php(41): Knuckles/Scribe/GroupedEndpoints/GroupedEndpointsFromApp->Knuckles/Scribe/GroupedEndpoints/{closure}()
#58 D:/caleb/api/safevoice-api/vendor/laravel/framework/src/Illuminate/Console/View/Components/Factory.php(59): Illuminate/Console/View/Components/Task->render('<options=bold>[...', Object(Closure))
#59 D:/caleb/api/safevoice-api/vendor/knuckleswtf/scribe/src/GroupedEndpoints/GroupedEndpointsFromApp.php(183): Illuminate/Console/View/Components/Factory->__call('task', Array)
#60 D:/caleb/api/safevoice-api/vendor/knuckleswtf/scribe/src/GroupedEndpoints/GroupedEndpointsFromApp.php(73): Knuckles/Scribe/GroupedEndpoints/GroupedEndpointsFromApp->extractEndpointsInfoFromLaravelApp(Array, Array, Array)
#61 D:/caleb/api/safevoice-api/vendor/knuckleswtf/scribe/src/GroupedEndpoints/GroupedEndpointsFromApp.php(51): Knuckles/Scribe/GroupedEndpoints/GroupedEndpointsFromApp->extractEndpointsInfoAndWriteToDisk(Object(Knuckles/Scribe/Matching/RouteMatcher), true)
#62 D:/caleb/api/safevoice-api/vendor/knuckleswtf/scribe/src/Commands/GenerateDocumentation.php(55): Knuckles/Scribe/GroupedEndpoints/GroupedEndpointsFromApp->get()
#63 D:/caleb/api/safevoice-api/vendor/laravel/framework/src/Illuminate/Container/BoundMethod.php(36): Knuckles/Scribe/Commands/GenerateDocumentation->handle(Object(Knuckles/Scribe/Matching/RouteMatcher), Object(Knuckles/Scribe/GroupedEndpoints/GroupedEndpointsFactory))
#64 D:/caleb/api/safevoice-api/vendor/laravel/framework/src/Illuminate/Container/Util.php(43): Illuminate/Container/BoundMethod::Illuminate/Container/{closure}()
#65 D:/caleb/api/safevoice-api/vendor/laravel/framework/src/Illuminate/Container/BoundMethod.php(96): Illuminate/Container/Util::unwrapIfClosure(Object(Closure))
#66 D:/caleb/api/safevoice-api/vendor/laravel/framework/src/Illuminate/Container/BoundMethod.php(35): Illuminate/Container/BoundMethod::callBoundMethod(Object(Illuminate/Foundation/Application), Array, Object(Closure))
#67 D:/caleb/api/safevoice-api/vendor/laravel/framework/src/Illuminate/Container/Container.php(799): Illuminate/Container/BoundMethod::call(Object(Illuminate/Foundation/Application), Array, Array, NULL)
#68 D:/caleb/api/safevoice-api/vendor/laravel/framework/src/Illuminate/Console/Command.php(211): Illuminate/Container/Container->call(Array)
#69 D:/caleb/api/safevoice-api/vendor/symfony/console/Command/Command.php(341): Illuminate/Console/Command->execute(Object(Symfony/Component/Console/Input/ArgvInput), Object(Illuminate/Console/OutputStyle))
#70 D:/caleb/api/safevoice-api/vendor/laravel/framework/src/Illuminate/Console/Command.php(180): Symfony/Component/Console/Command/Command->run(Object(Symfony/Component/Console/Input/ArgvInput), Object(Illuminate/Console/OutputStyle))
#71 D:/caleb/api/safevoice-api/vendor/symfony/console/Application.php(1117): Illuminate/Console/Command->run(Object(Symfony/Component/Console/Input/ArgvInput), Object(Symfony/Component/Console/Output/ConsoleOutput))
#72 D:/caleb/api/safevoice-api/vendor/symfony/console/Application.php(356): Symfony/Component/Console/Application->doRunCommand(Object(Knuckles/Scribe/Commands/GenerateDocumentation), Object(Symfony/Component/Console/Input/ArgvInput), Object(Symfony/Component/Console/Output/ConsoleOutput))
#73 D:/caleb/api/safevoice-api/vendor/symfony/console/Application.php(195): Symfony/Component/Console/Application->doRun(Object(Symfony/Component/Console/Input/ArgvInput), Object(Symfony/Component/Console/Output/ConsoleOutput))
#74 D:/caleb/api/safevoice-api/vendor/laravel/framework/src/Illuminate/Foundation/Console/Kernel.php(198): Symfony/Component/Console/Application->run(Object(Symfony/Component/Console/Input/ArgvInput), Object(Symfony/Component/Console/Output/ConsoleOutput))
#75 D:/caleb/api/safevoice-api/vendor/laravel/framework/src/Illuminate/Foundation/Application.php(1235): Illuminate/Foundation/Console/Kernel->handle(Object(Symfony/Component/Console/Input/ArgvInput), Object(Symfony/Component/Console/Output/ConsoleOutput))
#76 D:/caleb/api/safevoice-api/artisan(12): Illuminate/Foundation/Application->handleCommand(Object(Symfony/Component/Console/Input/ArgvInput))
#77 {main}
"} 
[2026-07-03 14:14:57] local.ERROR: SQLSTATE[22P02]: Invalid text representation: 7 ERROR:  invalid input syntax for type uuid: "consequatur"
CONTEXT:  unnamed portal parameter $1 = '...' (Connection: pgsql, Host: 127.0.0.1, Port: 5432, Database: safe_voices, SQL: select * from "reports" where "reports"."id" = consequatur and "reports"."deleted_at" is null limit 1) {"exception":"[object] (Illuminate\\Database\\QueryException(code: 22P02): SQLSTATE[22P02]: Invalid text representation: 7 ERROR:  invalid input syntax for type uuid: \"consequatur\"
CONTEXT:  unnamed portal parameter $1 = '...' (Connection: pgsql, Host: 127.0.0.1, Port: 5432, Database: safe_voices, SQL: select * from \"reports\" where \"reports\".\"id\" = consequatur and \"reports\".\"deleted_at\" is null limit 1) at D:/caleb/api/safevoice-api/vendor/laravel/framework/src/Illuminate/Database/Connection.php:838)
[stacktrace]
#0 D:/caleb/api/safevoice-api/vendor/laravel/framework/src/Illuminate/Database/Connection.php(794): Illuminate/Database/Connection->runQueryCallback('select * from \"...', Array, Object(Closure))
#1 D:/caleb/api/safevoice-api/vendor/laravel/framework/src/Illuminate/Database/Connection.php(411): Illuminate/Database/Connection->run('select * from \"...', Array, Object(Closure))
#2 D:/caleb/api/safevoice-api/vendor/laravel/framework/src/Illuminate/Database/Query/Builder.php(3505): Illuminate/Database/Connection->select('select * from \"...', Array, true)
#3 D:/caleb/api/safevoice-api/vendor/laravel/framework/src/Illuminate/Database/Query/Builder.php(3490): Illuminate/Database/Query/Builder->runSelect()
#4 D:/caleb/api/safevoice-api/vendor/laravel/framework/src/Illuminate/Database/Query/Builder.php(4080): Illuminate/Database/Query/Builder->Illuminate/Database/Query/{closure}()
#5 D:/caleb/api/safevoice-api/vendor/laravel/framework/src/Illuminate/Database/Query/Builder.php(3489): Illuminate/Database/Query/Builder->onceWithColumns(Array, Object(Closure))
#6 D:/caleb/api/safevoice-api/vendor/laravel/framework/src/Illuminate/Database/Eloquent/Builder.php(902): Illuminate/Database/Query/Builder->get(Array)
#7 D:/caleb/api/safevoice-api/vendor/laravel/framework/src/Illuminate/Database/Eloquent/Builder.php(884): Illuminate/Database/Eloquent/Builder->getModels(Array)
#8 D:/caleb/api/safevoice-api/vendor/laravel/framework/src/Illuminate/Database/Concerns/BuildsQueries.php(366): Illuminate/Database/Eloquent/Builder->get(Array)
#9 D:/caleb/api/safevoice-api/vendor/laravel/framework/src/Illuminate/Database/Eloquent/Builder.php(568): Illuminate/Database/Eloquent/Builder->first(Array)
#10 D:/caleb/api/safevoice-api/vendor/laravel/framework/src/Illuminate/Support/Traits/ForwardsCalls.php(23): Illuminate/Database/Eloquent/Builder->find('consequatur')
#11 D:/caleb/api/safevoice-api/vendor/laravel/framework/src/Illuminate/Database/Eloquent/Model.php(2544): Illuminate/Database/Eloquent/Model->forwardCallTo(Object(Illuminate/Database/Eloquent/Builder), 'find', Array)
#12 D:/caleb/api/safevoice-api/vendor/laravel/framework/src/Illuminate/Database/Eloquent/Model.php(2560): Illuminate/Database/Eloquent/Model->__call('find', Array)
#13 D:/caleb/api/safevoice-api/app/Http/Middleware/ResolveDraftReport.php(26): Illuminate/Database/Eloquent/Model::__callStatic('find', Array)
#14 D:/caleb/api/safevoice-api/vendor/laravel/framework/src/Illuminate/Pipeline/Pipeline.php(219): App/Http/Middleware/ResolveDraftReport->handle(Object(Illuminate/Http/Request), Object(Closure))
#15 D:/caleb/api/safevoice-api/vendor/laravel/framework/src/Illuminate/Routing/Middleware/SubstituteBindings.php(50): Illuminate/Pipeline/Pipeline->Illuminate/Pipeline/{closure}(Object(Illuminate/Http/Request))
#16 D:/caleb/api/safevoice-api/vendor/laravel/framework/src/Illuminate/Pipeline/Pipeline.php(219): Illuminate/Routing/Middleware/SubstituteBindings->handle(Object(Illuminate/Http/Request), Object(Closure))
#17 D:/caleb/api/safevoice-api/app/Http/Middleware/SetLocale.php(36): Illuminate/Pipeline/Pipeline->Illuminate/Pipeline/{closure}(Object(Illuminate/Http/Request))
#18 D:/caleb/api/safevoice-api/vendor/laravel/framework/src/Illuminate/Pipeline/Pipeline.php(219): App/Http/Middleware/SetLocale->handle(Object(Illuminate/Http/Request), Object(Closure))
#19 D:/caleb/api/safevoice-api/vendor/laravel/framework/src/Illuminate/Pipeline/Pipeline.php(137): Illuminate/Pipeline/Pipeline->Illuminate/Pipeline/{closure}(Object(Illuminate/Http/Request))
#20 D:/caleb/api/safevoice-api/vendor/laravel/framework/src/Illuminate/Routing/Router.php(821): Illuminate/Pipeline/Pipeline->then(Object(Closure))
#21 D:/caleb/api/safevoice-api/vendor/laravel/framework/src/Illuminate/Routing/Router.php(800): Illuminate/Routing/Router->runRouteWithinStack(Object(Illuminate/Routing/Route), Object(Illuminate/Http/Request))
#22 D:/caleb/api/safevoice-api/vendor/laravel/framework/src/Illuminate/Routing/Router.php(764): Illuminate/Routing/Router->runRoute(Object(Illuminate/Http/Request), Object(Illuminate/Routing/Route))
#23 D:/caleb/api/safevoice-api/vendor/laravel/framework/src/Illuminate/Routing/Router.php(753): Illuminate/Routing/Router->dispatchToRoute(Object(Illuminate/Http/Request))
#24 D:/caleb/api/safevoice-api/vendor/laravel/framework/src/Illuminate/Foundation/Http/Kernel.php(200): Illuminate/Routing/Router->dispatch(Object(Illuminate/Http/Request))
#25 D:/caleb/api/safevoice-api/vendor/laravel/framework/src/Illuminate/Pipeline/Pipeline.php(180): Illuminate/Foundation/Http/Kernel->Illuminate/Foundation/Http/{closure}(Object(Illuminate/Http/Request))
#26 D:/caleb/api/safevoice-api/vendor/laravel/framework/src/Illuminate/Foundation/Http/Middleware/TransformsRequest.php(21): Illuminate/Pipeline/Pipeline->Illuminate/Pipeline/{closure}(Object(Illuminate/Http/Request))
#27 D:/caleb/api/safevoice-api/vendor/laravel/framework/src/Illuminate/Foundation/Http/Middleware/ConvertEmptyStringsToNull.php(31): Illuminate/Foundation/Http/Middleware/TransformsRequest->handle(Object(Illuminate/Http/Request), Object(Closure))
#28 D:/caleb/api/safevoice-api/vendor/laravel/framework/src/Illuminate/Pipeline/Pipeline.php(219): Illuminate/Foundation/Http/Middleware/ConvertEmptyStringsToNull->handle(Object(Illuminate/Http/Request), Object(Closure))
#29 D:/caleb/api/safevoice-api/vendor/laravel/framework/src/Illuminate/Foundation/Http/Middleware/TransformsRequest.php(21): Illuminate/Pipeline/Pipeline->Illuminate/Pipeline/{closure}(Object(Illuminate/Http/Request))
#30 D:/caleb/api/safevoice-api/vendor/laravel/framework/src/Illuminate/Foundation/Http/Middleware/TrimStrings.php(51): Illuminate/Foundation/Http/Middleware/TransformsRequest->handle(Object(Illuminate/Http/Request), Object(Closure))
#31 D:/caleb/api/safevoice-api/vendor/laravel/framework/src/Illuminate/Pipeline/Pipeline.php(219): Illuminate/Foundation/Http/Middleware/TrimStrings->handle(Object(Illuminate/Http/Request), Object(Closure))
#32 D:/caleb/api/safevoice-api/vendor/laravel/framework/src/Illuminate/Http/Middleware/ValidatePostSize.php(27): Illuminate/Pipeline/Pipeline->Illuminate/Pipeline/{closure}(Object(Illuminate/Http/Request))
#33 D:/caleb/api/safevoice-api/vendor/laravel/framework/src/Illuminate/Pipeline/Pipeline.php(219): Illuminate/Http/Middleware/ValidatePostSize->handle(Object(Illuminate/Http/Request), Object(Closure))
#34 D:/caleb/api/safevoice-api/vendor/laravel/framework/src/Illuminate/Foundation/Http/Middleware/PreventRequestsDuringMaintenance.php(109): Illuminate/Pipeline/Pipeline->Illuminate/Pipeline/{closure}(Object(Illuminate/Http/Request))
#35 D:/caleb/api/safevoice-api/vendor/laravel/framework/src/Illuminate/Pipeline/Pipeline.php(219): Illuminate/Foundation/Http/Middleware/PreventRequestsDuringMaintenance->handle(Object(Illuminate/Http/Request), Object(Closure))
#36 D:/caleb/api/safevoice-api/vendor/laravel/framework/src/Illuminate/Http/Middleware/HandleCors.php(74): Illuminate/Pipeline/Pipeline->Illuminate/Pipeline/{closure}(Object(Illuminate/Http/Request))
#37 D:/caleb/api/safevoice-api/vendor/laravel/framework/src/Illuminate/Pipeline/Pipeline.php(219): Illuminate/Http/Middleware/HandleCors->handle(Object(Illuminate/Http/Request), Object(Closure))
#38 D:/caleb/api/safevoice-api/vendor/laravel/framework/src/Illuminate/Http/Middleware/TrustProxies.php(58): Illuminate/Pipeline/Pipeline->Illuminate/Pipeline/{closure}(Object(Illuminate/Http/Request))
#39 D:/caleb/api/safevoice-api/vendor/laravel/framework/src/Illuminate/Pipeline/Pipeline.php(219): Illuminate/Http/Middleware/TrustProxies->handle(Object(Illuminate/Http/Request), Object(Closure))
#40 D:/caleb/api/safevoice-api/vendor/laravel/framework/src/Illuminate/Foundation/Http/Middleware/InvokeDeferredCallbacks.php(22): Illuminate/Pipeline/Pipeline->Illuminate/Pipeline/{closure}(Object(Illuminate/Http/Request))
#41 D:/caleb/api/safevoice-api/vendor/laravel/framework/src/Illuminate/Pipeline/Pipeline.php(219): Illuminate/Foundation/Http/Middleware/InvokeDeferredCallbacks->handle(Object(Illuminate/Http/Request), Object(Closure))
#42 D:/caleb/api/safevoice-api/vendor/laravel/framework/src/Illuminate/Http/Middleware/ValidatePathEncoding.php(26): Illuminate/Pipeline/Pipeline->Illuminate/Pipeline/{closure}(Object(Illuminate/Http/Request))
#43 D:/caleb/api/safevoice-api/vendor/laravel/framework/src/Illuminate/Pipeline/Pipeline.php(219): Illuminate/Http/Middleware/ValidatePathEncoding->handle(Object(Illuminate/Http/Request), Object(Closure))
#44 D:/caleb/api/safevoice-api/vendor/laravel/framework/src/Illuminate/Pipeline/Pipeline.php(137): Illuminate/Pipeline/Pipeline->Illuminate/Pipeline/{closure}(Object(Illuminate/Http/Request))
#45 D:/caleb/api/safevoice-api/vendor/laravel/framework/src/Illuminate/Foundation/Http/Kernel.php(175): Illuminate/Pipeline/Pipeline->then(Object(Closure))
#46 D:/caleb/api/safevoice-api/vendor/laravel/framework/src/Illuminate/Foundation/Http/Kernel.php(144): Illuminate/Foundation/Http/Kernel->sendRequestThroughRouter(Object(Illuminate/Http/Request))
#47 D:/caleb/api/safevoice-api/vendor/knuckleswtf/scribe/src/Extracting/Strategies/Responses/ResponseCalls.php(236): Illuminate/Foundation/Http/Kernel->handle(Object(Illuminate/Http/Request))
#48 D:/caleb/api/safevoice-api/vendor/knuckleswtf/scribe/src/Extracting/Strategies/Responses/ResponseCalls.php(229): Knuckles/Scribe/Extracting/Strategies/Responses/ResponseCalls->callLaravelRoute(Object(Illuminate/Http/Request))
#49 D:/caleb/api/safevoice-api/vendor/knuckleswtf/scribe/src/Extracting/Strategies/Responses/ResponseCalls.php(103): Knuckles/Scribe/Extracting/Strategies/Responses/ResponseCalls->makeApiCall(Object(Illuminate/Http/Request), Object(Illuminate/Routing/Route))
#50 D:/caleb/api/safevoice-api/vendor/knuckleswtf/scribe/src/Extracting/Strategies/Responses/ResponseCalls.php(39): Knuckles/Scribe/Extracting/Strategies/Responses/ResponseCalls->makeResponseCall(Object(Knuckles/Camel/Extraction/ExtractedEndpointData), Array)
#51 D:/caleb/api/safevoice-api/vendor/knuckleswtf/scribe/src/Extracting/Extractor.php(471): Knuckles/Scribe/Extracting/Strategies/Responses/ResponseCalls->__invoke(Object(Knuckles/Camel/Extraction/ExtractedEndpointData), Array)
#52 D:/caleb/api/safevoice-api/vendor/knuckleswtf/scribe/src/Extracting/Extractor.php(397): Knuckles/Scribe/Extracting/Extractor->iterateThroughStrategies('responses', Object(Knuckles/Camel/Extraction/ExtractedEndpointData), Array, Object(Closure))
#53 D:/caleb/api/safevoice-api/vendor/knuckleswtf/scribe/src/Extracting/Extractor.php(94): Knuckles/Scribe/Extracting/Extractor->fetchResponses(Object(Knuckles/Camel/Extraction/ExtractedEndpointData), Array)
#54 D:/caleb/api/safevoice-api/vendor/knuckleswtf/scribe/src/GroupedEndpoints/GroupedEndpointsFromApp.php(186): Knuckles/Scribe/Extracting/Extractor->processRoute(Object(Illuminate/Routing/Route), Array)
#55 D:/caleb/api/safevoice-api/vendor/laravel/framework/src/Illuminate/Console/View/Components/Task.php(41): Knuckles/Scribe/GroupedEndpoints/GroupedEndpointsFromApp->Knuckles/Scribe/GroupedEndpoints/{closure}()
#56 D:/caleb/api/safevoice-api/vendor/laravel/framework/src/Illuminate/Console/View/Components/Factory.php(59): Illuminate/Console/View/Components/Task->render('<options=bold>[...', Object(Closure))
#57 D:/caleb/api/safevoice-api/vendor/knuckleswtf/scribe/src/GroupedEndpoints/GroupedEndpointsFromApp.php(183): Illuminate/Console/View/Components/Factory->__call('task', Array)
#58 D:/caleb/api/safevoice-api/vendor/knuckleswtf/scribe/src/GroupedEndpoints/GroupedEndpointsFromApp.php(73): Knuckles/Scribe/GroupedEndpoints/GroupedEndpointsFromApp->extractEndpointsInfoFromLaravelApp(Array, Array, Array)
#59 D:/caleb/api/safevoice-api/vendor/knuckleswtf/scribe/src/GroupedEndpoints/GroupedEndpointsFromApp.php(51): Knuckles/Scribe/GroupedEndpoints/GroupedEndpointsFromApp->extractEndpointsInfoAndWriteToDisk(Object(Knuckles/Scribe/Matching/RouteMatcher), true)
#60 D:/caleb/api/safevoice-api/vendor/knuckleswtf/scribe/src/Commands/GenerateDocumentation.php(55): Knuckles/Scribe/GroupedEndpoints/GroupedEndpointsFromApp->get()
#61 D:/caleb/api/safevoice-api/vendor/laravel/framework/src/Illuminate/Container/BoundMethod.php(36): Knuckles/Scribe/Commands/GenerateDocumentation->handle(Object(Knuckles/Scribe/Matching/RouteMatcher), Object(Knuckles/Scribe/GroupedEndpoints/GroupedEndpointsFactory))
#62 D:/caleb/api/safevoice-api/vendor/laravel/framework/src/Illuminate/Container/Util.php(43): Illuminate/Container/BoundMethod::Illuminate/Container/{closure}()
#63 D:/caleb/api/safevoice-api/vendor/laravel/framework/src/Illuminate/Container/BoundMethod.php(96): Illuminate/Container/Util::unwrapIfClosure(Object(Closure))
#64 D:/caleb/api/safevoice-api/vendor/laravel/framework/src/Illuminate/Container/BoundMethod.php(35): Illuminate/Container/BoundMethod::callBoundMethod(Object(Illuminate/Foundation/Application), Array, Object(Closure))
#65 D:/caleb/api/safevoice-api/vendor/laravel/framework/src/Illuminate/Container/Container.php(799): Illuminate/Container/BoundMethod::call(Object(Illuminate/Foundation/Application), Array, Array, NULL)
#66 D:/caleb/api/safevoice-api/vendor/laravel/framework/src/Illuminate/Console/Command.php(211): Illuminate/Container/Container->call(Array)
#67 D:/caleb/api/safevoice-api/vendor/symfony/console/Command/Command.php(341): Illuminate/Console/Command->execute(Object(Symfony/Component/Console/Input/ArgvInput), Object(Illuminate/Console/OutputStyle))
#68 D:/caleb/api/safevoice-api/vendor/laravel/framework/src/Illuminate/Console/Command.php(180): Symfony/Component/Console/Command/Command->run(Object(Symfony/Component/Console/Input/ArgvInput), Object(Illuminate/Console/OutputStyle))
#69 D:/caleb/api/safevoice-api/vendor/symfony/console/Application.php(1117): Illuminate/Console/Command->run(Object(Symfony/Component/Console/Input/ArgvInput), Object(Symfony/Component/Console/Output/ConsoleOutput))
#70 D:/caleb/api/safevoice-api/vendor/symfony/console/Application.php(356): Symfony/Component/Console/Application->doRunCommand(Object(Knuckles/Scribe/Commands/GenerateDocumentation), Object(Symfony/Component/Console/Input/ArgvInput), Object(Symfony/Component/Console/Output/ConsoleOutput))
#71 D:/caleb/api/safevoice-api/vendor/symfony/console/Application.php(195): Symfony/Component/Console/Application->doRun(Object(Symfony/Component/Console/Input/ArgvInput), Object(Symfony/Component/Console/Output/ConsoleOutput))
#72 D:/caleb/api/safevoice-api/vendor/laravel/framework/src/Illuminate/Foundation/Console/Kernel.php(198): Symfony/Component/Console/Application->run(Object(Symfony/Component/Console/Input/ArgvInput), Object(Symfony/Component/Console/Output/ConsoleOutput))
#73 D:/caleb/api/safevoice-api/vendor/laravel/framework/src/Illuminate/Foundation/Application.php(1235): Illuminate/Foundation/Console/Kernel->handle(Object(Symfony/Component/Console/Input/ArgvInput), Object(Symfony/Component/Console/Output/ConsoleOutput))
#74 D:/caleb/api/safevoice-api/artisan(12): Illuminate/Foundation/Application->handleCommand(Object(Symfony/Component/Console/Input/ArgvInput))
#75 {main}

[previous exception] [object] (PDOException(code: 22P02): SQLSTATE[22P02]: Invalid text representation: 7 ERROR:  invalid input syntax for type uuid: \"consequatur\"
CONTEXT:  unnamed portal parameter $1 = '...' at D:/caleb/api/safevoice-api/vendor/laravel/framework/src/Illuminate/Database/Connection.php:425)
[stacktrace]
#0 D:/caleb/api/safevoice-api/vendor/laravel/framework/src/Illuminate/Database/Connection.php(425): PDOStatement->execute()
#1 D:/caleb/api/safevoice-api/vendor/laravel/framework/src/Illuminate/Database/Connection.php(827): Illuminate/Database/Connection->Illuminate/Database/{closure}('select * from \"...', Array)
#2 D:/caleb/api/safevoice-api/vendor/laravel/framework/src/Illuminate/Database/Connection.php(794): Illuminate/Database/Connection->runQueryCallback('select * from \"...', Array, Object(Closure))
#3 D:/caleb/api/safevoice-api/vendor/laravel/framework/src/Illuminate/Database/Connection.php(411): Illuminate/Database/Connection->run('select * from \"...', Array, Object(Closure))
#4 D:/caleb/api/safevoice-api/vendor/laravel/framework/src/Illuminate/Database/Query/Builder.php(3505): Illuminate/Database/Connection->select('select * from \"...', Array, true)
#5 D:/caleb/api/safevoice-api/vendor/laravel/framework/src/Illuminate/Database/Query/Builder.php(3490): Illuminate/Database/Query/Builder->runSelect()
#6 D:/caleb/api/safevoice-api/vendor/laravel/framework/src/Illuminate/Database/Query/Builder.php(4080): Illuminate/Database/Query/Builder->Illuminate/Database/Query/{closure}()
#7 D:/caleb/api/safevoice-api/vendor/laravel/framework/src/Illuminate/Database/Query/Builder.php(3489): Illuminate/Database/Query/Builder->onceWithColumns(Array, Object(Closure))
#8 D:/caleb/api/safevoice-api/vendor/laravel/framework/src/Illuminate/Database/Eloquent/Builder.php(902): Illuminate/Database/Query/Builder->get(Array)
#9 D:/caleb/api/safevoice-api/vendor/laravel/framework/src/Illuminate/Database/Eloquent/Builder.php(884): Illuminate/Database/Eloquent/Builder->getModels(Array)
#10 D:/caleb/api/safevoice-api/vendor/laravel/framework/src/Illuminate/Database/Concerns/BuildsQueries.php(366): Illuminate/Database/Eloquent/Builder->get(Array)
#11 D:/caleb/api/safevoice-api/vendor/laravel/framework/src/Illuminate/Database/Eloquent/Builder.php(568): Illuminate/Database/Eloquent/Builder->first(Array)
#12 D:/caleb/api/safevoice-api/vendor/laravel/framework/src/Illuminate/Support/Traits/ForwardsCalls.php(23): Illuminate/Database/Eloquent/Builder->find('consequatur')
#13 D:/caleb/api/safevoice-api/vendor/laravel/framework/src/Illuminate/Database/Eloquent/Model.php(2544): Illuminate/Database/Eloquent/Model->forwardCallTo(Object(Illuminate/Database/Eloquent/Builder), 'find', Array)
#14 D:/caleb/api/safevoice-api/vendor/laravel/framework/src/Illuminate/Database/Eloquent/Model.php(2560): Illuminate/Database/Eloquent/Model->__call('find', Array)
#15 D:/caleb/api/safevoice-api/app/Http/Middleware/ResolveDraftReport.php(26): Illuminate/Database/Eloquent/Model::__callStatic('find', Array)
#16 D:/caleb/api/safevoice-api/vendor/laravel/framework/src/Illuminate/Pipeline/Pipeline.php(219): App/Http/Middleware/ResolveDraftReport->handle(Object(Illuminate/Http/Request), Object(Closure))
#17 D:/caleb/api/safevoice-api/vendor/laravel/framework/src/Illuminate/Routing/Middleware/SubstituteBindings.php(50): Illuminate/Pipeline/Pipeline->Illuminate/Pipeline/{closure}(Object(Illuminate/Http/Request))
#18 D:/caleb/api/safevoice-api/vendor/laravel/framework/src/Illuminate/Pipeline/Pipeline.php(219): Illuminate/Routing/Middleware/SubstituteBindings->handle(Object(Illuminate/Http/Request), Object(Closure))
#19 D:/caleb/api/safevoice-api/app/Http/Middleware/SetLocale.php(36): Illuminate/Pipeline/Pipeline->Illuminate/Pipeline/{closure}(Object(Illuminate/Http/Request))
#20 D:/caleb/api/safevoice-api/vendor/laravel/framework/src/Illuminate/Pipeline/Pipeline.php(219): App/Http/Middleware/SetLocale->handle(Object(Illuminate/Http/Request), Object(Closure))
#21 D:/caleb/api/safevoice-api/vendor/laravel/framework/src/Illuminate/Pipeline/Pipeline.php(137): Illuminate/Pipeline/Pipeline->Illuminate/Pipeline/{closure}(Object(Illuminate/Http/Request))
#22 D:/caleb/api/safevoice-api/vendor/laravel/framework/src/Illuminate/Routing/Router.php(821): Illuminate/Pipeline/Pipeline->then(Object(Closure))
#23 D:/caleb/api/safevoice-api/vendor/laravel/framework/src/Illuminate/Routing/Router.php(800): Illuminate/Routing/Router->runRouteWithinStack(Object(Illuminate/Routing/Route), Object(Illuminate/Http/Request))
#24 D:/caleb/api/safevoice-api/vendor/laravel/framework/src/Illuminate/Routing/Router.php(764): Illuminate/Routing/Router->runRoute(Object(Illuminate/Http/Request), Object(Illuminate/Routing/Route))
#25 D:/caleb/api/safevoice-api/vendor/laravel/framework/src/Illuminate/Routing/Router.php(753): Illuminate/Routing/Router->dispatchToRoute(Object(Illuminate/Http/Request))
#26 D:/caleb/api/safevoice-api/vendor/laravel/framework/src/Illuminate/Foundation/Http/Kernel.php(200): Illuminate/Routing/Router->dispatch(Object(Illuminate/Http/Request))
#27 D:/caleb/api/safevoice-api/vendor/laravel/framework/src/Illuminate/Pipeline/Pipeline.php(180): Illuminate/Foundation/Http/Kernel->Illuminate/Foundation/Http/{closure}(Object(Illuminate/Http/Request))
#28 D:/caleb/api/safevoice-api/vendor/laravel/framework/src/Illuminate/Foundation/Http/Middleware/TransformsRequest.php(21): Illuminate/Pipeline/Pipeline->Illuminate/Pipeline/{closure}(Object(Illuminate/Http/Request))
#29 D:/caleb/api/safevoice-api/vendor/laravel/framework/src/Illuminate/Foundation/Http/Middleware/ConvertEmptyStringsToNull.php(31): Illuminate/Foundation/Http/Middleware/TransformsRequest->handle(Object(Illuminate/Http/Request), Object(Closure))
#30 D:/caleb/api/safevoice-api/vendor/laravel/framework/src/Illuminate/Pipeline/Pipeline.php(219): Illuminate/Foundation/Http/Middleware/ConvertEmptyStringsToNull->handle(Object(Illuminate/Http/Request), Object(Closure))
#31 D:/caleb/api/safevoice-api/vendor/laravel/framework/src/Illuminate/Foundation/Http/Middleware/TransformsRequest.php(21): Illuminate/Pipeline/Pipeline->Illuminate/Pipeline/{closure}(Object(Illuminate/Http/Request))
#32 D:/caleb/api/safevoice-api/vendor/laravel/framework/src/Illuminate/Foundation/Http/Middleware/TrimStrings.php(51): Illuminate/Foundation/Http/Middleware/TransformsRequest->handle(Object(Illuminate/Http/Request), Object(Closure))
#33 D:/caleb/api/safevoice-api/vendor/laravel/framework/src/Illuminate/Pipeline/Pipeline.php(219): Illuminate/Foundation/Http/Middleware/TrimStrings->handle(Object(Illuminate/Http/Request), Object(Closure))
#34 D:/caleb/api/safevoice-api/vendor/laravel/framework/src/Illuminate/Http/Middleware/ValidatePostSize.php(27): Illuminate/Pipeline/Pipeline->Illuminate/Pipeline/{closure}(Object(Illuminate/Http/Request))
#35 D:/caleb/api/safevoice-api/vendor/laravel/framework/src/Illuminate/Pipeline/Pipeline.php(219): Illuminate/Http/Middleware/ValidatePostSize->handle(Object(Illuminate/Http/Request), Object(Closure))
#36 D:/caleb/api/safevoice-api/vendor/laravel/framework/src/Illuminate/Foundation/Http/Middleware/PreventRequestsDuringMaintenance.php(109): Illuminate/Pipeline/Pipeline->Illuminate/Pipeline/{closure}(Object(Illuminate/Http/Request))
#37 D:/caleb/api/safevoice-api/vendor/laravel/framework/src/Illuminate/Pipeline/Pipeline.php(219): Illuminate/Foundation/Http/Middleware/PreventRequestsDuringMaintenance->handle(Object(Illuminate/Http/Request), Object(Closure))
#38 D:/caleb/api/safevoice-api/vendor/laravel/framework/src/Illuminate/Http/Middleware/HandleCors.php(74): Illuminate/Pipeline/Pipeline->Illuminate/Pipeline/{closure}(Object(Illuminate/Http/Request))
#39 D:/caleb/api/safevoice-api/vendor/laravel/framework/src/Illuminate/Pipeline/Pipeline.php(219): Illuminate/Http/Middleware/HandleCors->handle(Object(Illuminate/Http/Request), Object(Closure))
#40 D:/caleb/api/safevoice-api/vendor/laravel/framework/src/Illuminate/Http/Middleware/TrustProxies.php(58): Illuminate/Pipeline/Pipeline->Illuminate/Pipeline/{closure}(Object(Illuminate/Http/Request))
#41 D:/caleb/api/safevoice-api/vendor/laravel/framework/src/Illuminate/Pipeline/Pipeline.php(219): Illuminate/Http/Middleware/TrustProxies->handle(Object(Illuminate/Http/Request), Object(Closure))
#42 D:/caleb/api/safevoice-api/vendor/laravel/framework/src/Illuminate/Foundation/Http/Middleware/InvokeDeferredCallbacks.php(22): Illuminate/Pipeline/Pipeline->Illuminate/Pipeline/{closure}(Object(Illuminate/Http/Request))
#43 D:/caleb/api/safevoice-api/vendor/laravel/framework/src/Illuminate/Pipeline/Pipeline.php(219): Illuminate/Foundation/Http/Middleware/InvokeDeferredCallbacks->handle(Object(Illuminate/Http/Request), Object(Closure))
#44 D:/caleb/api/safevoice-api/vendor/laravel/framework/src/Illuminate/Http/Middleware/ValidatePathEncoding.php(26): Illuminate/Pipeline/Pipeline->Illuminate/Pipeline/{closure}(Object(Illuminate/Http/Request))
#45 D:/caleb/api/safevoice-api/vendor/laravel/framework/src/Illuminate/Pipeline/Pipeline.php(219): Illuminate/Http/Middleware/ValidatePathEncoding->handle(Object(Illuminate/Http/Request), Object(Closure))
#46 D:/caleb/api/safevoice-api/vendor/laravel/framework/src/Illuminate/Pipeline/Pipeline.php(137): Illuminate/Pipeline/Pipeline->Illuminate/Pipeline/{closure}(Object(Illuminate/Http/Request))
#47 D:/caleb/api/safevoice-api/vendor/laravel/framework/src/Illuminate/Foundation/Http/Kernel.php(175): Illuminate/Pipeline/Pipeline->then(Object(Closure))
#48 D:/caleb/api/safevoice-api/vendor/laravel/framework/src/Illuminate/Foundation/Http/Kernel.php(144): Illuminate/Foundation/Http/Kernel->sendRequestThroughRouter(Object(Illuminate/Http/Request))
#49 D:/caleb/api/safevoice-api/vendor/knuckleswtf/scribe/src/Extracting/Strategies/Responses/ResponseCalls.php(236): Illuminate/Foundation/Http/Kernel->handle(Object(Illuminate/Http/Request))
#50 D:/caleb/api/safevoice-api/vendor/knuckleswtf/scribe/src/Extracting/Strategies/Responses/ResponseCalls.php(229): Knuckles/Scribe/Extracting/Strategies/Responses/ResponseCalls->callLaravelRoute(Object(Illuminate/Http/Request))
#51 D:/caleb/api/safevoice-api/vendor/knuckleswtf/scribe/src/Extracting/Strategies/Responses/ResponseCalls.php(103): Knuckles/Scribe/Extracting/Strategies/Responses/ResponseCalls->makeApiCall(Object(Illuminate/Http/Request), Object(Illuminate/Routing/Route))
#52 D:/caleb/api/safevoice-api/vendor/knuckleswtf/scribe/src/Extracting/Strategies/Responses/ResponseCalls.php(39): Knuckles/Scribe/Extracting/Strategies/Responses/ResponseCalls->makeResponseCall(Object(Knuckles/Camel/Extraction/ExtractedEndpointData), Array)
#53 D:/caleb/api/safevoice-api/vendor/knuckleswtf/scribe/src/Extracting/Extractor.php(471): Knuckles/Scribe/Extracting/Strategies/Responses/ResponseCalls->__invoke(Object(Knuckles/Camel/Extraction/ExtractedEndpointData), Array)
#54 D:/caleb/api/safevoice-api/vendor/knuckleswtf/scribe/src/Extracting/Extractor.php(397): Knuckles/Scribe/Extracting/Extractor->iterateThroughStrategies('responses', Object(Knuckles/Camel/Extraction/ExtractedEndpointData), Array, Object(Closure))
#55 D:/caleb/api/safevoice-api/vendor/knuckleswtf/scribe/src/Extracting/Extractor.php(94): Knuckles/Scribe/Extracting/Extractor->fetchResponses(Object(Knuckles/Camel/Extraction/ExtractedEndpointData), Array)
#56 D:/caleb/api/safevoice-api/vendor/knuckleswtf/scribe/src/GroupedEndpoints/GroupedEndpointsFromApp.php(186): Knuckles/Scribe/Extracting/Extractor->processRoute(Object(Illuminate/Routing/Route), Array)
#57 D:/caleb/api/safevoice-api/vendor/laravel/framework/src/Illuminate/Console/View/Components/Task.php(41): Knuckles/Scribe/GroupedEndpoints/GroupedEndpointsFromApp->Knuckles/Scribe/GroupedEndpoints/{closure}()
#58 D:/caleb/api/safevoice-api/vendor/laravel/framework/src/Illuminate/Console/View/Components/Factory.php(59): Illuminate/Console/View/Components/Task->render('<options=bold>[...', Object(Closure))
#59 D:/caleb/api/safevoice-api/vendor/knuckleswtf/scribe/src/GroupedEndpoints/GroupedEndpointsFromApp.php(183): Illuminate/Console/View/Components/Factory->__call('task', Array)
#60 D:/caleb/api/safevoice-api/vendor/knuckleswtf/scribe/src/GroupedEndpoints/GroupedEndpointsFromApp.php(73): Knuckles/Scribe/GroupedEndpoints/GroupedEndpointsFromApp->extractEndpointsInfoFromLaravelApp(Array, Array, Array)
#61 D:/caleb/api/safevoice-api/vendor/knuckleswtf/scribe/src/GroupedEndpoints/GroupedEndpointsFromApp.php(51): Knuckles/Scribe/GroupedEndpoints/GroupedEndpointsFromApp->extractEndpointsInfoAndWriteToDisk(Object(Knuckles/Scribe/Matching/RouteMatcher), true)
#62 D:/caleb/api/safevoice-api/vendor/knuckleswtf/scribe/src/Commands/GenerateDocumentation.php(55): Knuckles/Scribe/GroupedEndpoints/GroupedEndpointsFromApp->get()
#63 D:/caleb/api/safevoice-api/vendor/laravel/framework/src/Illuminate/Container/BoundMethod.php(36): Knuckles/Scribe/Commands/GenerateDocumentation->handle(Object(Knuckles/Scribe/Matching/RouteMatcher), Object(Knuckles/Scribe/GroupedEndpoints/GroupedEndpointsFactory))
#64 D:/caleb/api/safevoice-api/vendor/laravel/framework/src/Illuminate/Container/Util.php(43): Illuminate/Container/BoundMethod::Illuminate/Container/{closure}()
#65 D:/caleb/api/safevoice-api/vendor/laravel/framework/src/Illuminate/Container/BoundMethod.php(96): Illuminate/Container/Util::unwrapIfClosure(Object(Closure))
#66 D:/caleb/api/safevoice-api/vendor/laravel/framework/src/Illuminate/Container/BoundMethod.php(35): Illuminate/Container/BoundMethod::callBoundMethod(Object(Illuminate/Foundation/Application), Array, Object(Closure))
#67 D:/caleb/api/safevoice-api/vendor/laravel/framework/src/Illuminate/Container/Container.php(799): Illuminate/Container/BoundMethod::call(Object(Illuminate/Foundation/Application), Array, Array, NULL)
#68 D:/caleb/api/safevoice-api/vendor/laravel/framework/src/Illuminate/Console/Command.php(211): Illuminate/Container/Container->call(Array)
#69 D:/caleb/api/safevoice-api/vendor/symfony/console/Command/Command.php(341): Illuminate/Console/Command->execute(Object(Symfony/Component/Console/Input/ArgvInput), Object(Illuminate/Console/OutputStyle))
#70 D:/caleb/api/safevoice-api/vendor/laravel/framework/src/Illuminate/Console/Command.php(180): Symfony/Component/Console/Command/Command->run(Object(Symfony/Component/Console/Input/ArgvInput), Object(Illuminate/Console/OutputStyle))
#71 D:/caleb/api/safevoice-api/vendor/symfony/console/Application.php(1117): Illuminate/Console/Command->run(Object(Symfony/Component/Console/Input/ArgvInput), Object(Symfony/Component/Console/Output/ConsoleOutput))
#72 D:/caleb/api/safevoice-api/vendor/symfony/console/Application.php(356): Symfony/Component/Console/Application->doRunCommand(Object(Knuckles/Scribe/Commands/GenerateDocumentation), Object(Symfony/Component/Console/Input/ArgvInput), Object(Symfony/Component/Console/Output/ConsoleOutput))
#73 D:/caleb/api/safevoice-api/vendor/symfony/console/Application.php(195): Symfony/Component/Console/Application->doRun(Object(Symfony/Component/Console/Input/ArgvInput), Object(Symfony/Component/Console/Output/ConsoleOutput))
#74 D:/caleb/api/safevoice-api/vendor/laravel/framework/src/Illuminate/Foundation/Console/Kernel.php(198): Symfony/Component/Console/Application->run(Object(Symfony/Component/Console/Input/ArgvInput), Object(Symfony/Component/Console/Output/ConsoleOutput))
#75 D:/caleb/api/safevoice-api/vendor/laravel/framework/src/Illuminate/Foundation/Application.php(1235): Illuminate/Foundation/Console/Kernel->handle(Object(Symfony/Component/Console/Input/ArgvInput), Object(Symfony/Component/Console/Output/ConsoleOutput))
#76 D:/caleb/api/safevoice-api/artisan(12): Illuminate/Foundation/Application->handleCommand(Object(Symfony/Component/Console/Input/ArgvInput))
#77 {main}
"} 
[2026-07-03 14:14:57] local.ERROR: SQLSTATE[22P02]: Invalid text representation: 7 ERROR:  invalid input syntax for type uuid: "consequatur"
CONTEXT:  unnamed portal parameter $1 = '...' (Connection: pgsql, Host: 127.0.0.1, Port: 5432, Database: safe_voices, SQL: select * from "reports" where "reports"."id" = consequatur and "reports"."deleted_at" is null limit 1) {"exception":"[object] (Illuminate\\Database\\QueryException(code: 22P02): SQLSTATE[22P02]: Invalid text representation: 7 ERROR:  invalid input syntax for type uuid: \"consequatur\"
CONTEXT:  unnamed portal parameter $1 = '...' (Connection: pgsql, Host: 127.0.0.1, Port: 5432, Database: safe_voices, SQL: select * from \"reports\" where \"reports\".\"id\" = consequatur and \"reports\".\"deleted_at\" is null limit 1) at D:/caleb/api/safevoice-api/vendor/laravel/framework/src/Illuminate/Database/Connection.php:838)
[stacktrace]
#0 D:/caleb/api/safevoice-api/vendor/laravel/framework/src/Illuminate/Database/Connection.php(794): Illuminate/Database/Connection->runQueryCallback('select * from \"...', Array, Object(Closure))
#1 D:/caleb/api/safevoice-api/vendor/laravel/framework/src/Illuminate/Database/Connection.php(411): Illuminate/Database/Connection->run('select * from \"...', Array, Object(Closure))
#2 D:/caleb/api/safevoice-api/vendor/laravel/framework/src/Illuminate/Database/Query/Builder.php(3505): Illuminate/Database/Connection->select('select * from \"...', Array, true)
#3 D:/caleb/api/safevoice-api/vendor/laravel/framework/src/Illuminate/Database/Query/Builder.php(3490): Illuminate/Database/Query/Builder->runSelect()
#4 D:/caleb/api/safevoice-api/vendor/laravel/framework/src/Illuminate/Database/Query/Builder.php(4080): Illuminate/Database/Query/Builder->Illuminate/Database/Query/{closure}()
#5 D:/caleb/api/safevoice-api/vendor/laravel/framework/src/Illuminate/Database/Query/Builder.php(3489): Illuminate/Database/Query/Builder->onceWithColumns(Array, Object(Closure))
#6 D:/caleb/api/safevoice-api/vendor/laravel/framework/src/Illuminate/Database/Eloquent/Builder.php(902): Illuminate/Database/Query/Builder->get(Array)
#7 D:/caleb/api/safevoice-api/vendor/laravel/framework/src/Illuminate/Database/Eloquent/Builder.php(884): Illuminate/Database/Eloquent/Builder->getModels(Array)
#8 D:/caleb/api/safevoice-api/vendor/laravel/framework/src/Illuminate/Database/Concerns/BuildsQueries.php(366): Illuminate/Database/Eloquent/Builder->get(Array)
#9 D:/caleb/api/safevoice-api/vendor/laravel/framework/src/Illuminate/Database/Eloquent/Builder.php(568): Illuminate/Database/Eloquent/Builder->first(Array)
#10 D:/caleb/api/safevoice-api/vendor/laravel/framework/src/Illuminate/Support/Traits/ForwardsCalls.php(23): Illuminate/Database/Eloquent/Builder->find('consequatur')
#11 D:/caleb/api/safevoice-api/vendor/laravel/framework/src/Illuminate/Database/Eloquent/Model.php(2544): Illuminate/Database/Eloquent/Model->forwardCallTo(Object(Illuminate/Database/Eloquent/Builder), 'find', Array)
#12 D:/caleb/api/safevoice-api/vendor/laravel/framework/src/Illuminate/Database/Eloquent/Model.php(2560): Illuminate/Database/Eloquent/Model->__call('find', Array)
#13 D:/caleb/api/safevoice-api/app/Http/Middleware/ResolveDraftReport.php(26): Illuminate/Database/Eloquent/Model::__callStatic('find', Array)
#14 D:/caleb/api/safevoice-api/vendor/laravel/framework/src/Illuminate/Pipeline/Pipeline.php(219): App/Http/Middleware/ResolveDraftReport->handle(Object(Illuminate/Http/Request), Object(Closure))
#15 D:/caleb/api/safevoice-api/vendor/laravel/framework/src/Illuminate/Routing/Middleware/SubstituteBindings.php(50): Illuminate/Pipeline/Pipeline->Illuminate/Pipeline/{closure}(Object(Illuminate/Http/Request))
#16 D:/caleb/api/safevoice-api/vendor/laravel/framework/src/Illuminate/Pipeline/Pipeline.php(219): Illuminate/Routing/Middleware/SubstituteBindings->handle(Object(Illuminate/Http/Request), Object(Closure))
#17 D:/caleb/api/safevoice-api/app/Http/Middleware/SetLocale.php(36): Illuminate/Pipeline/Pipeline->Illuminate/Pipeline/{closure}(Object(Illuminate/Http/Request))
#18 D:/caleb/api/safevoice-api/vendor/laravel/framework/src/Illuminate/Pipeline/Pipeline.php(219): App/Http/Middleware/SetLocale->handle(Object(Illuminate/Http/Request), Object(Closure))
#19 D:/caleb/api/safevoice-api/vendor/laravel/framework/src/Illuminate/Pipeline/Pipeline.php(137): Illuminate/Pipeline/Pipeline->Illuminate/Pipeline/{closure}(Object(Illuminate/Http/Request))
#20 D:/caleb/api/safevoice-api/vendor/laravel/framework/src/Illuminate/Routing/Router.php(821): Illuminate/Pipeline/Pipeline->then(Object(Closure))
#21 D:/caleb/api/safevoice-api/vendor/laravel/framework/src/Illuminate/Routing/Router.php(800): Illuminate/Routing/Router->runRouteWithinStack(Object(Illuminate/Routing/Route), Object(Illuminate/Http/Request))
#22 D:/caleb/api/safevoice-api/vendor/laravel/framework/src/Illuminate/Routing/Router.php(764): Illuminate/Routing/Router->runRoute(Object(Illuminate/Http/Request), Object(Illuminate/Routing/Route))
#23 D:/caleb/api/safevoice-api/vendor/laravel/framework/src/Illuminate/Routing/Router.php(753): Illuminate/Routing/Router->dispatchToRoute(Object(Illuminate/Http/Request))
#24 D:/caleb/api/safevoice-api/vendor/laravel/framework/src/Illuminate/Foundation/Http/Kernel.php(200): Illuminate/Routing/Router->dispatch(Object(Illuminate/Http/Request))
#25 D:/caleb/api/safevoice-api/vendor/laravel/framework/src/Illuminate/Pipeline/Pipeline.php(180): Illuminate/Foundation/Http/Kernel->Illuminate/Foundation/Http/{closure}(Object(Illuminate/Http/Request))
#26 D:/caleb/api/safevoice-api/vendor/laravel/framework/src/Illuminate/Foundation/Http/Middleware/TransformsRequest.php(21): Illuminate/Pipeline/Pipeline->Illuminate/Pipeline/{closure}(Object(Illuminate/Http/Request))
#27 D:/caleb/api/safevoice-api/vendor/laravel/framework/src/Illuminate/Foundation/Http/Middleware/ConvertEmptyStringsToNull.php(31): Illuminate/Foundation/Http/Middleware/TransformsRequest->handle(Object(Illuminate/Http/Request), Object(Closure))
#28 D:/caleb/api/safevoice-api/vendor/laravel/framework/src/Illuminate/Pipeline/Pipeline.php(219): Illuminate/Foundation/Http/Middleware/ConvertEmptyStringsToNull->handle(Object(Illuminate/Http/Request), Object(Closure))
#29 D:/caleb/api/safevoice-api/vendor/laravel/framework/src/Illuminate/Foundation/Http/Middleware/TransformsRequest.php(21): Illuminate/Pipeline/Pipeline->Illuminate/Pipeline/{closure}(Object(Illuminate/Http/Request))
#30 D:/caleb/api/safevoice-api/vendor/laravel/framework/src/Illuminate/Foundation/Http/Middleware/TrimStrings.php(51): Illuminate/Foundation/Http/Middleware/TransformsRequest->handle(Object(Illuminate/Http/Request), Object(Closure))
#31 D:/caleb/api/safevoice-api/vendor/laravel/framework/src/Illuminate/Pipeline/Pipeline.php(219): Illuminate/Foundation/Http/Middleware/TrimStrings->handle(Object(Illuminate/Http/Request), Object(Closure))
#32 D:/caleb/api/safevoice-api/vendor/laravel/framework/src/Illuminate/Http/Middleware/ValidatePostSize.php(27): Illuminate/Pipeline/Pipeline->Illuminate/Pipeline/{closure}(Object(Illuminate/Http/Request))
#33 D:/caleb/api/safevoice-api/vendor/laravel/framework/src/Illuminate/Pipeline/Pipeline.php(219): Illuminate/Http/Middleware/ValidatePostSize->handle(Object(Illuminate/Http/Request), Object(Closure))
#34 D:/caleb/api/safevoice-api/vendor/laravel/framework/src/Illuminate/Foundation/Http/Middleware/PreventRequestsDuringMaintenance.php(109): Illuminate/Pipeline/Pipeline->Illuminate/Pipeline/{closure}(Object(Illuminate/Http/Request))
#35 D:/caleb/api/safevoice-api/vendor/laravel/framework/src/Illuminate/Pipeline/Pipeline.php(219): Illuminate/Foundation/Http/Middleware/PreventRequestsDuringMaintenance->handle(Object(Illuminate/Http/Request), Object(Closure))
#36 D:/caleb/api/safevoice-api/vendor/laravel/framework/src/Illuminate/Http/Middleware/HandleCors.php(74): Illuminate/Pipeline/Pipeline->Illuminate/Pipeline/{closure}(Object(Illuminate/Http/Request))
#37 D:/caleb/api/safevoice-api/vendor/laravel/framework/src/Illuminate/Pipeline/Pipeline.php(219): Illuminate/Http/Middleware/HandleCors->handle(Object(Illuminate/Http/Request), Object(Closure))
#38 D:/caleb/api/safevoice-api/vendor/laravel/framework/src/Illuminate/Http/Middleware/TrustProxies.php(58): Illuminate/Pipeline/Pipeline->Illuminate/Pipeline/{closure}(Object(Illuminate/Http/Request))
#39 D:/caleb/api/safevoice-api/vendor/laravel/framework/src/Illuminate/Pipeline/Pipeline.php(219): Illuminate/Http/Middleware/TrustProxies->handle(Object(Illuminate/Http/Request), Object(Closure))
#40 D:/caleb/api/safevoice-api/vendor/laravel/framework/src/Illuminate/Foundation/Http/Middleware/InvokeDeferredCallbacks.php(22): Illuminate/Pipeline/Pipeline->Illuminate/Pipeline/{closure}(Object(Illuminate/Http/Request))
#41 D:/caleb/api/safevoice-api/vendor/laravel/framework/src/Illuminate/Pipeline/Pipeline.php(219): Illuminate/Foundation/Http/Middleware/InvokeDeferredCallbacks->handle(Object(Illuminate/Http/Request), Object(Closure))
#42 D:/caleb/api/safevoice-api/vendor/laravel/framework/src/Illuminate/Http/Middleware/ValidatePathEncoding.php(26): Illuminate/Pipeline/Pipeline->Illuminate/Pipeline/{closure}(Object(Illuminate/Http/Request))
#43 D:/caleb/api/safevoice-api/vendor/laravel/framework/src/Illuminate/Pipeline/Pipeline.php(219): Illuminate/Http/Middleware/ValidatePathEncoding->handle(Object(Illuminate/Http/Request), Object(Closure))
#44 D:/caleb/api/safevoice-api/vendor/laravel/framework/src/Illuminate/Pipeline/Pipeline.php(137): Illuminate/Pipeline/Pipeline->Illuminate/Pipeline/{closure}(Object(Illuminate/Http/Request))
#45 D:/caleb/api/safevoice-api/vendor/laravel/framework/src/Illuminate/Foundation/Http/Kernel.php(175): Illuminate/Pipeline/Pipeline->then(Object(Closure))
#46 D:/caleb/api/safevoice-api/vendor/laravel/framework/src/Illuminate/Foundation/Http/Kernel.php(144): Illuminate/Foundation/Http/Kernel->sendRequestThroughRouter(Object(Illuminate/Http/Request))
#47 D:/caleb/api/safevoice-api/vendor/knuckleswtf/scribe/src/Extracting/Strategies/Responses/ResponseCalls.php(236): Illuminate/Foundation/Http/Kernel->handle(Object(Illuminate/Http/Request))
#48 D:/caleb/api/safevoice-api/vendor/knuckleswtf/scribe/src/Extracting/Strategies/Responses/ResponseCalls.php(229): Knuckles/Scribe/Extracting/Strategies/Responses/ResponseCalls->callLaravelRoute(Object(Illuminate/Http/Request))
#49 D:/caleb/api/safevoice-api/vendor/knuckleswtf/scribe/src/Extracting/Strategies/Responses/ResponseCalls.php(103): Knuckles/Scribe/Extracting/Strategies/Responses/ResponseCalls->makeApiCall(Object(Illuminate/Http/Request), Object(Illuminate/Routing/Route))
#50 D:/caleb/api/safevoice-api/vendor/knuckleswtf/scribe/src/Extracting/Strategies/Responses/ResponseCalls.php(39): Knuckles/Scribe/Extracting/Strategies/Responses/ResponseCalls->makeResponseCall(Object(Knuckles/Camel/Extraction/ExtractedEndpointData), Array)
#51 D:/caleb/api/safevoice-api/vendor/knuckleswtf/scribe/src/Extracting/Extractor.php(471): Knuckles/Scribe/Extracting/Strategies/Responses/ResponseCalls->__invoke(Object(Knuckles/Camel/Extraction/ExtractedEndpointData), Array)
#52 D:/caleb/api/safevoice-api/vendor/knuckleswtf/scribe/src/Extracting/Extractor.php(397): Knuckles/Scribe/Extracting/Extractor->iterateThroughStrategies('responses', Object(Knuckles/Camel/Extraction/ExtractedEndpointData), Array, Object(Closure))
#53 D:/caleb/api/safevoice-api/vendor/knuckleswtf/scribe/src/Extracting/Extractor.php(94): Knuckles/Scribe/Extracting/Extractor->fetchResponses(Object(Knuckles/Camel/Extraction/ExtractedEndpointData), Array)
#54 D:/caleb/api/safevoice-api/vendor/knuckleswtf/scribe/src/GroupedEndpoints/GroupedEndpointsFromApp.php(186): Knuckles/Scribe/Extracting/Extractor->processRoute(Object(Illuminate/Routing/Route), Array)
#55 D:/caleb/api/safevoice-api/vendor/laravel/framework/src/Illuminate/Console/View/Components/Task.php(41): Knuckles/Scribe/GroupedEndpoints/GroupedEndpointsFromApp->Knuckles/Scribe/GroupedEndpoints/{closure}()
#56 D:/caleb/api/safevoice-api/vendor/laravel/framework/src/Illuminate/Console/View/Components/Factory.php(59): Illuminate/Console/View/Components/Task->render('<options=bold>[...', Object(Closure))
#57 D:/caleb/api/safevoice-api/vendor/knuckleswtf/scribe/src/GroupedEndpoints/GroupedEndpointsFromApp.php(183): Illuminate/Console/View/Components/Factory->__call('task', Array)
#58 D:/caleb/api/safevoice-api/vendor/knuckleswtf/scribe/src/GroupedEndpoints/GroupedEndpointsFromApp.php(73): Knuckles/Scribe/GroupedEndpoints/GroupedEndpointsFromApp->extractEndpointsInfoFromLaravelApp(Array, Array, Array)
#59 D:/caleb/api/safevoice-api/vendor/knuckleswtf/scribe/src/GroupedEndpoints/GroupedEndpointsFromApp.php(51): Knuckles/Scribe/GroupedEndpoints/GroupedEndpointsFromApp->extractEndpointsInfoAndWriteToDisk(Object(Knuckles/Scribe/Matching/RouteMatcher), true)
#60 D:/caleb/api/safevoice-api/vendor/knuckleswtf/scribe/src/Commands/GenerateDocumentation.php(55): Knuckles/Scribe/GroupedEndpoints/GroupedEndpointsFromApp->get()
#61 D:/caleb/api/safevoice-api/vendor/laravel/framework/src/Illuminate/Container/BoundMethod.php(36): Knuckles/Scribe/Commands/GenerateDocumentation->handle(Object(Knuckles/Scribe/Matching/RouteMatcher), Object(Knuckles/Scribe/GroupedEndpoints/GroupedEndpointsFactory))
#62 D:/caleb/api/safevoice-api/vendor/laravel/framework/src/Illuminate/Container/Util.php(43): Illuminate/Container/BoundMethod::Illuminate/Container/{closure}()
#63 D:/caleb/api/safevoice-api/vendor/laravel/framework/src/Illuminate/Container/BoundMethod.php(96): Illuminate/Container/Util::unwrapIfClosure(Object(Closure))
#64 D:/caleb/api/safevoice-api/vendor/laravel/framework/src/Illuminate/Container/BoundMethod.php(35): Illuminate/Container/BoundMethod::callBoundMethod(Object(Illuminate/Foundation/Application), Array, Object(Closure))
#65 D:/caleb/api/safevoice-api/vendor/laravel/framework/src/Illuminate/Container/Container.php(799): Illuminate/Container/BoundMethod::call(Object(Illuminate/Foundation/Application), Array, Array, NULL)
#66 D:/caleb/api/safevoice-api/vendor/laravel/framework/src/Illuminate/Console/Command.php(211): Illuminate/Container/Container->call(Array)
#67 D:/caleb/api/safevoice-api/vendor/symfony/console/Command/Command.php(341): Illuminate/Console/Command->execute(Object(Symfony/Component/Console/Input/ArgvInput), Object(Illuminate/Console/OutputStyle))
#68 D:/caleb/api/safevoice-api/vendor/laravel/framework/src/Illuminate/Console/Command.php(180): Symfony/Component/Console/Command/Command->run(Object(Symfony/Component/Console/Input/ArgvInput), Object(Illuminate/Console/OutputStyle))
#69 D:/caleb/api/safevoice-api/vendor/symfony/console/Application.php(1117): Illuminate/Console/Command->run(Object(Symfony/Component/Console/Input/ArgvInput), Object(Symfony/Component/Console/Output/ConsoleOutput))
#70 D:/caleb/api/safevoice-api/vendor/symfony/console/Application.php(356): Symfony/Component/Console/Application->doRunCommand(Object(Knuckles/Scribe/Commands/GenerateDocumentation), Object(Symfony/Component/Console/Input/ArgvInput), Object(Symfony/Component/Console/Output/ConsoleOutput))
#71 D:/caleb/api/safevoice-api/vendor/symfony/console/Application.php(195): Symfony/Component/Console/Application->doRun(Object(Symfony/Component/Console/Input/ArgvInput), Object(Symfony/Component/Console/Output/ConsoleOutput))
#72 D:/caleb/api/safevoice-api/vendor/laravel/framework/src/Illuminate/Foundation/Console/Kernel.php(198): Symfony/Component/Console/Application->run(Object(Symfony/Component/Console/Input/ArgvInput), Object(Symfony/Component/Console/Output/ConsoleOutput))
#73 D:/caleb/api/safevoice-api/vendor/laravel/framework/src/Illuminate/Foundation/Application.php(1235): Illuminate/Foundation/Console/Kernel->handle(Object(Symfony/Component/Console/Input/ArgvInput), Object(Symfony/Component/Console/Output/ConsoleOutput))
#74 D:/caleb/api/safevoice-api/artisan(12): Illuminate/Foundation/Application->handleCommand(Object(Symfony/Component/Console/Input/ArgvInput))
#75 {main}

[previous exception] [object] (PDOException(code: 22P02): SQLSTATE[22P02]: Invalid text representation: 7 ERROR:  invalid input syntax for type uuid: \"consequatur\"
CONTEXT:  unnamed portal parameter $1 = '...' at D:/caleb/api/safevoice-api/vendor/laravel/framework/src/Illuminate/Database/Connection.php:425)
[stacktrace]
#0 D:/caleb/api/safevoice-api/vendor/laravel/framework/src/Illuminate/Database/Connection.php(425): PDOStatement->execute()
#1 D:/caleb/api/safevoice-api/vendor/laravel/framework/src/Illuminate/Database/Connection.php(827): Illuminate/Database/Connection->Illuminate/Database/{closure}('select * from \"...', Array)
#2 D:/caleb/api/safevoice-api/vendor/laravel/framework/src/Illuminate/Database/Connection.php(794): Illuminate/Database/Connection->runQueryCallback('select * from \"...', Array, Object(Closure))
#3 D:/caleb/api/safevoice-api/vendor/laravel/framework/src/Illuminate/Database/Connection.php(411): Illuminate/Database/Connection->run('select * from \"...', Array, Object(Closure))
#4 D:/caleb/api/safevoice-api/vendor/laravel/framework/src/Illuminate/Database/Query/Builder.php(3505): Illuminate/Database/Connection->select('select * from \"...', Array, true)
#5 D:/caleb/api/safevoice-api/vendor/laravel/framework/src/Illuminate/Database/Query/Builder.php(3490): Illuminate/Database/Query/Builder->runSelect()
#6 D:/caleb/api/safevoice-api/vendor/laravel/framework/src/Illuminate/Database/Query/Builder.php(4080): Illuminate/Database/Query/Builder->Illuminate/Database/Query/{closure}()
#7 D:/caleb/api/safevoice-api/vendor/laravel/framework/src/Illuminate/Database/Query/Builder.php(3489): Illuminate/Database/Query/Builder->onceWithColumns(Array, Object(Closure))
#8 D:/caleb/api/safevoice-api/vendor/laravel/framework/src/Illuminate/Database/Eloquent/Builder.php(902): Illuminate/Database/Query/Builder->get(Array)
#9 D:/caleb/api/safevoice-api/vendor/laravel/framework/src/Illuminate/Database/Eloquent/Builder.php(884): Illuminate/Database/Eloquent/Builder->getModels(Array)
#10 D:/caleb/api/safevoice-api/vendor/laravel/framework/src/Illuminate/Database/Concerns/BuildsQueries.php(366): Illuminate/Database/Eloquent/Builder->get(Array)
#11 D:/caleb/api/safevoice-api/vendor/laravel/framework/src/Illuminate/Database/Eloquent/Builder.php(568): Illuminate/Database/Eloquent/Builder->first(Array)
#12 D:/caleb/api/safevoice-api/vendor/laravel/framework/src/Illuminate/Support/Traits/ForwardsCalls.php(23): Illuminate/Database/Eloquent/Builder->find('consequatur')
#13 D:/caleb/api/safevoice-api/vendor/laravel/framework/src/Illuminate/Database/Eloquent/Model.php(2544): Illuminate/Database/Eloquent/Model->forwardCallTo(Object(Illuminate/Database/Eloquent/Builder), 'find', Array)
#14 D:/caleb/api/safevoice-api/vendor/laravel/framework/src/Illuminate/Database/Eloquent/Model.php(2560): Illuminate/Database/Eloquent/Model->__call('find', Array)
#15 D:/caleb/api/safevoice-api/app/Http/Middleware/ResolveDraftReport.php(26): Illuminate/Database/Eloquent/Model::__callStatic('find', Array)
#16 D:/caleb/api/safevoice-api/vendor/laravel/framework/src/Illuminate/Pipeline/Pipeline.php(219): App/Http/Middleware/ResolveDraftReport->handle(Object(Illuminate/Http/Request), Object(Closure))
#17 D:/caleb/api/safevoice-api/vendor/laravel/framework/src/Illuminate/Routing/Middleware/SubstituteBindings.php(50): Illuminate/Pipeline/Pipeline->Illuminate/Pipeline/{closure}(Object(Illuminate/Http/Request))
#18 D:/caleb/api/safevoice-api/vendor/laravel/framework/src/Illuminate/Pipeline/Pipeline.php(219): Illuminate/Routing/Middleware/SubstituteBindings->handle(Object(Illuminate/Http/Request), Object(Closure))
#19 D:/caleb/api/safevoice-api/app/Http/Middleware/SetLocale.php(36): Illuminate/Pipeline/Pipeline->Illuminate/Pipeline/{closure}(Object(Illuminate/Http/Request))
#20 D:/caleb/api/safevoice-api/vendor/laravel/framework/src/Illuminate/Pipeline/Pipeline.php(219): App/Http/Middleware/SetLocale->handle(Object(Illuminate/Http/Request), Object(Closure))
#21 D:/caleb/api/safevoice-api/vendor/laravel/framework/src/Illuminate/Pipeline/Pipeline.php(137): Illuminate/Pipeline/Pipeline->Illuminate/Pipeline/{closure}(Object(Illuminate/Http/Request))
#22 D:/caleb/api/safevoice-api/vendor/laravel/framework/src/Illuminate/Routing/Router.php(821): Illuminate/Pipeline/Pipeline->then(Object(Closure))
#23 D:/caleb/api/safevoice-api/vendor/laravel/framework/src/Illuminate/Routing/Router.php(800): Illuminate/Routing/Router->runRouteWithinStack(Object(Illuminate/Routing/Route), Object(Illuminate/Http/Request))
#24 D:/caleb/api/safevoice-api/vendor/laravel/framework/src/Illuminate/Routing/Router.php(764): Illuminate/Routing/Router->runRoute(Object(Illuminate/Http/Request), Object(Illuminate/Routing/Route))
#25 D:/caleb/api/safevoice-api/vendor/laravel/framework/src/Illuminate/Routing/Router.php(753): Illuminate/Routing/Router->dispatchToRoute(Object(Illuminate/Http/Request))
#26 D:/caleb/api/safevoice-api/vendor/laravel/framework/src/Illuminate/Foundation/Http/Kernel.php(200): Illuminate/Routing/Router->dispatch(Object(Illuminate/Http/Request))
#27 D:/caleb/api/safevoice-api/vendor/laravel/framework/src/Illuminate/Pipeline/Pipeline.php(180): Illuminate/Foundation/Http/Kernel->Illuminate/Foundation/Http/{closure}(Object(Illuminate/Http/Request))
#28 D:/caleb/api/safevoice-api/vendor/laravel/framework/src/Illuminate/Foundation/Http/Middleware/TransformsRequest.php(21): Illuminate/Pipeline/Pipeline->Illuminate/Pipeline/{closure}(Object(Illuminate/Http/Request))
#29 D:/caleb/api/safevoice-api/vendor/laravel/framework/src/Illuminate/Foundation/Http/Middleware/ConvertEmptyStringsToNull.php(31): Illuminate/Foundation/Http/Middleware/TransformsRequest->handle(Object(Illuminate/Http/Request), Object(Closure))
#30 D:/caleb/api/safevoice-api/vendor/laravel/framework/src/Illuminate/Pipeline/Pipeline.php(219): Illuminate/Foundation/Http/Middleware/ConvertEmptyStringsToNull->handle(Object(Illuminate/Http/Request), Object(Closure))
#31 D:/caleb/api/safevoice-api/vendor/laravel/framework/src/Illuminate/Foundation/Http/Middleware/TransformsRequest.php(21): Illuminate/Pipeline/Pipeline->Illuminate/Pipeline/{closure}(Object(Illuminate/Http/Request))
#32 D:/caleb/api/safevoice-api/vendor/laravel/framework/src/Illuminate/Foundation/Http/Middleware/TrimStrings.php(51): Illuminate/Foundation/Http/Middleware/TransformsRequest->handle(Object(Illuminate/Http/Request), Object(Closure))
#33 D:/caleb/api/safevoice-api/vendor/laravel/framework/src/Illuminate/Pipeline/Pipeline.php(219): Illuminate/Foundation/Http/Middleware/TrimStrings->handle(Object(Illuminate/Http/Request), Object(Closure))
#34 D:/caleb/api/safevoice-api/vendor/laravel/framework/src/Illuminate/Http/Middleware/ValidatePostSize.php(27): Illuminate/Pipeline/Pipeline->Illuminate/Pipeline/{closure}(Object(Illuminate/Http/Request))
#35 D:/caleb/api/safevoice-api/vendor/laravel/framework/src/Illuminate/Pipeline/Pipeline.php(219): Illuminate/Http/Middleware/ValidatePostSize->handle(Object(Illuminate/Http/Request), Object(Closure))
#36 D:/caleb/api/safevoice-api/vendor/laravel/framework/src/Illuminate/Foundation/Http/Middleware/PreventRequestsDuringMaintenance.php(109): Illuminate/Pipeline/Pipeline->Illuminate/Pipeline/{closure}(Object(Illuminate/Http/Request))
#37 D:/caleb/api/safevoice-api/vendor/laravel/framework/src/Illuminate/Pipeline/Pipeline.php(219): Illuminate/Foundation/Http/Middleware/PreventRequestsDuringMaintenance->handle(Object(Illuminate/Http/Request), Object(Closure))
#38 D:/caleb/api/safevoice-api/vendor/laravel/framework/src/Illuminate/Http/Middleware/HandleCors.php(74): Illuminate/Pipeline/Pipeline->Illuminate/Pipeline/{closure}(Object(Illuminate/Http/Request))
#39 D:/caleb/api/safevoice-api/vendor/laravel/framework/src/Illuminate/Pipeline/Pipeline.php(219): Illuminate/Http/Middleware/HandleCors->handle(Object(Illuminate/Http/Request), Object(Closure))
#40 D:/caleb/api/safevoice-api/vendor/laravel/framework/src/Illuminate/Http/Middleware/TrustProxies.php(58): Illuminate/Pipeline/Pipeline->Illuminate/Pipeline/{closure}(Object(Illuminate/Http/Request))
#41 D:/caleb/api/safevoice-api/vendor/laravel/framework/src/Illuminate/Pipeline/Pipeline.php(219): Illuminate/Http/Middleware/TrustProxies->handle(Object(Illuminate/Http/Request), Object(Closure))
#42 D:/caleb/api/safevoice-api/vendor/laravel/framework/src/Illuminate/Foundation/Http/Middleware/InvokeDeferredCallbacks.php(22): Illuminate/Pipeline/Pipeline->Illuminate/Pipeline/{closure}(Object(Illuminate/Http/Request))
#43 D:/caleb/api/safevoice-api/vendor/laravel/framework/src/Illuminate/Pipeline/Pipeline.php(219): Illuminate/Foundation/Http/Middleware/InvokeDeferredCallbacks->handle(Object(Illuminate/Http/Request), Object(Closure))
#44 D:/caleb/api/safevoice-api/vendor/laravel/framework/src/Illuminate/Http/Middleware/ValidatePathEncoding.php(26): Illuminate/Pipeline/Pipeline->Illuminate/Pipeline/{closure}(Object(Illuminate/Http/Request))
#45 D:/caleb/api/safevoice-api/vendor/laravel/framework/src/Illuminate/Pipeline/Pipeline.php(219): Illuminate/Http/Middleware/ValidatePathEncoding->handle(Object(Illuminate/Http/Request), Object(Closure))
#46 D:/caleb/api/safevoice-api/vendor/laravel/framework/src/Illuminate/Pipeline/Pipeline.php(137): Illuminate/Pipeline/Pipeline->Illuminate/Pipeline/{closure}(Object(Illuminate/Http/Request))
#47 D:/caleb/api/safevoice-api/vendor/laravel/framework/src/Illuminate/Foundation/Http/Kernel.php(175): Illuminate/Pipeline/Pipeline->then(Object(Closure))
#48 D:/caleb/api/safevoice-api/vendor/laravel/framework/src/Illuminate/Foundation/Http/Kernel.php(144): Illuminate/Foundation/Http/Kernel->sendRequestThroughRouter(Object(Illuminate/Http/Request))
#49 D:/caleb/api/safevoice-api/vendor/knuckleswtf/scribe/src/Extracting/Strategies/Responses/ResponseCalls.php(236): Illuminate/Foundation/Http/Kernel->handle(Object(Illuminate/Http/Request))
#50 D:/caleb/api/safevoice-api/vendor/knuckleswtf/scribe/src/Extracting/Strategies/Responses/ResponseCalls.php(229): Knuckles/Scribe/Extracting/Strategies/Responses/ResponseCalls->callLaravelRoute(Object(Illuminate/Http/Request))
#51 D:/caleb/api/safevoice-api/vendor/knuckleswtf/scribe/src/Extracting/Strategies/Responses/ResponseCalls.php(103): Knuckles/Scribe/Extracting/Strategies/Responses/ResponseCalls->makeApiCall(Object(Illuminate/Http/Request), Object(Illuminate/Routing/Route))
#52 D:/caleb/api/safevoice-api/vendor/knuckleswtf/scribe/src/Extracting/Strategies/Responses/ResponseCalls.php(39): Knuckles/Scribe/Extracting/Strategies/Responses/ResponseCalls->makeResponseCall(Object(Knuckles/Camel/Extraction/ExtractedEndpointData), Array)
#53 D:/caleb/api/safevoice-api/vendor/knuckleswtf/scribe/src/Extracting/Extractor.php(471): Knuckles/Scribe/Extracting/Strategies/Responses/ResponseCalls->__invoke(Object(Knuckles/Camel/Extraction/ExtractedEndpointData), Array)
#54 D:/caleb/api/safevoice-api/vendor/knuckleswtf/scribe/src/Extracting/Extractor.php(397): Knuckles/Scribe/Extracting/Extractor->iterateThroughStrategies('responses', Object(Knuckles/Camel/Extraction/ExtractedEndpointData), Array, Object(Closure))
#55 D:/caleb/api/safevoice-api/vendor/knuckleswtf/scribe/src/Extracting/Extractor.php(94): Knuckles/Scribe/Extracting/Extractor->fetchResponses(Object(Knuckles/Camel/Extraction/ExtractedEndpointData), Array)
#56 D:/caleb/api/safevoice-api/vendor/knuckleswtf/scribe/src/GroupedEndpoints/GroupedEndpointsFromApp.php(186): Knuckles/Scribe/Extracting/Extractor->processRoute(Object(Illuminate/Routing/Route), Array)
#57 D:/caleb/api/safevoice-api/vendor/laravel/framework/src/Illuminate/Console/View/Components/Task.php(41): Knuckles/Scribe/GroupedEndpoints/GroupedEndpointsFromApp->Knuckles/Scribe/GroupedEndpoints/{closure}()
#58 D:/caleb/api/safevoice-api/vendor/laravel/framework/src/Illuminate/Console/View/Components/Factory.php(59): Illuminate/Console/View/Components/Task->render('<options=bold>[...', Object(Closure))
#59 D:/caleb/api/safevoice-api/vendor/knuckleswtf/scribe/src/GroupedEndpoints/GroupedEndpointsFromApp.php(183): Illuminate/Console/View/Components/Factory->__call('task', Array)
#60 D:/caleb/api/safevoice-api/vendor/knuckleswtf/scribe/src/GroupedEndpoints/GroupedEndpointsFromApp.php(73): Knuckles/Scribe/GroupedEndpoints/GroupedEndpointsFromApp->extractEndpointsInfoFromLaravelApp(Array, Array, Array)
#61 D:/caleb/api/safevoice-api/vendor/knuckleswtf/scribe/src/GroupedEndpoints/GroupedEndpointsFromApp.php(51): Knuckles/Scribe/GroupedEndpoints/GroupedEndpointsFromApp->extractEndpointsInfoAndWriteToDisk(Object(Knuckles/Scribe/Matching/RouteMatcher), true)
#62 D:/caleb/api/safevoice-api/vendor/knuckleswtf/scribe/src/Commands/GenerateDocumentation.php(55): Knuckles/Scribe/GroupedEndpoints/GroupedEndpointsFromApp->get()
#63 D:/caleb/api/safevoice-api/vendor/laravel/framework/src/Illuminate/Container/BoundMethod.php(36): Knuckles/Scribe/Commands/GenerateDocumentation->handle(Object(Knuckles/Scribe/Matching/RouteMatcher), Object(Knuckles/Scribe/GroupedEndpoints/GroupedEndpointsFactory))
#64 D:/caleb/api/safevoice-api/vendor/laravel/framework/src/Illuminate/Container/Util.php(43): Illuminate/Container/BoundMethod::Illuminate/Container/{closure}()
#65 D:/caleb/api/safevoice-api/vendor/laravel/framework/src/Illuminate/Container/BoundMethod.php(96): Illuminate/Container/Util::unwrapIfClosure(Object(Closure))
#66 D:/caleb/api/safevoice-api/vendor/laravel/framework/src/Illuminate/Container/BoundMethod.php(35): Illuminate/Container/BoundMethod::callBoundMethod(Object(Illuminate/Foundation/Application), Array, Object(Closure))
#67 D:/caleb/api/safevoice-api/vendor/laravel/framework/src/Illuminate/Container/Container.php(799): Illuminate/Container/BoundMethod::call(Object(Illuminate/Foundation/Application), Array, Array, NULL)
#68 D:/caleb/api/safevoice-api/vendor/laravel/framework/src/Illuminate/Console/Command.php(211): Illuminate/Container/Container->call(Array)
#69 D:/caleb/api/safevoice-api/vendor/symfony/console/Command/Command.php(341): Illuminate/Console/Command->execute(Object(Symfony/Component/Console/Input/ArgvInput), Object(Illuminate/Console/OutputStyle))
#70 D:/caleb/api/safevoice-api/vendor/laravel/framework/src/Illuminate/Console/Command.php(180): Symfony/Component/Console/Command/Command->run(Object(Symfony/Component/Console/Input/ArgvInput), Object(Illuminate/Console/OutputStyle))
#71 D:/caleb/api/safevoice-api/vendor/symfony/console/Application.php(1117): Illuminate/Console/Command->run(Object(Symfony/Component/Console/Input/ArgvInput), Object(Symfony/Component/Console/Output/ConsoleOutput))
#72 D:/caleb/api/safevoice-api/vendor/symfony/console/Application.php(356): Symfony/Component/Console/Application->doRunCommand(Object(Knuckles/Scribe/Commands/GenerateDocumentation), Object(Symfony/Component/Console/Input/ArgvInput), Object(Symfony/Component/Console/Output/ConsoleOutput))
#73 D:/caleb/api/safevoice-api/vendor/symfony/console/Application.php(195): Symfony/Component/Console/Application->doRun(Object(Symfony/Component/Console/Input/ArgvInput), Object(Symfony/Component/Console/Output/ConsoleOutput))
#74 D:/caleb/api/safevoice-api/vendor/laravel/framework/src/Illuminate/Foundation/Console/Kernel.php(198): Symfony/Component/Console/Application->run(Object(Symfony/Component/Console/Input/ArgvInput), Object(Symfony/Component/Console/Output/ConsoleOutput))
#75 D:/caleb/api/safevoice-api/vendor/laravel/framework/src/Illuminate/Foundation/Application.php(1235): Illuminate/Foundation/Console/Kernel->handle(Object(Symfony/Component/Console/Input/ArgvInput), Object(Symfony/Component/Console/Output/ConsoleOutput))
#76 D:/caleb/api/safevoice-api/artisan(12): Illuminate/Foundation/Application->handleCommand(Object(Symfony/Component/Console/Input/ArgvInput))
#77 {main}
"} 
[2026-07-03 14:14:57] local.ERROR: SQLSTATE[22P02]: Invalid text representation: 7 ERROR:  invalid input syntax for type uuid: "consequatur"
CONTEXT:  unnamed portal parameter $1 = '...' (Connection: pgsql, Host: 127.0.0.1, Port: 5432, Database: safe_voices, SQL: select * from "reports" where "reports"."id" = consequatur and "reports"."deleted_at" is null limit 1) {"exception":"[object] (Illuminate\\Database\\QueryException(code: 22P02): SQLSTATE[22P02]: Invalid text representation: 7 ERROR:  invalid input syntax for type uuid: \"consequatur\"
CONTEXT:  unnamed portal parameter $1 = '...' (Connection: pgsql, Host: 127.0.0.1, Port: 5432, Database: safe_voices, SQL: select * from \"reports\" where \"reports\".\"id\" = consequatur and \"reports\".\"deleted_at\" is null limit 1) at D:/caleb/api/safevoice-api/vendor/laravel/framework/src/Illuminate/Database/Connection.php:838)
[stacktrace]
#0 D:/caleb/api/safevoice-api/vendor/laravel/framework/src/Illuminate/Database/Connection.php(794): Illuminate/Database/Connection->runQueryCallback('select * from \"...', Array, Object(Closure))
#1 D:/caleb/api/safevoice-api/vendor/laravel/framework/src/Illuminate/Database/Connection.php(411): Illuminate/Database/Connection->run('select * from \"...', Array, Object(Closure))
#2 D:/caleb/api/safevoice-api/vendor/laravel/framework/src/Illuminate/Database/Query/Builder.php(3505): Illuminate/Database/Connection->select('select * from \"...', Array, true)
#3 D:/caleb/api/safevoice-api/vendor/laravel/framework/src/Illuminate/Database/Query/Builder.php(3490): Illuminate/Database/Query/Builder->runSelect()
#4 D:/caleb/api/safevoice-api/vendor/laravel/framework/src/Illuminate/Database/Query/Builder.php(4080): Illuminate/Database/Query/Builder->Illuminate/Database/Query/{closure}()
#5 D:/caleb/api/safevoice-api/vendor/laravel/framework/src/Illuminate/Database/Query/Builder.php(3489): Illuminate/Database/Query/Builder->onceWithColumns(Array, Object(Closure))
#6 D:/caleb/api/safevoice-api/vendor/laravel/framework/src/Illuminate/Database/Eloquent/Builder.php(902): Illuminate/Database/Query/Builder->get(Array)
#7 D:/caleb/api/safevoice-api/vendor/laravel/framework/src/Illuminate/Database/Eloquent/Builder.php(884): Illuminate/Database/Eloquent/Builder->getModels(Array)
#8 D:/caleb/api/safevoice-api/vendor/laravel/framework/src/Illuminate/Database/Concerns/BuildsQueries.php(366): Illuminate/Database/Eloquent/Builder->get(Array)
#9 D:/caleb/api/safevoice-api/vendor/laravel/framework/src/Illuminate/Database/Eloquent/Builder.php(568): Illuminate/Database/Eloquent/Builder->first(Array)
#10 D:/caleb/api/safevoice-api/vendor/laravel/framework/src/Illuminate/Support/Traits/ForwardsCalls.php(23): Illuminate/Database/Eloquent/Builder->find('consequatur')
#11 D:/caleb/api/safevoice-api/vendor/laravel/framework/src/Illuminate/Database/Eloquent/Model.php(2544): Illuminate/Database/Eloquent/Model->forwardCallTo(Object(Illuminate/Database/Eloquent/Builder), 'find', Array)
#12 D:/caleb/api/safevoice-api/vendor/laravel/framework/src/Illuminate/Database/Eloquent/Model.php(2560): Illuminate/Database/Eloquent/Model->__call('find', Array)
#13 D:/caleb/api/safevoice-api/app/Http/Middleware/ResolveDraftReport.php(26): Illuminate/Database/Eloquent/Model::__callStatic('find', Array)
#14 D:/caleb/api/safevoice-api/vendor/laravel/framework/src/Illuminate/Pipeline/Pipeline.php(219): App/Http/Middleware/ResolveDraftReport->handle(Object(Illuminate/Http/Request), Object(Closure))
#15 D:/caleb/api/safevoice-api/vendor/laravel/framework/src/Illuminate/Routing/Middleware/SubstituteBindings.php(50): Illuminate/Pipeline/Pipeline->Illuminate/Pipeline/{closure}(Object(Illuminate/Http/Request))
#16 D:/caleb/api/safevoice-api/vendor/laravel/framework/src/Illuminate/Pipeline/Pipeline.php(219): Illuminate/Routing/Middleware/SubstituteBindings->handle(Object(Illuminate/Http/Request), Object(Closure))
#17 D:/caleb/api/safevoice-api/app/Http/Middleware/SetLocale.php(36): Illuminate/Pipeline/Pipeline->Illuminate/Pipeline/{closure}(Object(Illuminate/Http/Request))
#18 D:/caleb/api/safevoice-api/vendor/laravel/framework/src/Illuminate/Pipeline/Pipeline.php(219): App/Http/Middleware/SetLocale->handle(Object(Illuminate/Http/Request), Object(Closure))
#19 D:/caleb/api/safevoice-api/vendor/laravel/framework/src/Illuminate/Pipeline/Pipeline.php(137): Illuminate/Pipeline/Pipeline->Illuminate/Pipeline/{closure}(Object(Illuminate/Http/Request))
#20 D:/caleb/api/safevoice-api/vendor/laravel/framework/src/Illuminate/Routing/Router.php(821): Illuminate/Pipeline/Pipeline->then(Object(Closure))
#21 D:/caleb/api/safevoice-api/vendor/laravel/framework/src/Illuminate/Routing/Router.php(800): Illuminate/Routing/Router->runRouteWithinStack(Object(Illuminate/Routing/Route), Object(Illuminate/Http/Request))
#22 D:/caleb/api/safevoice-api/vendor/laravel/framework/src/Illuminate/Routing/Router.php(764): Illuminate/Routing/Router->runRoute(Object(Illuminate/Http/Request), Object(Illuminate/Routing/Route))
#23 D:/caleb/api/safevoice-api/vendor/laravel/framework/src/Illuminate/Routing/Router.php(753): Illuminate/Routing/Router->dispatchToRoute(Object(Illuminate/Http/Request))
#24 D:/caleb/api/safevoice-api/vendor/laravel/framework/src/Illuminate/Foundation/Http/Kernel.php(200): Illuminate/Routing/Router->dispatch(Object(Illuminate/Http/Request))
#25 D:/caleb/api/safevoice-api/vendor/laravel/framework/src/Illuminate/Pipeline/Pipeline.php(180): Illuminate/Foundation/Http/Kernel->Illuminate/Foundation/Http/{closure}(Object(Illuminate/Http/Request))
#26 D:/caleb/api/safevoice-api/vendor/laravel/framework/src/Illuminate/Foundation/Http/Middleware/TransformsRequest.php(21): Illuminate/Pipeline/Pipeline->Illuminate/Pipeline/{closure}(Object(Illuminate/Http/Request))
#27 D:/caleb/api/safevoice-api/vendor/laravel/framework/src/Illuminate/Foundation/Http/Middleware/ConvertEmptyStringsToNull.php(31): Illuminate/Foundation/Http/Middleware/TransformsRequest->handle(Object(Illuminate/Http/Request), Object(Closure))
#28 D:/caleb/api/safevoice-api/vendor/laravel/framework/src/Illuminate/Pipeline/Pipeline.php(219): Illuminate/Foundation/Http/Middleware/ConvertEmptyStringsToNull->handle(Object(Illuminate/Http/Request), Object(Closure))
#29 D:/caleb/api/safevoice-api/vendor/laravel/framework/src/Illuminate/Foundation/Http/Middleware/TransformsRequest.php(21): Illuminate/Pipeline/Pipeline->Illuminate/Pipeline/{closure}(Object(Illuminate/Http/Request))
#30 D:/caleb/api/safevoice-api/vendor/laravel/framework/src/Illuminate/Foundation/Http/Middleware/TrimStrings.php(51): Illuminate/Foundation/Http/Middleware/TransformsRequest->handle(Object(Illuminate/Http/Request), Object(Closure))
#31 D:/caleb/api/safevoice-api/vendor/laravel/framework/src/Illuminate/Pipeline/Pipeline.php(219): Illuminate/Foundation/Http/Middleware/TrimStrings->handle(Object(Illuminate/Http/Request), Object(Closure))
#32 D:/caleb/api/safevoice-api/vendor/laravel/framework/src/Illuminate/Http/Middleware/ValidatePostSize.php(27): Illuminate/Pipeline/Pipeline->Illuminate/Pipeline/{closure}(Object(Illuminate/Http/Request))
#33 D:/caleb/api/safevoice-api/vendor/laravel/framework/src/Illuminate/Pipeline/Pipeline.php(219): Illuminate/Http/Middleware/ValidatePostSize->handle(Object(Illuminate/Http/Request), Object(Closure))
#34 D:/caleb/api/safevoice-api/vendor/laravel/framework/src/Illuminate/Foundation/Http/Middleware/PreventRequestsDuringMaintenance.php(109): Illuminate/Pipeline/Pipeline->Illuminate/Pipeline/{closure}(Object(Illuminate/Http/Request))
#35 D:/caleb/api/safevoice-api/vendor/laravel/framework/src/Illuminate/Pipeline/Pipeline.php(219): Illuminate/Foundation/Http/Middleware/PreventRequestsDuringMaintenance->handle(Object(Illuminate/Http/Request), Object(Closure))
#36 D:/caleb/api/safevoice-api/vendor/laravel/framework/src/Illuminate/Http/Middleware/HandleCors.php(74): Illuminate/Pipeline/Pipeline->Illuminate/Pipeline/{closure}(Object(Illuminate/Http/Request))
#37 D:/caleb/api/safevoice-api/vendor/laravel/framework/src/Illuminate/Pipeline/Pipeline.php(219): Illuminate/Http/Middleware/HandleCors->handle(Object(Illuminate/Http/Request), Object(Closure))
#38 D:/caleb/api/safevoice-api/vendor/laravel/framework/src/Illuminate/Http/Middleware/TrustProxies.php(58): Illuminate/Pipeline/Pipeline->Illuminate/Pipeline/{closure}(Object(Illuminate/Http/Request))
#39 D:/caleb/api/safevoice-api/vendor/laravel/framework/src/Illuminate/Pipeline/Pipeline.php(219): Illuminate/Http/Middleware/TrustProxies->handle(Object(Illuminate/Http/Request), Object(Closure))
#40 D:/caleb/api/safevoice-api/vendor/laravel/framework/src/Illuminate/Foundation/Http/Middleware/InvokeDeferredCallbacks.php(22): Illuminate/Pipeline/Pipeline->Illuminate/Pipeline/{closure}(Object(Illuminate/Http/Request))
#41 D:/caleb/api/safevoice-api/vendor/laravel/framework/src/Illuminate/Pipeline/Pipeline.php(219): Illuminate/Foundation/Http/Middleware/InvokeDeferredCallbacks->handle(Object(Illuminate/Http/Request), Object(Closure))
#42 D:/caleb/api/safevoice-api/vendor/laravel/framework/src/Illuminate/Http/Middleware/ValidatePathEncoding.php(26): Illuminate/Pipeline/Pipeline->Illuminate/Pipeline/{closure}(Object(Illuminate/Http/Request))
#43 D:/caleb/api/safevoice-api/vendor/laravel/framework/src/Illuminate/Pipeline/Pipeline.php(219): Illuminate/Http/Middleware/ValidatePathEncoding->handle(Object(Illuminate/Http/Request), Object(Closure))
#44 D:/caleb/api/safevoice-api/vendor/laravel/framework/src/Illuminate/Pipeline/Pipeline.php(137): Illuminate/Pipeline/Pipeline->Illuminate/Pipeline/{closure}(Object(Illuminate/Http/Request))
#45 D:/caleb/api/safevoice-api/vendor/laravel/framework/src/Illuminate/Foundation/Http/Kernel.php(175): Illuminate/Pipeline/Pipeline->then(Object(Closure))
#46 D:/caleb/api/safevoice-api/vendor/laravel/framework/src/Illuminate/Foundation/Http/Kernel.php(144): Illuminate/Foundation/Http/Kernel->sendRequestThroughRouter(Object(Illuminate/Http/Request))
#47 D:/caleb/api/safevoice-api/vendor/knuckleswtf/scribe/src/Extracting/Strategies/Responses/ResponseCalls.php(236): Illuminate/Foundation/Http/Kernel->handle(Object(Illuminate/Http/Request))
#48 D:/caleb/api/safevoice-api/vendor/knuckleswtf/scribe/src/Extracting/Strategies/Responses/ResponseCalls.php(229): Knuckles/Scribe/Extracting/Strategies/Responses/ResponseCalls->callLaravelRoute(Object(Illuminate/Http/Request))
#49 D:/caleb/api/safevoice-api/vendor/knuckleswtf/scribe/src/Extracting/Strategies/Responses/ResponseCalls.php(103): Knuckles/Scribe/Extracting/Strategies/Responses/ResponseCalls->makeApiCall(Object(Illuminate/Http/Request), Object(Illuminate/Routing/Route))
#50 D:/caleb/api/safevoice-api/vendor/knuckleswtf/scribe/src/Extracting/Strategies/Responses/ResponseCalls.php(39): Knuckles/Scribe/Extracting/Strategies/Responses/ResponseCalls->makeResponseCall(Object(Knuckles/Camel/Extraction/ExtractedEndpointData), Array)
#51 D:/caleb/api/safevoice-api/vendor/knuckleswtf/scribe/src/Extracting/Extractor.php(471): Knuckles/Scribe/Extracting/Strategies/Responses/ResponseCalls->__invoke(Object(Knuckles/Camel/Extraction/ExtractedEndpointData), Array)
#52 D:/caleb/api/safevoice-api/vendor/knuckleswtf/scribe/src/Extracting/Extractor.php(397): Knuckles/Scribe/Extracting/Extractor->iterateThroughStrategies('responses', Object(Knuckles/Camel/Extraction/ExtractedEndpointData), Array, Object(Closure))
#53 D:/caleb/api/safevoice-api/vendor/knuckleswtf/scribe/src/Extracting/Extractor.php(94): Knuckles/Scribe/Extracting/Extractor->fetchResponses(Object(Knuckles/Camel/Extraction/ExtractedEndpointData), Array)
#54 D:/caleb/api/safevoice-api/vendor/knuckleswtf/scribe/src/GroupedEndpoints/GroupedEndpointsFromApp.php(186): Knuckles/Scribe/Extracting/Extractor->processRoute(Object(Illuminate/Routing/Route), Array)
#55 D:/caleb/api/safevoice-api/vendor/laravel/framework/src/Illuminate/Console/View/Components/Task.php(41): Knuckles/Scribe/GroupedEndpoints/GroupedEndpointsFromApp->Knuckles/Scribe/GroupedEndpoints/{closure}()
#56 D:/caleb/api/safevoice-api/vendor/laravel/framework/src/Illuminate/Console/View/Components/Factory.php(59): Illuminate/Console/View/Components/Task->render('<options=bold>[...', Object(Closure))
#57 D:/caleb/api/safevoice-api/vendor/knuckleswtf/scribe/src/GroupedEndpoints/GroupedEndpointsFromApp.php(183): Illuminate/Console/View/Components/Factory->__call('task', Array)
#58 D:/caleb/api/safevoice-api/vendor/knuckleswtf/scribe/src/GroupedEndpoints/GroupedEndpointsFromApp.php(73): Knuckles/Scribe/GroupedEndpoints/GroupedEndpointsFromApp->extractEndpointsInfoFromLaravelApp(Array, Array, Array)
#59 D:/caleb/api/safevoice-api/vendor/knuckleswtf/scribe/src/GroupedEndpoints/GroupedEndpointsFromApp.php(51): Knuckles/Scribe/GroupedEndpoints/GroupedEndpointsFromApp->extractEndpointsInfoAndWriteToDisk(Object(Knuckles/Scribe/Matching/RouteMatcher), true)
#60 D:/caleb/api/safevoice-api/vendor/knuckleswtf/scribe/src/Commands/GenerateDocumentation.php(55): Knuckles/Scribe/GroupedEndpoints/GroupedEndpointsFromApp->get()
#61 D:/caleb/api/safevoice-api/vendor/laravel/framework/src/Illuminate/Container/BoundMethod.php(36): Knuckles/Scribe/Commands/GenerateDocumentation->handle(Object(Knuckles/Scribe/Matching/RouteMatcher), Object(Knuckles/Scribe/GroupedEndpoints/GroupedEndpointsFactory))
#62 D:/caleb/api/safevoice-api/vendor/laravel/framework/src/Illuminate/Container/Util.php(43): Illuminate/Container/BoundMethod::Illuminate/Container/{closure}()
#63 D:/caleb/api/safevoice-api/vendor/laravel/framework/src/Illuminate/Container/BoundMethod.php(96): Illuminate/Container/Util::unwrapIfClosure(Object(Closure))
#64 D:/caleb/api/safevoice-api/vendor/laravel/framework/src/Illuminate/Container/BoundMethod.php(35): Illuminate/Container/BoundMethod::callBoundMethod(Object(Illuminate/Foundation/Application), Array, Object(Closure))
#65 D:/caleb/api/safevoice-api/vendor/laravel/framework/src/Illuminate/Container/Container.php(799): Illuminate/Container/BoundMethod::call(Object(Illuminate/Foundation/Application), Array, Array, NULL)
#66 D:/caleb/api/safevoice-api/vendor/laravel/framework/src/Illuminate/Console/Command.php(211): Illuminate/Container/Container->call(Array)
#67 D:/caleb/api/safevoice-api/vendor/symfony/console/Command/Command.php(341): Illuminate/Console/Command->execute(Object(Symfony/Component/Console/Input/ArgvInput), Object(Illuminate/Console/OutputStyle))
#68 D:/caleb/api/safevoice-api/vendor/laravel/framework/src/Illuminate/Console/Command.php(180): Symfony/Component/Console/Command/Command->run(Object(Symfony/Component/Console/Input/ArgvInput), Object(Illuminate/Console/OutputStyle))
#69 D:/caleb/api/safevoice-api/vendor/symfony/console/Application.php(1117): Illuminate/Console/Command->run(Object(Symfony/Component/Console/Input/ArgvInput), Object(Symfony/Component/Console/Output/ConsoleOutput))
#70 D:/caleb/api/safevoice-api/vendor/symfony/console/Application.php(356): Symfony/Component/Console/Application->doRunCommand(Object(Knuckles/Scribe/Commands/GenerateDocumentation), Object(Symfony/Component/Console/Input/ArgvInput), Object(Symfony/Component/Console/Output/ConsoleOutput))
#71 D:/caleb/api/safevoice-api/vendor/symfony/console/Application.php(195): Symfony/Component/Console/Application->doRun(Object(Symfony/Component/Console/Input/ArgvInput), Object(Symfony/Component/Console/Output/ConsoleOutput))
#72 D:/caleb/api/safevoice-api/vendor/laravel/framework/src/Illuminate/Foundation/Console/Kernel.php(198): Symfony/Component/Console/Application->run(Object(Symfony/Component/Console/Input/ArgvInput), Object(Symfony/Component/Console/Output/ConsoleOutput))
#73 D:/caleb/api/safevoice-api/vendor/laravel/framework/src/Illuminate/Foundation/Application.php(1235): Illuminate/Foundation/Console/Kernel->handle(Object(Symfony/Component/Console/Input/ArgvInput), Object(Symfony/Component/Console/Output/ConsoleOutput))
#74 D:/caleb/api/safevoice-api/artisan(12): Illuminate/Foundation/Application->handleCommand(Object(Symfony/Component/Console/Input/ArgvInput))
#75 {main}

[previous exception] [object] (PDOException(code: 22P02): SQLSTATE[22P02]: Invalid text representation: 7 ERROR:  invalid input syntax for type uuid: \"consequatur\"
CONTEXT:  unnamed portal parameter $1 = '...' at D:/caleb/api/safevoice-api/vendor/laravel/framework/src/Illuminate/Database/Connection.php:425)
[stacktrace]
#0 D:/caleb/api/safevoice-api/vendor/laravel/framework/src/Illuminate/Database/Connection.php(425): PDOStatement->execute()
#1 D:/caleb/api/safevoice-api/vendor/laravel/framework/src/Illuminate/Database/Connection.php(827): Illuminate/Database/Connection->Illuminate/Database/{closure}('select * from \"...', Array)
#2 D:/caleb/api/safevoice-api/vendor/laravel/framework/src/Illuminate/Database/Connection.php(794): Illuminate/Database/Connection->runQueryCallback('select * from \"...', Array, Object(Closure))
#3 D:/caleb/api/safevoice-api/vendor/laravel/framework/src/Illuminate/Database/Connection.php(411): Illuminate/Database/Connection->run('select * from \"...', Array, Object(Closure))
#4 D:/caleb/api/safevoice-api/vendor/laravel/framework/src/Illuminate/Database/Query/Builder.php(3505): Illuminate/Database/Connection->select('select * from \"...', Array, true)
#5 D:/caleb/api/safevoice-api/vendor/laravel/framework/src/Illuminate/Database/Query/Builder.php(3490): Illuminate/Database/Query/Builder->runSelect()
#6 D:/caleb/api/safevoice-api/vendor/laravel/framework/src/Illuminate/Database/Query/Builder.php(4080): Illuminate/Database/Query/Builder->Illuminate/Database/Query/{closure}()
#7 D:/caleb/api/safevoice-api/vendor/laravel/framework/src/Illuminate/Database/Query/Builder.php(3489): Illuminate/Database/Query/Builder->onceWithColumns(Array, Object(Closure))
#8 D:/caleb/api/safevoice-api/vendor/laravel/framework/src/Illuminate/Database/Eloquent/Builder.php(902): Illuminate/Database/Query/Builder->get(Array)
#9 D:/caleb/api/safevoice-api/vendor/laravel/framework/src/Illuminate/Database/Eloquent/Builder.php(884): Illuminate/Database/Eloquent/Builder->getModels(Array)
#10 D:/caleb/api/safevoice-api/vendor/laravel/framework/src/Illuminate/Database/Concerns/BuildsQueries.php(366): Illuminate/Database/Eloquent/Builder->get(Array)
#11 D:/caleb/api/safevoice-api/vendor/laravel/framework/src/Illuminate/Database/Eloquent/Builder.php(568): Illuminate/Database/Eloquent/Builder->first(Array)
#12 D:/caleb/api/safevoice-api/vendor/laravel/framework/src/Illuminate/Support/Traits/ForwardsCalls.php(23): Illuminate/Database/Eloquent/Builder->find('consequatur')
#13 D:/caleb/api/safevoice-api/vendor/laravel/framework/src/Illuminate/Database/Eloquent/Model.php(2544): Illuminate/Database/Eloquent/Model->forwardCallTo(Object(Illuminate/Database/Eloquent/Builder), 'find', Array)
#14 D:/caleb/api/safevoice-api/vendor/laravel/framework/src/Illuminate/Database/Eloquent/Model.php(2560): Illuminate/Database/Eloquent/Model->__call('find', Array)
#15 D:/caleb/api/safevoice-api/app/Http/Middleware/ResolveDraftReport.php(26): Illuminate/Database/Eloquent/Model::__callStatic('find', Array)
#16 D:/caleb/api/safevoice-api/vendor/laravel/framework/src/Illuminate/Pipeline/Pipeline.php(219): App/Http/Middleware/ResolveDraftReport->handle(Object(Illuminate/Http/Request), Object(Closure))
#17 D:/caleb/api/safevoice-api/vendor/laravel/framework/src/Illuminate/Routing/Middleware/SubstituteBindings.php(50): Illuminate/Pipeline/Pipeline->Illuminate/Pipeline/{closure}(Object(Illuminate/Http/Request))
#18 D:/caleb/api/safevoice-api/vendor/laravel/framework/src/Illuminate/Pipeline/Pipeline.php(219): Illuminate/Routing/Middleware/SubstituteBindings->handle(Object(Illuminate/Http/Request), Object(Closure))
#19 D:/caleb/api/safevoice-api/app/Http/Middleware/SetLocale.php(36): Illuminate/Pipeline/Pipeline->Illuminate/Pipeline/{closure}(Object(Illuminate/Http/Request))
#20 D:/caleb/api/safevoice-api/vendor/laravel/framework/src/Illuminate/Pipeline/Pipeline.php(219): App/Http/Middleware/SetLocale->handle(Object(Illuminate/Http/Request), Object(Closure))
#21 D:/caleb/api/safevoice-api/vendor/laravel/framework/src/Illuminate/Pipeline/Pipeline.php(137): Illuminate/Pipeline/Pipeline->Illuminate/Pipeline/{closure}(Object(Illuminate/Http/Request))
#22 D:/caleb/api/safevoice-api/vendor/laravel/framework/src/Illuminate/Routing/Router.php(821): Illuminate/Pipeline/Pipeline->then(Object(Closure))
#23 D:/caleb/api/safevoice-api/vendor/laravel/framework/src/Illuminate/Routing/Router.php(800): Illuminate/Routing/Router->runRouteWithinStack(Object(Illuminate/Routing/Route), Object(Illuminate/Http/Request))
#24 D:/caleb/api/safevoice-api/vendor/laravel/framework/src/Illuminate/Routing/Router.php(764): Illuminate/Routing/Router->runRoute(Object(Illuminate/Http/Request), Object(Illuminate/Routing/Route))
#25 D:/caleb/api/safevoice-api/vendor/laravel/framework/src/Illuminate/Routing/Router.php(753): Illuminate/Routing/Router->dispatchToRoute(Object(Illuminate/Http/Request))
#26 D:/caleb/api/safevoice-api/vendor/laravel/framework/src/Illuminate/Foundation/Http/Kernel.php(200): Illuminate/Routing/Router->dispatch(Object(Illuminate/Http/Request))
#27 D:/caleb/api/safevoice-api/vendor/laravel/framework/src/Illuminate/Pipeline/Pipeline.php(180): Illuminate/Foundation/Http/Kernel->Illuminate/Foundation/Http/{closure}(Object(Illuminate/Http/Request))
#28 D:/caleb/api/safevoice-api/vendor/laravel/framework/src/Illuminate/Foundation/Http/Middleware/TransformsRequest.php(21): Illuminate/Pipeline/Pipeline->Illuminate/Pipeline/{closure}(Object(Illuminate/Http/Request))
#29 D:/caleb/api/safevoice-api/vendor/laravel/framework/src/Illuminate/Foundation/Http/Middleware/ConvertEmptyStringsToNull.php(31): Illuminate/Foundation/Http/Middleware/TransformsRequest->handle(Object(Illuminate/Http/Request), Object(Closure))
#30 D:/caleb/api/safevoice-api/vendor/laravel/framework/src/Illuminate/Pipeline/Pipeline.php(219): Illuminate/Foundation/Http/Middleware/ConvertEmptyStringsToNull->handle(Object(Illuminate/Http/Request), Object(Closure))
#31 D:/caleb/api/safevoice-api/vendor/laravel/framework/src/Illuminate/Foundation/Http/Middleware/TransformsRequest.php(21): Illuminate/Pipeline/Pipeline->Illuminate/Pipeline/{closure}(Object(Illuminate/Http/Request))
#32 D:/caleb/api/safevoice-api/vendor/laravel/framework/src/Illuminate/Foundation/Http/Middleware/TrimStrings.php(51): Illuminate/Foundation/Http/Middleware/TransformsRequest->handle(Object(Illuminate/Http/Request), Object(Closure))
#33 D:/caleb/api/safevoice-api/vendor/laravel/framework/src/Illuminate/Pipeline/Pipeline.php(219): Illuminate/Foundation/Http/Middleware/TrimStrings->handle(Object(Illuminate/Http/Request), Object(Closure))
#34 D:/caleb/api/safevoice-api/vendor/laravel/framework/src/Illuminate/Http/Middleware/ValidatePostSize.php(27): Illuminate/Pipeline/Pipeline->Illuminate/Pipeline/{closure}(Object(Illuminate/Http/Request))
#35 D:/caleb/api/safevoice-api/vendor/laravel/framework/src/Illuminate/Pipeline/Pipeline.php(219): Illuminate/Http/Middleware/ValidatePostSize->handle(Object(Illuminate/Http/Request), Object(Closure))
#36 D:/caleb/api/safevoice-api/vendor/laravel/framework/src/Illuminate/Foundation/Http/Middleware/PreventRequestsDuringMaintenance.php(109): Illuminate/Pipeline/Pipeline->Illuminate/Pipeline/{closure}(Object(Illuminate/Http/Request))
#37 D:/caleb/api/safevoice-api/vendor/laravel/framework/src/Illuminate/Pipeline/Pipeline.php(219): Illuminate/Foundation/Http/Middleware/PreventRequestsDuringMaintenance->handle(Object(Illuminate/Http/Request), Object(Closure))
#38 D:/caleb/api/safevoice-api/vendor/laravel/framework/src/Illuminate/Http/Middleware/HandleCors.php(74): Illuminate/Pipeline/Pipeline->Illuminate/Pipeline/{closure}(Object(Illuminate/Http/Request))
#39 D:/caleb/api/safevoice-api/vendor/laravel/framework/src/Illuminate/Pipeline/Pipeline.php(219): Illuminate/Http/Middleware/HandleCors->handle(Object(Illuminate/Http/Request), Object(Closure))
#40 D:/caleb/api/safevoice-api/vendor/laravel/framework/src/Illuminate/Http/Middleware/TrustProxies.php(58): Illuminate/Pipeline/Pipeline->Illuminate/Pipeline/{closure}(Object(Illuminate/Http/Request))
#41 D:/caleb/api/safevoice-api/vendor/laravel/framework/src/Illuminate/Pipeline/Pipeline.php(219): Illuminate/Http/Middleware/TrustProxies->handle(Object(Illuminate/Http/Request), Object(Closure))
#42 D:/caleb/api/safevoice-api/vendor/laravel/framework/src/Illuminate/Foundation/Http/Middleware/InvokeDeferredCallbacks.php(22): Illuminate/Pipeline/Pipeline->Illuminate/Pipeline/{closure}(Object(Illuminate/Http/Request))
#43 D:/caleb/api/safevoice-api/vendor/laravel/framework/src/Illuminate/Pipeline/Pipeline.php(219): Illuminate/Foundation/Http/Middleware/InvokeDeferredCallbacks->handle(Object(Illuminate/Http/Request), Object(Closure))
#44 D:/caleb/api/safevoice-api/vendor/laravel/framework/src/Illuminate/Http/Middleware/ValidatePathEncoding.php(26): Illuminate/Pipeline/Pipeline->Illuminate/Pipeline/{closure}(Object(Illuminate/Http/Request))
#45 D:/caleb/api/safevoice-api/vendor/laravel/framework/src/Illuminate/Pipeline/Pipeline.php(219): Illuminate/Http/Middleware/ValidatePathEncoding->handle(Object(Illuminate/Http/Request), Object(Closure))
#46 D:/caleb/api/safevoice-api/vendor/laravel/framework/src/Illuminate/Pipeline/Pipeline.php(137): Illuminate/Pipeline/Pipeline->Illuminate/Pipeline/{closure}(Object(Illuminate/Http/Request))
#47 D:/caleb/api/safevoice-api/vendor/laravel/framework/src/Illuminate/Foundation/Http/Kernel.php(175): Illuminate/Pipeline/Pipeline->then(Object(Closure))
#48 D:/caleb/api/safevoice-api/vendor/laravel/framework/src/Illuminate/Foundation/Http/Kernel.php(144): Illuminate/Foundation/Http/Kernel->sendRequestThroughRouter(Object(Illuminate/Http/Request))
#49 D:/caleb/api/safevoice-api/vendor/knuckleswtf/scribe/src/Extracting/Strategies/Responses/ResponseCalls.php(236): Illuminate/Foundation/Http/Kernel->handle(Object(Illuminate/Http/Request))
#50 D:/caleb/api/safevoice-api/vendor/knuckleswtf/scribe/src/Extracting/Strategies/Responses/ResponseCalls.php(229): Knuckles/Scribe/Extracting/Strategies/Responses/ResponseCalls->callLaravelRoute(Object(Illuminate/Http/Request))
#51 D:/caleb/api/safevoice-api/vendor/knuckleswtf/scribe/src/Extracting/Strategies/Responses/ResponseCalls.php(103): Knuckles/Scribe/Extracting/Strategies/Responses/ResponseCalls->makeApiCall(Object(Illuminate/Http/Request), Object(Illuminate/Routing/Route))
#52 D:/caleb/api/safevoice-api/vendor/knuckleswtf/scribe/src/Extracting/Strategies/Responses/ResponseCalls.php(39): Knuckles/Scribe/Extracting/Strategies/Responses/ResponseCalls->makeResponseCall(Object(Knuckles/Camel/Extraction/ExtractedEndpointData), Array)
#53 D:/caleb/api/safevoice-api/vendor/knuckleswtf/scribe/src/Extracting/Extractor.php(471): Knuckles/Scribe/Extracting/Strategies/Responses/ResponseCalls->__invoke(Object(Knuckles/Camel/Extraction/ExtractedEndpointData), Array)
#54 D:/caleb/api/safevoice-api/vendor/knuckleswtf/scribe/src/Extracting/Extractor.php(397): Knuckles/Scribe/Extracting/Extractor->iterateThroughStrategies('responses', Object(Knuckles/Camel/Extraction/ExtractedEndpointData), Array, Object(Closure))
#55 D:/caleb/api/safevoice-api/vendor/knuckleswtf/scribe/src/Extracting/Extractor.php(94): Knuckles/Scribe/Extracting/Extractor->fetchResponses(Object(Knuckles/Camel/Extraction/ExtractedEndpointData), Array)
#56 D:/caleb/api/safevoice-api/vendor/knuckleswtf/scribe/src/GroupedEndpoints/GroupedEndpointsFromApp.php(186): Knuckles/Scribe/Extracting/Extractor->processRoute(Object(Illuminate/Routing/Route), Array)
#57 D:/caleb/api/safevoice-api/vendor/laravel/framework/src/Illuminate/Console/View/Components/Task.php(41): Knuckles/Scribe/GroupedEndpoints/GroupedEndpointsFromApp->Knuckles/Scribe/GroupedEndpoints/{closure}()
#58 D:/caleb/api/safevoice-api/vendor/laravel/framework/src/Illuminate/Console/View/Components/Factory.php(59): Illuminate/Console/View/Components/Task->render('<options=bold>[...', Object(Closure))
#59 D:/caleb/api/safevoice-api/vendor/knuckleswtf/scribe/src/GroupedEndpoints/GroupedEndpointsFromApp.php(183): Illuminate/Console/View/Components/Factory->__call('task', Array)
#60 D:/caleb/api/safevoice-api/vendor/knuckleswtf/scribe/src/GroupedEndpoints/GroupedEndpointsFromApp.php(73): Knuckles/Scribe/GroupedEndpoints/GroupedEndpointsFromApp->extractEndpointsInfoFromLaravelApp(Array, Array, Array)
#61 D:/caleb/api/safevoice-api/vendor/knuckleswtf/scribe/src/GroupedEndpoints/GroupedEndpointsFromApp.php(51): Knuckles/Scribe/GroupedEndpoints/GroupedEndpointsFromApp->extractEndpointsInfoAndWriteToDisk(Object(Knuckles/Scribe/Matching/RouteMatcher), true)
#62 D:/caleb/api/safevoice-api/vendor/knuckleswtf/scribe/src/Commands/GenerateDocumentation.php(55): Knuckles/Scribe/GroupedEndpoints/GroupedEndpointsFromApp->get()
#63 D:/caleb/api/safevoice-api/vendor/laravel/framework/src/Illuminate/Container/BoundMethod.php(36): Knuckles/Scribe/Commands/GenerateDocumentation->handle(Object(Knuckles/Scribe/Matching/RouteMatcher), Object(Knuckles/Scribe/GroupedEndpoints/GroupedEndpointsFactory))
#64 D:/caleb/api/safevoice-api/vendor/laravel/framework/src/Illuminate/Container/Util.php(43): Illuminate/Container/BoundMethod::Illuminate/Container/{closure}()
#65 D:/caleb/api/safevoice-api/vendor/laravel/framework/src/Illuminate/Container/BoundMethod.php(96): Illuminate/Container/Util::unwrapIfClosure(Object(Closure))
#66 D:/caleb/api/safevoice-api/vendor/laravel/framework/src/Illuminate/Container/BoundMethod.php(35): Illuminate/Container/BoundMethod::callBoundMethod(Object(Illuminate/Foundation/Application), Array, Object(Closure))
#67 D:/caleb/api/safevoice-api/vendor/laravel/framework/src/Illuminate/Container/Container.php(799): Illuminate/Container/BoundMethod::call(Object(Illuminate/Foundation/Application), Array, Array, NULL)
#68 D:/caleb/api/safevoice-api/vendor/laravel/framework/src/Illuminate/Console/Command.php(211): Illuminate/Container/Container->call(Array)
#69 D:/caleb/api/safevoice-api/vendor/symfony/console/Command/Command.php(341): Illuminate/Console/Command->execute(Object(Symfony/Component/Console/Input/ArgvInput), Object(Illuminate/Console/OutputStyle))
#70 D:/caleb/api/safevoice-api/vendor/laravel/framework/src/Illuminate/Console/Command.php(180): Symfony/Component/Console/Command/Command->run(Object(Symfony/Component/Console/Input/ArgvInput), Object(Illuminate/Console/OutputStyle))
#71 D:/caleb/api/safevoice-api/vendor/symfony/console/Application.php(1117): Illuminate/Console/Command->run(Object(Symfony/Component/Console/Input/ArgvInput), Object(Symfony/Component/Console/Output/ConsoleOutput))
#72 D:/caleb/api/safevoice-api/vendor/symfony/console/Application.php(356): Symfony/Component/Console/Application->doRunCommand(Object(Knuckles/Scribe/Commands/GenerateDocumentation), Object(Symfony/Component/Console/Input/ArgvInput), Object(Symfony/Component/Console/Output/ConsoleOutput))
#73 D:/caleb/api/safevoice-api/vendor/symfony/console/Application.php(195): Symfony/Component/Console/Application->doRun(Object(Symfony/Component/Console/Input/ArgvInput), Object(Symfony/Component/Console/Output/ConsoleOutput))
#74 D:/caleb/api/safevoice-api/vendor/laravel/framework/src/Illuminate/Foundation/Console/Kernel.php(198): Symfony/Component/Console/Application->run(Object(Symfony/Component/Console/Input/ArgvInput), Object(Symfony/Component/Console/Output/ConsoleOutput))
#75 D:/caleb/api/safevoice-api/vendor/laravel/framework/src/Illuminate/Foundation/Application.php(1235): Illuminate/Foundation/Console/Kernel->handle(Object(Symfony/Component/Console/Input/ArgvInput), Object(Symfony/Component/Console/Output/ConsoleOutput))
#76 D:/caleb/api/safevoice-api/artisan(12): Illuminate/Foundation/Application->handleCommand(Object(Symfony/Component/Console/Input/ArgvInput))
#77 {main}
"} 
[2026-07-03 14:14:58] local.ERROR: App\Models\Cms\Page::translationForeignKey must return a relationship instance. {"exception":"[object] (LogicException(code: 0): App\\Models\\Cms\\Page::translationForeignKey must return a relationship instance. at D:/caleb/api/safevoice-api/vendor/laravel/framework/src/Illuminate/Database/Eloquent/Concerns/HasAttributes.php:632)
[stacktrace]
#0 D:/caleb/api/safevoice-api/vendor/laravel/framework/src/Illuminate/Database/Eloquent/Concerns/HasAttributes.php(575): Illuminate/Database/Eloquent/Model->getRelationshipFromMethod('translationFore...')
#1 D:/caleb/api/safevoice-api/vendor/laravel/framework/src/Illuminate/Database/Eloquent/Concerns/HasAttributes.php(494): Illuminate/Database/Eloquent/Model->getRelationValue('translationFore...')
#2 D:/caleb/api/safevoice-api/vendor/laravel/framework/src/Illuminate/Database/Eloquent/Model.php(2427): Illuminate/Database/Eloquent/Model->getAttribute('translationFore...')
#3 D:/caleb/api/safevoice-api/app/Traits/Translatable.php(84): Illuminate/Database/Eloquent/Model->__get('translationFore...')
#4 D:/caleb/api/safevoice-api/vendor/laravel/framework/src/Illuminate/Database/Eloquent/Concerns/HasAttributes.php(623): App/Models/Cms/Page->translationForeignKey()
#5 D:/caleb/api/safevoice-api/vendor/laravel/framework/src/Illuminate/Database/Eloquent/Concerns/HasAttributes.php(575): Illuminate/Database/Eloquent/Model->getRelationshipFromMethod('translationFore...')
#6 D:/caleb/api/safevoice-api/vendor/laravel/framework/src/Illuminate/Database/Eloquent/Concerns/HasAttributes.php(494): Illuminate/Database/Eloquent/Model->getRelationValue('translationFore...')
#7 D:/caleb/api/safevoice-api/vendor/laravel/framework/src/Illuminate/Database/Eloquent/Model.php(2455): Illuminate/Database/Eloquent/Model->getAttribute('translationFore...')
#8 D:/caleb/api/safevoice-api/vendor/laravel/framework/src/Illuminate/Database/Eloquent/Model.php(2508): Illuminate/Database/Eloquent/Model->offsetExists('translationFore...')
#9 D:/caleb/api/safevoice-api/app/Traits/Translatable.php(84): Illuminate/Database/Eloquent/Model->__isset('translationFore...')
#10 D:/caleb/api/safevoice-api/app/Traits/Translatable.php(29): App/Models/Cms/Page->translationForeignKey()
#11 D:/caleb/api/safevoice-api/vendor/laravel/framework/src/Illuminate/Database/Eloquent/Concerns/QueriesRelationships.php(1124): App/Models/Cms/Page->translations()
#12 D:/caleb/api/safevoice-api/vendor/laravel/framework/src/Illuminate/Database/Eloquent/Relations/Relation.php(119): Illuminate/Database/Eloquent/Builder->Illuminate/Database/Eloquent/Concerns/{closure}()
#13 D:/caleb/api/safevoice-api/vendor/laravel/framework/src/Illuminate/Database/Eloquent/Concerns/QueriesRelationships.php(1123): Illuminate/Database/Eloquent/Relations/Relation::noConstraints(Object(Closure))
#14 D:/caleb/api/safevoice-api/vendor/laravel/framework/src/Illuminate/Database/Eloquent/Concerns/QueriesRelationships.php(46): Illuminate/Database/Eloquent/Builder->getRelationWithoutConstraints('translations')
#15 D:/caleb/api/safevoice-api/vendor/laravel/framework/src/Illuminate/Database/Eloquent/Concerns/QueriesRelationships.php(205): Illuminate/Database/Eloquent/Builder->has('translations', '>=', 1, 'or', Object(Closure))
#16 D:/caleb/api/safevoice-api/app/Services/Cms/PageService.php(21): Illuminate/Database/Eloquent/Builder->orWhereHas('translations', Object(Closure))
#17 D:/caleb/api/safevoice-api/vendor/laravel/framework/src/Illuminate/Database/Eloquent/Builder.php(355): App/Services/Cms/PageService->App/Services/Cms/{closure}(Object(Illuminate/Database/Eloquent/Builder))
#18 D:/caleb/api/safevoice-api/app/Services/Cms/PageService.php(19): Illuminate/Database/Eloquent/Builder->where(Object(Closure))
#19 D:/caleb/api/safevoice-api/app/Http/Controllers/Api/V1/Cms/PageController.php(31): App/Services/Cms/PageService->publicBySlug('17')
#20 D:/caleb/api/safevoice-api/vendor/laravel/framework/src/Illuminate/Routing/ControllerDispatcher.php(46): App/Http/Controllers/Api/V1/Cms/PageController->showPublic('17')
#21 D:/caleb/api/safevoice-api/vendor/laravel/framework/src/Illuminate/Routing/Route.php(265): Illuminate/Routing/ControllerDispatcher->dispatch(Object(Illuminate/Routing/Route), Object(App/Http/Controllers/Api/V1/Cms/PageController), 'showPublic')
#22 D:/caleb/api/safevoice-api/vendor/laravel/framework/src/Illuminate/Routing/Route.php(211): Illuminate/Routing/Route->runController()
#23 D:/caleb/api/safevoice-api/vendor/laravel/framework/src/Illuminate/Routing/Router.php(822): Illuminate/Routing/Route->run()
#24 D:/caleb/api/safevoice-api/vendor/laravel/framework/src/Illuminate/Pipeline/Pipeline.php(180): Illuminate/Routing/Router->Illuminate/Routing/{closure}(Object(Illuminate/Http/Request))
#25 D:/caleb/api/safevoice-api/vendor/laravel/framework/src/Illuminate/Routing/Middleware/SubstituteBindings.php(50): Illuminate/Pipeline/Pipeline->Illuminate/Pipeline/{closure}(Object(Illuminate/Http/Request))
#26 D:/caleb/api/safevoice-api/vendor/laravel/framework/src/Illuminate/Pipeline/Pipeline.php(219): Illuminate/Routing/Middleware/SubstituteBindings->handle(Object(Illuminate/Http/Request), Object(Closure))
#27 D:/caleb/api/safevoice-api/app/Http/Middleware/SetLocale.php(36): Illuminate/Pipeline/Pipeline->Illuminate/Pipeline/{closure}(Object(Illuminate/Http/Request))
#28 D:/caleb/api/safevoice-api/vendor/laravel/framework/src/Illuminate/Pipeline/Pipeline.php(219): App/Http/Middleware/SetLocale->handle(Object(Illuminate/Http/Request), Object(Closure))
#29 D:/caleb/api/safevoice-api/vendor/laravel/framework/src/Illuminate/Pipeline/Pipeline.php(137): Illuminate/Pipeline/Pipeline->Illuminate/Pipeline/{closure}(Object(Illuminate/Http/Request))
#30 D:/caleb/api/safevoice-api/vendor/laravel/framework/src/Illuminate/Routing/Router.php(821): Illuminate/Pipeline/Pipeline->then(Object(Closure))
#31 D:/caleb/api/safevoice-api/vendor/laravel/framework/src/Illuminate/Routing/Router.php(800): Illuminate/Routing/Router->runRouteWithinStack(Object(Illuminate/Routing/Route), Object(Illuminate/Http/Request))
#32 D:/caleb/api/safevoice-api/vendor/laravel/framework/src/Illuminate/Routing/Router.php(764): Illuminate/Routing/Router->runRoute(Object(Illuminate/Http/Request), Object(Illuminate/Routing/Route))
#33 D:/caleb/api/safevoice-api/vendor/laravel/framework/src/Illuminate/Routing/Router.php(753): Illuminate/Routing/Router->dispatchToRoute(Object(Illuminate/Http/Request))
#34 D:/caleb/api/safevoice-api/vendor/laravel/framework/src/Illuminate/Foundation/Http/Kernel.php(200): Illuminate/Routing/Router->dispatch(Object(Illuminate/Http/Request))
#35 D:/caleb/api/safevoice-api/vendor/laravel/framework/src/Illuminate/Pipeline/Pipeline.php(180): Illuminate/Foundation/Http/Kernel->Illuminate/Foundation/Http/{closure}(Object(Illuminate/Http/Request))
#36 D:/caleb/api/safevoice-api/vendor/laravel/framework/src/Illuminate/Foundation/Http/Middleware/TransformsRequest.php(21): Illuminate/Pipeline/Pipeline->Illuminate/Pipeline/{closure}(Object(Illuminate/Http/Request))
#37 D:/caleb/api/safevoice-api/vendor/laravel/framework/src/Illuminate/Foundation/Http/Middleware/ConvertEmptyStringsToNull.php(31): Illuminate/Foundation/Http/Middleware/TransformsRequest->handle(Object(Illuminate/Http/Request), Object(Closure))
#38 D:/caleb/api/safevoice-api/vendor/laravel/framework/src/Illuminate/Pipeline/Pipeline.php(219): Illuminate/Foundation/Http/Middleware/ConvertEmptyStringsToNull->handle(Object(Illuminate/Http/Request), Object(Closure))
#39 D:/caleb/api/safevoice-api/vendor/laravel/framework/src/Illuminate/Foundation/Http/Middleware/TransformsRequest.php(21): Illuminate/Pipeline/Pipeline->Illuminate/Pipeline/{closure}(Object(Illuminate/Http/Request))
#40 D:/caleb/api/safevoice-api/vendor/laravel/framework/src/Illuminate/Foundation/Http/Middleware/TrimStrings.php(51): Illuminate/Foundation/Http/Middleware/TransformsRequest->handle(Object(Illuminate/Http/Request), Object(Closure))
#41 D:/caleb/api/safevoice-api/vendor/laravel/framework/src/Illuminate/Pipeline/Pipeline.php(219): Illuminate/Foundation/Http/Middleware/TrimStrings->handle(Object(Illuminate/Http/Request), Object(Closure))
#42 D:/caleb/api/safevoice-api/vendor/laravel/framework/src/Illuminate/Http/Middleware/ValidatePostSize.php(27): Illuminate/Pipeline/Pipeline->Illuminate/Pipeline/{closure}(Object(Illuminate/Http/Request))
#43 D:/caleb/api/safevoice-api/vendor/laravel/framework/src/Illuminate/Pipeline/Pipeline.php(219): Illuminate/Http/Middleware/ValidatePostSize->handle(Object(Illuminate/Http/Request), Object(Closure))
#44 D:/caleb/api/safevoice-api/vendor/laravel/framework/src/Illuminate/Foundation/Http/Middleware/PreventRequestsDuringMaintenance.php(109): Illuminate/Pipeline/Pipeline->Illuminate/Pipeline/{closure}(Object(Illuminate/Http/Request))
#45 D:/caleb/api/safevoice-api/vendor/laravel/framework/src/Illuminate/Pipeline/Pipeline.php(219): Illuminate/Foundation/Http/Middleware/PreventRequestsDuringMaintenance->handle(Object(Illuminate/Http/Request), Object(Closure))
#46 D:/caleb/api/safevoice-api/vendor/laravel/framework/src/Illuminate/Http/Middleware/HandleCors.php(74): Illuminate/Pipeline/Pipeline->Illuminate/Pipeline/{closure}(Object(Illuminate/Http/Request))
#47 D:/caleb/api/safevoice-api/vendor/laravel/framework/src/Illuminate/Pipeline/Pipeline.php(219): Illuminate/Http/Middleware/HandleCors->handle(Object(Illuminate/Http/Request), Object(Closure))
#48 D:/caleb/api/safevoice-api/vendor/laravel/framework/src/Illuminate/Http/Middleware/TrustProxies.php(58): Illuminate/Pipeline/Pipeline->Illuminate/Pipeline/{closure}(Object(Illuminate/Http/Request))
#49 D:/caleb/api/safevoice-api/vendor/laravel/framework/src/Illuminate/Pipeline/Pipeline.php(219): Illuminate/Http/Middleware/TrustProxies->handle(Object(Illuminate/Http/Request), Object(Closure))
#50 D:/caleb/api/safevoice-api/vendor/laravel/framework/src/Illuminate/Foundation/Http/Middleware/InvokeDeferredCallbacks.php(22): Illuminate/Pipeline/Pipeline->Illuminate/Pipeline/{closure}(Object(Illuminate/Http/Request))
#51 D:/caleb/api/safevoice-api/vendor/laravel/framework/src/Illuminate/Pipeline/Pipeline.php(219): Illuminate/Foundation/Http/Middleware/InvokeDeferredCallbacks->handle(Object(Illuminate/Http/Request), Object(Closure))
#52 D:/caleb/api/safevoice-api/vendor/laravel/framework/src/Illuminate/Http/Middleware/ValidatePathEncoding.php(26): Illuminate/Pipeline/Pipeline->Illuminate/Pipeline/{closure}(Object(Illuminate/Http/Request))
#53 D:/caleb/api/safevoice-api/vendor/laravel/framework/src/Illuminate/Pipeline/Pipeline.php(219): Illuminate/Http/Middleware/ValidatePathEncoding->handle(Object(Illuminate/Http/Request), Object(Closure))
#54 D:/caleb/api/safevoice-api/vendor/laravel/framework/src/Illuminate/Pipeline/Pipeline.php(137): Illuminate/Pipeline/Pipeline->Illuminate/Pipeline/{closure}(Object(Illuminate/Http/Request))
#55 D:/caleb/api/safevoice-api/vendor/laravel/framework/src/Illuminate/Foundation/Http/Kernel.php(175): Illuminate/Pipeline/Pipeline->then(Object(Closure))
#56 D:/caleb/api/safevoice-api/vendor/laravel/framework/src/Illuminate/Foundation/Http/Kernel.php(144): Illuminate/Foundation/Http/Kernel->sendRequestThroughRouter(Object(Illuminate/Http/Request))
#57 D:/caleb/api/safevoice-api/vendor/knuckleswtf/scribe/src/Extracting/Strategies/Responses/ResponseCalls.php(236): Illuminate/Foundation/Http/Kernel->handle(Object(Illuminate/Http/Request))
#58 D:/caleb/api/safevoice-api/vendor/knuckleswtf/scribe/src/Extracting/Strategies/Responses/ResponseCalls.php(229): Knuckles/Scribe/Extracting/Strategies/Responses/ResponseCalls->callLaravelRoute(Object(Illuminate/Http/Request))
#59 D:/caleb/api/safevoice-api/vendor/knuckleswtf/scribe/src/Extracting/Strategies/Responses/ResponseCalls.php(103): Knuckles/Scribe/Extracting/Strategies/Responses/ResponseCalls->makeApiCall(Object(Illuminate/Http/Request), Object(Illuminate/Routing/Route))
#60 D:/caleb/api/safevoice-api/vendor/knuckleswtf/scribe/src/Extracting/Strategies/Responses/ResponseCalls.php(39): Knuckles/Scribe/Extracting/Strategies/Responses/ResponseCalls->makeResponseCall(Object(Knuckles/Camel/Extraction/ExtractedEndpointData), Array)
#61 D:/caleb/api/safevoice-api/vendor/knuckleswtf/scribe/src/Extracting/Extractor.php(471): Knuckles/Scribe/Extracting/Strategies/Responses/ResponseCalls->__invoke(Object(Knuckles/Camel/Extraction/ExtractedEndpointData), Array)
#62 D:/caleb/api/safevoice-api/vendor/knuckleswtf/scribe/src/Extracting/Extractor.php(397): Knuckles/Scribe/Extracting/Extractor->iterateThroughStrategies('responses', Object(Knuckles/Camel/Extraction/ExtractedEndpointData), Array, Object(Closure))
#63 D:/caleb/api/safevoice-api/vendor/knuckleswtf/scribe/src/Extracting/Extractor.php(94): Knuckles/Scribe/Extracting/Extractor->fetchResponses(Object(Knuckles/Camel/Extraction/ExtractedEndpointData), Array)
#64 D:/caleb/api/safevoice-api/vendor/knuckleswtf/scribe/src/GroupedEndpoints/GroupedEndpointsFromApp.php(186): Knuckles/Scribe/Extracting/Extractor->processRoute(Object(Illuminate/Routing/Route), Array)
#65 D:/caleb/api/safevoice-api/vendor/laravel/framework/src/Illuminate/Console/View/Components/Task.php(41): Knuckles/Scribe/GroupedEndpoints/GroupedEndpointsFromApp->Knuckles/Scribe/GroupedEndpoints/{closure}()
#66 D:/caleb/api/safevoice-api/vendor/laravel/framework/src/Illuminate/Console/View/Components/Factory.php(59): Illuminate/Console/View/Components/Task->render('<options=bold>[...', Object(Closure))
#67 D:/caleb/api/safevoice-api/vendor/knuckleswtf/scribe/src/GroupedEndpoints/GroupedEndpointsFromApp.php(183): Illuminate/Console/View/Components/Factory->__call('task', Array)
#68 D:/caleb/api/safevoice-api/vendor/knuckleswtf/scribe/src/GroupedEndpoints/GroupedEndpointsFromApp.php(73): Knuckles/Scribe/GroupedEndpoints/GroupedEndpointsFromApp->extractEndpointsInfoFromLaravelApp(Array, Array, Array)
#69 D:/caleb/api/safevoice-api/vendor/knuckleswtf/scribe/src/GroupedEndpoints/GroupedEndpointsFromApp.php(51): Knuckles/Scribe/GroupedEndpoints/GroupedEndpointsFromApp->extractEndpointsInfoAndWriteToDisk(Object(Knuckles/Scribe/Matching/RouteMatcher), true)
#70 D:/caleb/api/safevoice-api/vendor/knuckleswtf/scribe/src/Commands/GenerateDocumentation.php(55): Knuckles/Scribe/GroupedEndpoints/GroupedEndpointsFromApp->get()
#71 D:/caleb/api/safevoice-api/vendor/laravel/framework/src/Illuminate/Container/BoundMethod.php(36): Knuckles/Scribe/Commands/GenerateDocumentation->handle(Object(Knuckles/Scribe/Matching/RouteMatcher), Object(Knuckles/Scribe/GroupedEndpoints/GroupedEndpointsFactory))
#72 D:/caleb/api/safevoice-api/vendor/laravel/framework/src/Illuminate/Container/Util.php(43): Illuminate/Container/BoundMethod::Illuminate/Container/{closure}()
#73 D:/caleb/api/safevoice-api/vendor/laravel/framework/src/Illuminate/Container/BoundMethod.php(96): Illuminate/Container/Util::unwrapIfClosure(Object(Closure))
#74 D:/caleb/api/safevoice-api/vendor/laravel/framework/src/Illuminate/Container/BoundMethod.php(35): Illuminate/Container/BoundMethod::callBoundMethod(Object(Illuminate/Foundation/Application), Array, Object(Closure))
#75 D:/caleb/api/safevoice-api/vendor/laravel/framework/src/Illuminate/Container/Container.php(799): Illuminate/Container/BoundMethod::call(Object(Illuminate/Foundation/Application), Array, Array, NULL)
#76 D:/caleb/api/safevoice-api/vendor/laravel/framework/src/Illuminate/Console/Command.php(211): Illuminate/Container/Container->call(Array)
#77 D:/caleb/api/safevoice-api/vendor/symfony/console/Command/Command.php(341): Illuminate/Console/Command->execute(Object(Symfony/Component/Console/Input/ArgvInput), Object(Illuminate/Console/OutputStyle))
#78 D:/caleb/api/safevoice-api/vendor/laravel/framework/src/Illuminate/Console/Command.php(180): Symfony/Component/Console/Command/Command->run(Object(Symfony/Component/Console/Input/ArgvInput), Object(Illuminate/Console/OutputStyle))
#79 D:/caleb/api/safevoice-api/vendor/symfony/console/Application.php(1117): Illuminate/Console/Command->run(Object(Symfony/Component/Console/Input/ArgvInput), Object(Symfony/Component/Console/Output/ConsoleOutput))
#80 D:/caleb/api/safevoice-api/vendor/symfony/console/Application.php(356): Symfony/Component/Console/Application->doRunCommand(Object(Knuckles/Scribe/Commands/GenerateDocumentation), Object(Symfony/Component/Console/Input/ArgvInput), Object(Symfony/Component/Console/Output/ConsoleOutput))
#81 D:/caleb/api/safevoice-api/vendor/symfony/console/Application.php(195): Symfony/Component/Console/Application->doRun(Object(Symfony/Component/Console/Input/ArgvInput), Object(Symfony/Component/Console/Output/ConsoleOutput))
#82 D:/caleb/api/safevoice-api/vendor/laravel/framework/src/Illuminate/Foundation/Console/Kernel.php(198): Symfony/Component/Console/Application->run(Object(Symfony/Component/Console/Input/ArgvInput), Object(Symfony/Component/Console/Output/ConsoleOutput))
#83 D:/caleb/api/safevoice-api/vendor/laravel/framework/src/Illuminate/Foundation/Application.php(1235): Illuminate/Foundation/Console/Kernel->handle(Object(Symfony/Component/Console/Input/ArgvInput), Object(Symfony/Component/Console/Output/ConsoleOutput))
#84 D:/caleb/api/safevoice-api/artisan(12): Illuminate/Foundation/Application->handleCommand(Object(Symfony/Component/Console/Input/ArgvInput))
#85 {main}
"} 
[2026-07-03 14:22:20] local.ERROR: Class "App\Providers\Scramble" not found {"exception":"[object] (Error(code: 0): Class \"App\\Providers\\Scramble\" not found at D:/caleb/api/safevoice-api/app/Providers/AppServiceProvider.php:21)
[stacktrace]
#0 D:/caleb/api/safevoice-api/vendor/laravel/framework/src/Illuminate/Container/BoundMethod.php(36): App/Providers/AppServiceProvider->boot()
#1 D:/caleb/api/safevoice-api/vendor/laravel/framework/src/Illuminate/Container/Util.php(43): Illuminate/Container/BoundMethod::Illuminate/Container/{closure}()
#2 D:/caleb/api/safevoice-api/vendor/laravel/framework/src/Illuminate/Container/BoundMethod.php(96): Illuminate/Container/Util::unwrapIfClosure(Object(Closure))
#3 D:/caleb/api/safevoice-api/vendor/laravel/framework/src/Illuminate/Container/BoundMethod.php(35): Illuminate/Container/BoundMethod::callBoundMethod(Object(Illuminate/Foundation/Application), Array, Object(Closure))
#4 D:/caleb/api/safevoice-api/vendor/laravel/framework/src/Illuminate/Container/Container.php(799): Illuminate/Container/BoundMethod::call(Object(Illuminate/Foundation/Application), Array, Array, NULL)
#5 D:/caleb/api/safevoice-api/vendor/laravel/framework/src/Illuminate/Foundation/Application.php(1151): Illuminate/Container/Container->call(Array)
#6 D:/caleb/api/safevoice-api/vendor/laravel/framework/src/Illuminate/Foundation/Application.php(1132): Illuminate/Foundation/Application->bootProvider(Object(App/Providers/AppServiceProvider))
#7 [internal function]: Illuminate/Foundation/Application->Illuminate/Foundation/{closure}(Object(App/Providers/AppServiceProvider), 'App//Providers//A...')
#8 D:/caleb/api/safevoice-api/vendor/laravel/framework/src/Illuminate/Foundation/Application.php(1131): array_walk(Array, Object(Closure))
#9 D:/caleb/api/safevoice-api/vendor/laravel/framework/src/Illuminate/Foundation/Bootstrap/BootProviders.php(17): Illuminate/Foundation/Application->boot()
#10 D:/caleb/api/safevoice-api/vendor/laravel/framework/src/Illuminate/Foundation/Application.php(342): Illuminate/Foundation/Bootstrap/BootProviders->bootstrap(Object(Illuminate/Foundation/Application))
#11 D:/caleb/api/safevoice-api/vendor/laravel/framework/src/Illuminate/Foundation/Console/Kernel.php(494): Illuminate/Foundation/Application->bootstrapWith(Array)
#12 D:/caleb/api/safevoice-api/vendor/laravel/framework/src/Illuminate/Foundation/Console/Kernel.php(196): Illuminate/Foundation/Console/Kernel->bootstrap()
#13 D:/caleb/api/safevoice-api/vendor/laravel/framework/src/Illuminate/Foundation/Application.php(1235): Illuminate/Foundation/Console/Kernel->handle(Object(Symfony/Component/Console/Input/ArgvInput), Object(Symfony/Component/Console/Output/ConsoleOutput))
#14 D:/caleb/api/safevoice-api/artisan(12): Illuminate/Foundation/Application->handleCommand(Object(Symfony/Component/Console/Input/ArgvInput))
#15 {main}
"} 
[2026-07-03 14:22:28] local.ERROR: There are no commands defined in the "ide-helper" namespace. {"exception":"[object] (Symfony\\Component\\Console\\Exception\\NamespaceNotFoundException(code: 0): There are no commands defined in the \"ide-helper\" namespace. at D:/caleb/api/safevoice-api/vendor/symfony/console/Application.php:694)
[stacktrace]
#0 D:/caleb/api/safevoice-api/vendor/symfony/console/Application.php(743): Symfony/Component/Console/Application->findNamespace('ide-helper')
#1 D:/caleb/api/safevoice-api/vendor/symfony/console/Application.php(298): Symfony/Component/Console/Application->find('ide-helper:gene...')
#2 D:/caleb/api/safevoice-api/vendor/symfony/console/Application.php(195): Symfony/Component/Console/Application->doRun(Object(Symfony/Component/Console/Input/ArgvInput), Object(Symfony/Component/Console/Output/ConsoleOutput))
#3 D:/caleb/api/safevoice-api/vendor/laravel/framework/src/Illuminate/Foundation/Console/Kernel.php(198): Symfony/Component/Console/Application->run(Object(Symfony/Component/Console/Input/ArgvInput), Object(Symfony/Component/Console/Output/ConsoleOutput))
#4 D:/caleb/api/safevoice-api/vendor/laravel/framework/src/Illuminate/Foundation/Application.php(1235): Illuminate/Foundation/Console/Kernel->handle(Object(Symfony/Component/Console/Input/ArgvInput), Object(Symfony/Component/Console/Output/ConsoleOutput))
#5 D:/caleb/api/safevoice-api/artisan(12): Illuminate/Foundation/Application->handleCommand(Object(Symfony/Component/Console/Input/ArgvInput))
#6 {main}
"} 
[2026-07-03 14:22:42] local.ERROR: There are no commands defined in the "ide-helper" namespace. {"exception":"[object] (Symfony\\Component\\Console\\Exception\\NamespaceNotFoundException(code: 0): There are no commands defined in the \"ide-helper\" namespace. at D:/caleb/api/safevoice-api/vendor/symfony/console/Application.php:694)
[stacktrace]
#0 D:/caleb/api/safevoice-api/vendor/symfony/console/Application.php(743): Symfony/Component/Console/Application->findNamespace('ide-helper')
#1 D:/caleb/api/safevoice-api/vendor/symfony/console/Application.php(298): Symfony/Component/Console/Application->find('ide-helper:gene...')
#2 D:/caleb/api/safevoice-api/vendor/symfony/console/Application.php(195): Symfony/Component/Console/Application->doRun(Object(Symfony/Component/Console/Input/ArgvInput), Object(Symfony/Component/Console/Output/ConsoleOutput))
#3 D:/caleb/api/safevoice-api/vendor/laravel/framework/src/Illuminate/Foundation/Console/Kernel.php(198): Symfony/Component/Console/Application->run(Object(Symfony/Component/Console/Input/ArgvInput), Object(Symfony/Component/Console/Output/ConsoleOutput))
#4 D:/caleb/api/safevoice-api/vendor/laravel/framework/src/Illuminate/Foundation/Application.php(1235): Illuminate/Foundation/Console/Kernel->handle(Object(Symfony/Component/Console/Input/ArgvInput), Object(Symfony/Component/Console/Output/ConsoleOutput))
#5 D:/caleb/api/safevoice-api/artisan(12): Illuminate/Foundation/Application->handleCommand(Object(Symfony/Component/Console/Input/ArgvInput))
#6 {main}
"} 
[2026-07-03 14:28:41] local.ERROR: There are no commands defined in the "ide-helper" namespace. {"exception":"[object] (Symfony\\Component\\Console\\Exception\\NamespaceNotFoundException(code: 0): There are no commands defined in the \"ide-helper\" namespace. at D:/caleb/api/safevoice-api/vendor/symfony/console/Application.php:694)
[stacktrace]
#0 D:/caleb/api/safevoice-api/vendor/symfony/console/Application.php(743): Symfony/Component/Console/Application->findNamespace('ide-helper')
#1 D:/caleb/api/safevoice-api/vendor/symfony/console/Application.php(298): Symfony/Component/Console/Application->find('ide-helper:gene...')
#2 D:/caleb/api/safevoice-api/vendor/symfony/console/Application.php(195): Symfony/Component/Console/Application->doRun(Object(Symfony/Component/Console/Input/ArgvInput), Object(Symfony/Component/Console/Output/ConsoleOutput))
#3 D:/caleb/api/safevoice-api/vendor/laravel/framework/src/Illuminate/Foundation/Console/Kernel.php(198): Symfony/Component/Console/Application->run(Object(Symfony/Component/Console/Input/ArgvInput), Object(Symfony/Component/Console/Output/ConsoleOutput))
#4 D:/caleb/api/safevoice-api/vendor/laravel/framework/src/Illuminate/Foundation/Application.php(1235): Illuminate/Foundation/Console/Kernel->handle(Object(Symfony/Component/Console/Input/ArgvInput), Object(Symfony/Component/Console/Output/ConsoleOutput))
#5 D:/caleb/api/safevoice-api/artisan(12): Illuminate/Foundation/Application->handleCommand(Object(Symfony/Component/Console/Input/ArgvInput))
#6 {main}
"} 
[2026-07-03 14:28:43] local.ERROR: There are no commands defined in the "ide-helper" namespace. {"exception":"[object] (Symfony\\Component\\Console\\Exception\\NamespaceNotFoundException(code: 0): There are no commands defined in the \"ide-helper\" namespace. at D:/caleb/api/safevoice-api/vendor/symfony/console/Application.php:694)
[stacktrace]
#0 D:/caleb/api/safevoice-api/vendor/symfony/console/Application.php(743): Symfony/Component/Console/Application->findNamespace('ide-helper')
#1 D:/caleb/api/safevoice-api/vendor/symfony/console/Application.php(298): Symfony/Component/Console/Application->find('ide-helper:gene...')
#2 D:/caleb/api/safevoice-api/vendor/symfony/console/Application.php(195): Symfony/Component/Console/Application->doRun(Object(Symfony/Component/Console/Input/ArgvInput), Object(Symfony/Component/Console/Output/ConsoleOutput))
#3 D:/caleb/api/safevoice-api/vendor/laravel/framework/src/Illuminate/Foundation/Console/Kernel.php(198): Symfony/Component/Console/Application->run(Object(Symfony/Component/Console/Input/ArgvInput), Object(Symfony/Component/Console/Output/ConsoleOutput))
#4 D:/caleb/api/safevoice-api/vendor/laravel/framework/src/Illuminate/Foundation/Application.php(1235): Illuminate/Foundation/Console/Kernel->handle(Object(Symfony/Component/Console/Input/ArgvInput), Object(Symfony/Component/Console/Output/ConsoleOutput))
#5 D:/caleb/api/safevoice-api/artisan(12): Illuminate/Foundation/Application->handleCommand(Object(Symfony/Component/Console/Input/ArgvInput))
#6 {main}
"} 
